<?xml version="1.0" encoding="utf-8"?>
<COLLADA xmlns="http://www.collada.org/2005/11/COLLADASchema" version="1.4.1">
  <asset>
    <contributor><authoring_tool>generated from USGS Des Plaines River bathymetry XYZ</authoring_tool></contributor>
    <unit name="meter" meter="1"/>
    <up_axis>Z_UP</up_axis>
  </asset>
  <library_effects>
    <effect id="seabed_effect"><profile_COMMON><technique sid="common"><lambert><diffuse><color>0.55 0.55 0.55 1</color></diffuse></lambert></technique></profile_COMMON></effect>
  </library_effects>
  <library_materials>
    <material id="seabed_material" name="seabed_material"><instance_effect url="#seabed_effect"/></material>
  </library_materials>
  <library_geometries>
    <geometry id="seabed_mesh" name="DesPlainesRiverSeabed">
      <mesh>
        <source id="seabed_positions">
          <float_array id="seabed_positions_array" count="16749">-49.5300 -29.7180 -1.4907 -52.5780 -26.6700 -1.3688 -54.1020 -25.1460 -1.2865 -51.0540 -26.6700 -1.5944 -52.5780 -25.1460 -1.4694 -51.0540 -28.1940 -1.4267 -51.0540 -25.1460 -1.7772 -49.5300 -31.2420 -1.4267 -48.0060 -31.2420 -1.5304 -49.5300 -26.6700 -1.9327 -49.5300 -28.1940 -1.6553 -48.0060 -28.1940 -1.8412 -48.0060 -26.6700 -2.0577 -48.0060 -25.1460 -2.1460 -48.0060 -29.7180 -1.6675 -49.5300 -25.1460 -2.0180 -55.6260 -23.6220 -1.3078 -54.1020 -23.6220 -1.4237 -55.6260 -22.0980 -1.4328 -55.6260 -20.5740 -1.5121 -57.1500 -22.0980 -1.3322 -57.1500 -20.5740 -1.3901 -52.5780 -23.6220 -1.6066 -51.0540 -23.6220 -1.8504 -48.0060 -22.0980 -2.1003 -49.5300 -23.6220 -2.0668 -49.5300 -22.0980 -2.0790 -52.5780 -22.0980 -1.7224 -54.1020 -20.5740 -1.6462 -49.5300 -20.5740 -2.0668 -52.5780 -20.5740 -1.8077 -51.0540 -22.0980 -1.9388 -48.0060 -23.6220 -2.1278 -54.1020 -22.0980 -1.5517 -51.0540 -20.5740 -2.0028 -44.9580 -35.8140 -1.6767 -48.0060 -32.7660 -1.4359 -46.4820 -32.7660 -1.6767 -46.4820 -34.2900 -1.5761 -46.4820 -31.2420 -1.7986 -44.9580 -32.7660 -1.8565 -44.9580 -31.2420 -1.9906 -44.9580 -34.2900 -1.6980 -43.4340 -34.2900 -1.8382 -43.4340 -35.8140 -1.7041 -41.9100 -37.3380 -1.7132 -41.9100 -35.8140 -1.8382 -41.9100 -38.8620 -1.6492 -43.4340 -32.7660 -1.9754 -41.9100 -32.7660 -2.1125 -43.4340 -31.2420 -2.0942 -41.9100 -34.2900 -1.9876 -43.4340 -37.3380 -1.6340 -41.9100 -31.2420 -2.2253 -46.4820 -28.1940 -2.0363 -44.9580 -29.7180 -2.0881 -46.4820 -26.6700 -2.1460 -44.9580 -28.1940 -2.1613 -44.9580 -25.1460 -2.2162 -46.4820 -29.7180 -1.9205 -46.4820 -23.6220 -2.1582 -46.4820 -25.1460 -2.1674 -46.4820 -22.0980 -2.1521 -44.9580 -23.6220 -2.2192 -44.9580 -26.6700 -2.2101 -43.4340 -28.1940 -2.2497 -43.4340 -26.6700 -2.2771 -43.4340 -25.1460 -2.2863 -41.9100 -26.6700 -2.3686 -43.4340 -29.7180 -2.1979 -44.9580 -22.0980 -2.2344 -43.4340 -22.0980 -2.3259 -43.4340 -23.6220 -2.2863 -41.9100 -20.5740 -2.4508 -41.9100 -25.1460 -2.3655 -44.9580 -20.5740 -2.2863 -41.9100 -22.0980 -2.4051 -43.4340 -20.5740 -2.3807 -60.1980 -17.5260 -1.3353 -60.1980 -16.0020 -1.3749 -61.7220 -16.0020 -1.3261 -58.6740 -19.0500 -1.3414 -57.1500 -19.0500 -1.4481 -54.1020 -19.0500 -1.7254 -54.1020 -17.5260 -1.8169 -55.6260 -19.0500 -1.6126 -55.6260 -17.5260 -1.6370 -58.6740 -16.0020 -1.4663 -57.1500 -16.0020 -1.5273 -55.6260 -16.0020 -1.6828 -57.1500 -17.5260 -1.5151 -54.1020 -14.4780 -1.9357 -58.6740 -17.5260 -1.4084 -63.2460 -14.4780 -1.3292 -61.7220 -12.9540 -1.4481 -61.7220 -11.4300 -1.5090 -63.2460 -11.4300 -1.4450 -60.1980 -14.4780 -1.4450 -58.6740 -14.4780 -1.5060 -57.1500 -14.4780 -1.6035 -57.1500 -12.9540 -1.6675 -61.7220 -14.4780 -1.3688 -55.6260 -14.4780 -1.7833 -60.1980 -11.4300 -1.5425 -60.1980 -12.9540 -1.4938 -58.6740 -11.4300 -1.6187 -55.6260 -12.9540 -1.8352 -55.6260 -11.4300 -1.7986 -58.6740 -12.9540 -1.5608 -54.1020 -12.9540 -1.9540 -57.1500 -11.4300 -1.6980 -51.0540 -19.0500 -2.0698 -48.0060 -19.0500 -2.1491 -48.0060 -17.5260 -2.2131 -49.5300 -19.0500 -2.1125 -52.5780 -17.5260 -1.9997 -54.1020 -16.0020 -1.8839 -52.5780 -16.0020 -2.0790 -51.0540 -17.5260 -2.1552 -49.5300 -16.0020 -2.2192 -49.5300 -17.5260 -2.1491 -51.0540 -16.0020 -2.1460 -52.5780 -19.0500 -1.9083 -44.9580 -19.0500 -2.3899 -43.4340 -19.0500 -2.4813 -41.9100 -19.0500 -2.5149 -41.9100 -17.5260 -2.6734 -43.4340 -17.5260 -2.5819 -46.4820 -17.5260 -2.3381 -46.4820 -16.0020 -2.4905 -44.9580 -16.0020 -2.5636 -43.4340 -16.0020 -2.6551 -44.9580 -17.5260 -2.4996 -46.4820 -19.0500 -2.2436 -48.0060 -20.5740 -2.1034 -52.5780 -14.4780 -2.1064 -49.5300 -14.4780 -2.2954 -48.0060 -14.4780 -2.5240 -51.0540 -14.4780 -2.1796 -49.5300 -12.9540 -2.4021 -52.5780 -11.4300 -2.0790 -52.5780 -12.9540 -2.0973 -49.5300 -11.4300 -2.5057 -51.0540 -12.9540 -2.1918 -51.0540 -11.4300 -2.2497 -48.0060 -16.0020 -2.3320 -48.0060 -12.9540 -2.6124 -43.4340 -14.4780 -2.6947 -44.9580 -14.4780 -2.6276 -41.9100 -14.4780 -2.8349 -46.4820 -14.4780 -2.6093 -43.4340 -12.9540 -2.7404 -48.0060 -11.4300 -2.7313 -46.4820 -11.4300 -2.7922 -44.9580 -12.9540 -2.7038 -44.9580 -11.4300 -2.7770 -43.4340 -11.4300 -2.8136 -46.4820 -12.9540 -2.7221 -41.9100 -12.9540 -2.8562 -41.9100 -16.0020 -2.7800 -46.4820 -20.5740 -2.1765 -54.1020 -11.4300 -1.9449 -37.3380 -41.9100 -1.8412 -35.8140 -43.4340 -1.8931 -35.8140 -41.9100 -1.9632 -35.8140 -44.9580 -1.8565 -34.2900 -40.3860 -2.4387 -35.8140 -40.3860 -2.1460 -37.3380 -40.3860 -1.9479 -40.3860 -38.8620 -1.7803 -40.3860 -37.3380 -1.8473 -38.8620 -37.3380 -2.0485 -38.8620 -35.8140 -2.2070 -38.8620 -40.3860 -1.8352 -40.3860 -32.7660 -2.2680 -40.3860 -35.8140 -2.0058 -40.3860 -34.2900 -2.1400 -38.8620 -34.2900 -2.3228 -38.8620 -32.7660 -2.3899 -38.8620 -38.8620 -1.9053 -37.3380 -38.8620 -2.1308 -37.3380 -37.3380 -2.3106 -35.8140 -37.3380 -2.5636 -35.8140 -38.8620 -2.3929 -37.3380 -34.2900 -2.4752 -37.3380 -32.7660 -2.5484 -35.8140 -34.2900 -2.6734 -35.8140 -32.7660 -2.7313 -37.3380 -35.8140 -2.4173 -35.8140 -35.8140 -2.6276 -35.8140 -31.2420 -2.8105 -34.2900 -38.8620 -2.6246 -34.2900 -46.4820 -1.9083 -32.7660 -48.0060 -1.9479 -32.7660 -46.4820 -1.9845 -34.2900 -44.9580 -1.9083 -31.2420 -48.0060 -2.1826 -31.2420 -49.5300 -2.0820 -31.2420 -46.4820 -2.5270 -34.2900 -43.4340 -2.0546 -34.2900 -41.9100 -2.2131 -32.7660 -41.9100 -2.5392 -32.7660 -43.4340 -2.3076 -32.7660 -37.3380 -3.0300 -34.2900 -34.2900 -2.9111 -34.2900 -35.8140 -2.8471 -32.7660 -32.7660 -3.1763 -34.2900 -37.3380 -2.7709 -34.2900 -32.7660 -2.9507 -31.2420 -41.9100 -2.9355 -32.7660 -40.3860 -2.7343 -31.2420 -43.4340 -2.8227 -31.2420 -44.9580 -2.5545 -31.2420 -38.8620 -3.2525 -32.7660 -34.2900 -3.1671 -32.7660 -35.8140 -3.1092 -31.2420 -34.2900 -3.4171 -31.2420 -37.3380 -3.3500 -31.2420 -32.7660 -3.3652 -31.2420 -35.8140 -3.3866 -32.7660 -38.8620 -2.8898 -32.7660 -44.9580 -2.1156 -34.2900 -31.2420 -2.9812 -40.3860 -28.1940 -2.4387 -41.9100 -29.7180 -2.3015 -40.3860 -29.7180 -2.4204 -38.8620 -28.1940 -2.5667 -40.3860 -31.2420 -2.3564 -40.3860 -23.6220 -2.4387 -40.3860 -25.1460 -2.4630 -40.3860 -26.6700 -2.4691 -40.3860 -22.0980 -2.4783 -41.9100 -23.6220 -2.3655 -38.8620 -26.6700 -2.5789 -38.8620 -25.1460 -2.5728 -37.3380 -29.7180 -2.6916 -37.3380 -26.6700 -2.6977 -37.3380 -28.1940 -2.7008 -38.8620 -31.2420 -2.4905 -38.8620 -23.6220 -2.5423 -37.3380 -23.6220 -2.6276 -37.3380 -25.1460 -2.6612 -38.8620 -22.0980 -2.5514 -37.3380 -22.0980 -2.6337 -35.8140 -22.0980 -2.7252 -38.8620 -29.7180 -2.5453 -37.3380 -31.2420 -2.6368 -40.3860 -17.5260 -2.7191 -40.3860 -19.0500 -2.6154 -38.8620 -16.0020 -2.8318 -38.8620 -14.4780 -2.9080 -40.3860 -20.5740 -2.5392 -40.3860 -16.0020 -2.7526 -40.3860 -14.4780 -2.8105 -40.3860 -12.9540 -2.9324 -38.8620 -11.4300 -3.0452 -37.3380 -20.5740 -2.7160 -38.8620 -17.5260 -2.8258 -37.3380 -19.0500 -2.8623 -35.8140 -17.5260 -2.9507 -38.8620 -20.5740 -2.6459 -37.3380 -17.5260 -2.9690 -37.3380 -12.9540 -3.1763 -38.8620 -12.9540 -3.0117 -37.3380 -14.4780 -3.0665 -37.3380 -16.0020 -2.9782 -35.8140 -16.0020 -3.0665 -38.8620 -19.0500 -2.7800 -37.3380 -11.4300 -3.1763 -41.9100 -28.1940 -2.3442 -34.2900 -28.1940 -2.9416 -35.8140 -29.7180 -2.8379 -35.8140 -28.1940 -2.8349 -35.8140 -26.6700 -2.8075 -34.2900 -29.7180 -2.9721 -34.2900 -26.6700 -2.8928 -35.8140 -23.6220 -2.7313 -34.2900 -23.6220 -2.8227 -34.2900 -25.1460 -2.8593 -32.7660 -23.6220 -2.8562 -35.8140 -25.1460 -2.7648 -32.7660 -28.1940 -2.9995 -32.7660 -26.6700 -2.9172 -32.7660 -29.7180 -3.0544 -31.2420 -29.7180 -3.1915 -31.2420 -28.1940 -3.1549 -31.2420 -31.2420 -3.2860 -32.7660 -25.1460 -2.8776 -32.7660 -22.0980 -2.8532 -31.2420 -25.1460 -2.8989 -31.2420 -20.5740 -2.8837 -31.2420 -23.6220 -2.9141 -34.2900 -22.0980 -2.8136 -31.2420 -22.0980 -2.8898 -34.2900 -17.5260 -2.9294 -34.2900 -16.0020 -3.0604 -34.2900 -20.5740 -2.8227 -34.2900 -19.0500 -2.8501 -35.8140 -20.5740 -2.7678 -35.8140 -14.4780 -3.1824 -35.8140 -12.9540 -3.2220 -34.2900 -12.9540 -3.3165 -34.2900 -11.4300 -3.3561 -34.2900 -14.4780 -3.1976 -35.8140 -11.4300 -3.2464 -35.8140 -19.0500 -2.8776 -32.7660 -19.0500 -2.8684 -31.2420 -17.5260 -2.9172 -31.2420 -19.0500 -2.8776 -32.7660 -20.5740 -2.8562 -32.7660 -17.5260 -2.9202 -32.7660 -16.0020 -3.0422 -32.7660 -12.9540 -3.4171 -32.7660 -14.4780 -3.2311 -31.2420 -14.4780 -3.2494 -31.2420 -11.4300 -3.6274 -31.2420 -12.9540 -3.4933 -31.2420 -16.0020 -3.0391 -31.2420 -26.6700 -3.0330 -32.7660 -31.2420 -3.1275 -32.7660 -11.4300 -3.5969 -40.3860 -11.4300 -2.9141 -67.8180 -6.8580 -1.0366 -66.2940 -6.8580 -1.1554 -66.2940 -8.3820 -1.0732 -66.2940 -5.3340 -1.1676 -67.8180 -3.8100 -1.1189 -63.2460 -8.3820 -1.3627 -64.7700 -6.8580 -1.2469 -61.7220 -8.3820 -1.5334 -63.2460 -9.9060 -1.4907 -61.7220 -6.8580 -1.4694 -64.7700 -9.9060 -1.2835 -63.2460 -3.8100 -1.3566 -64.7700 -5.3340 -1.2469 -61.7220 -5.3340 -1.5090 -63.2460 -6.8580 -1.3475 -64.7700 -8.3820 -1.1951 -61.7220 -9.9060 -1.5364 -63.2460 -5.3340 -1.4115 -67.8180 -2.2860 -1.1372 -69.3420 -2.2860 -1.1128 -70.8660 -0.7620 -1.0823 -70.8660 0.7620 -1.0914 -69.3420 -0.7620 -1.1158 -67.8180 -0.7620 -1.1280 -69.3420 0.7620 -1.1036 -66.2940 -2.2860 -1.1859 -64.7700 -2.2860 -1.2591 -64.7700 -3.8100 -1.2621 -61.7220 -0.7620 -1.3749 -66.2940 -3.8100 -1.1402 -63.2460 -2.2860 -1.3261 -66.2940 -0.7620 -1.1951 -64.7700 -0.7620 -1.2499 -64.7700 0.7620 -1.2316 -63.2460 0.7620 -1.2713 -63.2460 -0.7620 -1.2835 -61.7220 -3.8100 -1.4572 -66.2940 0.7620 -1.1920 -60.1980 -9.9060 -1.6157 -58.6740 -9.9060 -1.6309 -57.1500 -9.9060 -1.6706 -58.6740 -8.3820 -1.6340 -57.1500 -8.3820 -1.6066 -60.1980 -8.3820 -1.6248 -58.6740 -6.8580 -1.6584 -57.1500 -6.8580 -1.7285 -55.6260 -8.3820 -1.7833 -60.1980 -6.8580 -1.5791 -60.1980 -5.3340 -1.6675 -54.1020 -9.9060 -1.9114 -54.1020 -8.3820 -2.0119 -51.0540 -8.3820 -2.4539 -52.5780 -9.9060 -2.0851 -52.5780 -8.3820 -2.2314 -52.5780 -6.8580 -2.4051 -55.6260 -6.8580 -1.8443 -55.6260 -5.3340 -1.9357 -54.1020 -6.8580 -2.1247 -52.5780 -5.3340 -2.3716 -54.1020 -5.3340 -2.1765 -51.0540 -6.8580 -2.5697 -55.6260 -9.9060 -1.7681 -61.7220 -2.2860 -1.4237 -60.1980 -2.2860 -1.6066 -58.6740 -3.8100 -1.7772 -57.1500 -3.8100 -1.8809 -57.1500 -5.3340 -1.7833 -57.1500 -2.2860 -1.9022 -58.6740 -5.3340 -1.6980 -58.6740 -2.2860 -1.7650 -60.1980 -0.7620 -1.5822 -58.6740 -0.7620 -1.7833 -60.1980 0.7620 -1.6005 -60.1980 -3.8100 -1.6370 -54.1020 -3.8100 -2.1582 -55.6260 -3.8100 -2.0180 -51.0540 -3.8100 -2.4265 -52.5780 -3.8100 -2.2893 -52.5780 -2.2860 -2.2192 -55.6260 -0.7620 -2.0516 -55.6260 0.7620 -2.0394 -57.1500 -0.7620 -1.9235 -54.1020 -0.7620 -2.1308 -54.1020 -2.2860 -2.1796 -52.5780 -0.7620 -2.1918 -55.6260 -2.2860 -2.0698 -57.1500 0.7620 -1.9357 -52.5780 0.7620 -2.1582 -61.7220 0.7620 -1.4115 -73.9140 2.2860 -1.0884 -72.3900 2.2860 -1.0975 -72.3900 0.7620 -1.0610 -70.8660 2.2860 -1.0914 -69.3420 2.2860 -1.1219 -73.9140 3.8100 -1.0792 -72.3900 3.8100 -1.1128 -73.9140 5.3340 -1.0427 -70.8660 3.8100 -1.1463 -69.3420 3.8100 -1.1554 -70.8660 5.3340 -1.1341 -66.2940 2.2860 -1.1737 -66.2940 3.8100 -1.1585 -67.8180 3.8100 -1.1554 -63.2460 2.2860 -1.2682 -64.7700 2.2860 -1.2286 -66.2940 5.3340 -1.1615 -64.7700 5.3340 -1.2286 -64.7700 3.8100 -1.2164 -63.2460 5.3340 -1.3048 -63.2460 3.8100 -1.2682 -61.7220 3.8100 -1.4145 -67.8180 2.2860 -1.1676 -67.8180 0.7620 -1.1280 -67.8180 5.3340 -1.1463 -72.3900 6.8580 -1.0732 -73.9140 6.8580 -1.0091 -70.8660 6.8580 -1.1219 -69.3420 8.3820 -1.1280 -72.3900 5.3340 -1.0884 -73.9140 8.3820 -1.0579 -72.3900 8.3820 -1.1067 -70.8660 11.4300 -1.1189 -72.3900 9.9060 -1.0975 -70.8660 8.3820 -1.1158 -70.8660 9.9060 -1.1128 -66.2940 6.8580 -1.1737 -67.8180 8.3820 -1.1433 -63.2460 8.3820 -1.4054 -64.7700 6.8580 -1.2530 -63.2460 6.8580 -1.3597 -66.2940 9.9060 -1.2042 -69.3420 9.9060 -1.1311 -67.8180 9.9060 -1.1524 -64.7700 9.9060 -1.3109 -64.7700 8.3820 -1.2835 -66.2940 11.4300 -1.2377 -63.2460 9.9060 -1.4389 -66.2940 8.3820 -1.1981 -69.3420 6.8580 -1.1250 -67.8180 6.8580 -1.1494 -69.3420 5.3340 -1.1433 -67.8180 11.4300 -1.1433 -58.6740 0.7620 -1.7864 -58.6740 2.2860 -1.7955 -57.1500 2.2860 -1.9418 -60.1980 2.2860 -1.6309 -60.1980 6.8580 -1.6919 -58.6740 5.3340 -1.8321 -58.6740 3.8100 -1.8199 -60.1980 3.8100 -1.6309 -60.1980 5.3340 -1.7010 -57.1500 3.8100 -1.9327 -57.1500 5.3340 -1.9357 -61.7220 5.3340 -1.4572 -55.6260 2.2860 -2.0424 -54.1020 2.2860 -2.0942 -52.5780 2.2860 -2.1278 -55.6260 5.3340 -2.0180 -55.6260 3.8100 -2.0455 -54.1020 3.8100 -2.0881 -54.1020 5.3340 -2.0638 -52.5780 5.3340 -2.0790 -52.5780 3.8100 -2.1156 -61.7220 6.8580 -1.5151 -60.1980 8.3820 -1.7041 -61.7220 8.3820 -1.5425 -58.6740 6.8580 -1.8230 -60.1980 9.9060 -1.7254 -58.6740 9.9060 -1.8534 -57.1500 9.9060 -1.9144 -58.6740 8.3820 -1.8169 -61.7220 9.9060 -1.5700 -57.1500 8.3820 -1.9144 -55.6260 6.8580 -2.0058 -54.1020 6.8580 -2.0333 -55.6260 8.3820 -1.9754 -52.5780 6.8580 -2.0759 -51.0540 6.8580 -2.1857 -52.5780 8.3820 -2.1125 -55.6260 9.9060 -1.9723 -57.1500 11.4300 -1.9845 -54.1020 9.9060 -2.0607 -52.5780 9.9060 -2.2405 -52.5780 11.4300 -2.3045 -54.1020 8.3820 -2.0241 -57.1500 6.8580 -1.9235 -54.1020 11.4300 -2.0485 -51.0540 5.3340 -2.1643 -61.7220 2.2860 -1.3780 -54.1020 0.7620 -2.1125 -49.5300 -9.9060 -2.6032 -51.0540 -9.9060 -2.3076 -49.5300 -8.3820 -2.5941 -46.4820 -9.9060 -2.7953 -48.0060 -8.3820 -2.7221 -49.5300 -6.8580 -2.6916 -48.0060 -6.8580 -2.8288 -46.4820 -6.8580 -2.8776 -48.0060 -5.3340 -2.9202 -46.4820 -8.3820 -2.7800 -51.0540 -5.3340 -2.5575 -43.4340 -9.9060 -2.8928 -41.9100 -9.9060 -2.9294 -40.3860 -9.9060 -2.9202 -44.9580 -6.8580 -2.8715 -44.9580 -8.3820 -2.8532 -43.4340 -6.8580 -2.8471 -41.9100 -8.3820 -2.8989 -41.9100 -6.8580 -2.8258 -43.4340 -8.3820 -2.9446 -44.9580 -9.9060 -2.8288 -48.0060 -9.9060 -2.7617 -49.5300 -5.3340 -2.7313 -46.4820 -5.3340 -2.9202 -48.0060 -3.8100 -2.9141 -46.4820 -2.2860 -2.8745 -49.5300 -0.7620 -2.5789 -51.0540 -2.2860 -2.4935 -51.0540 0.7620 -2.2131 -48.0060 -2.2860 -2.9141 -48.0060 -0.7620 -2.7800 -49.5300 -2.2860 -2.7770 -46.4820 -0.7620 -2.8044 -46.4820 -3.8100 -2.9202 -49.5300 -3.8100 -2.7435 -43.4340 -3.8100 -2.7800 -44.9580 -3.8100 -2.7922 -41.9100 -3.8100 -2.7678 -43.4340 -5.3340 -2.7496 -41.9100 -5.3340 -2.7556 -44.9580 -2.2860 -2.8136 -44.9580 -0.7620 -2.8014 -41.9100 -0.7620 -2.7160 -43.4340 -0.7620 -2.7861 -43.4340 -2.2860 -2.7709 -41.9100 -2.2860 -2.7556 -44.9580 -5.3340 -2.8197 -38.8620 -9.9060 -3.0239 -37.3380 -8.3820 -3.0391 -37.3380 -9.9060 -3.1214 -38.8620 -8.3820 -3.0086 -40.3860 -6.8580 -2.9020 -38.8620 -6.8580 -2.9903 -40.3860 -5.3340 -2.8593 -37.3380 -6.8580 -3.0604 -38.8620 -5.3340 -2.9538 -40.3860 -8.3820 -2.9233 -34.2900 -8.3820 -3.3012 -31.2420 -9.9060 -3.6487 -32.7660 -9.9060 -3.5116 -32.7660 -8.3820 -3.4354 -31.2420 -8.3820 -3.5329 -35.8140 -9.9060 -3.1793 -34.2900 -6.8580 -3.2982 -35.8140 -6.8580 -3.1610 -32.7660 -6.8580 -3.4506 -31.2420 -6.8580 -3.6426 -34.2900 -5.3340 -3.4293 -35.8140 -8.3820 -3.1275 -34.2900 -9.9060 -3.3317 -35.8140 -5.3340 -3.2921 -38.8620 -3.8100 -2.8197 -40.3860 -3.8100 -2.8105 -37.3380 -5.3340 -3.1031 -37.3380 -3.8100 -3.0147 -35.8140 -3.8100 -3.2738 -38.8620 -0.7620 -2.7770 -40.3860 -0.7620 -2.7526 -37.3380 -2.2860 -2.8501 -37.3380 -0.7620 -2.7617 -38.8620 -2.2860 -2.7526 -35.8140 -2.2860 -3.0300 -40.3860 -2.2860 -2.7709 -34.2900 -3.8100 -3.4018 -32.7660 -3.8100 -3.6609 -31.2420 -3.8100 -3.8804 -31.2420 -5.3340 -3.8011 -35.8140 -0.7620 -2.7770 -34.2900 -2.2860 -3.1854 -32.7660 -2.2860 -3.4018 -34.2900 -0.7620 -2.9111 -32.7660 -0.7620 -3.1245 -31.2420 -2.2860 -3.6944 -32.7660 -5.3340 -3.6121 -38.8620 0.7620 -2.8227 -46.4820 2.2860 -2.5301 -48.0060 0.7620 -2.5697 -46.4820 0.7620 -2.6764 -49.5300 0.7620 -2.4051 -49.5300 3.8100 -2.3259 -49.5300 5.3340 -2.2984 -51.0540 3.8100 -2.1887 -48.0060 3.8100 -2.4051 -48.0060 2.2860 -2.4539 -49.5300 2.2860 -2.3411 -46.4820 3.8100 -2.4417 -44.9580 2.2860 -2.6490 -43.4340 0.7620 -2.7617 -41.9100 3.8100 -2.7191 -43.4340 2.2860 -2.7160 -41.9100 0.7620 -2.6886 -44.9580 3.8100 -2.5057 -44.9580 5.3340 -2.4143 -43.4340 3.8100 -2.6276 -48.0060 5.3340 -2.3625 -41.9100 5.3340 -2.6612 -44.9580 0.7620 -2.7587 -43.4340 5.3340 -2.5179 -49.5300 6.8580 -2.3228 -46.4820 6.8580 -2.3137 -46.4820 5.3340 -2.3777 -48.0060 6.8580 -2.3411 -51.0540 9.9060 -2.4508 -49.5300 8.3820 -2.4387 -49.5300 9.9060 -2.6154 -48.0060 9.9060 -2.5636 -48.0060 8.3820 -2.3899 -46.4820 9.9060 -2.4661 -51.0540 8.3820 -2.2741 -46.4820 8.3820 -2.3015 -41.9100 8.3820 -2.4600 -43.4340 6.8580 -2.4173 -43.4340 8.3820 -2.3594 -41.9100 6.8580 -2.6215 -44.9580 8.3820 -2.2954 -44.9580 9.9060 -2.4356 -44.9580 11.4300 -2.7130 -41.9100 11.4300 -2.8471 -41.9100 9.9060 -2.5697 -43.4340 9.9060 -2.4752 -44.9580 6.8580 -2.3411 -41.9100 2.2860 -2.7008 -51.0540 2.2860 -2.2009 -38.8620 2.2860 -2.7496 -37.3380 2.2860 -2.8654 -35.8140 3.8100 -2.8318 -40.3860 0.7620 -2.7221 -37.3380 3.8100 -2.8075 -40.3860 5.3340 -2.6947 -38.8620 5.3340 -2.5514 -38.8620 3.8100 -2.6398 -37.3380 5.3340 -2.7160 -40.3860 2.2860 -2.6825 -35.8140 0.7620 -2.7008 -34.2900 0.7620 -2.7374 -34.2900 2.2860 -2.7038 -31.2420 0.7620 -3.1976 -32.7660 2.2860 -2.8288 -34.2900 3.8100 -2.7435 -35.8140 5.3340 -2.8562 -32.7660 3.8100 -2.7556 -32.7660 5.3340 -2.7648 -31.2420 3.8100 -2.9477 -31.2420 5.3340 -2.8684 -31.2420 2.2860 -3.0726 -35.8140 2.2860 -2.7313 -37.3380 0.7620 -2.7617 -40.3860 6.8580 -2.7008 -38.8620 6.8580 -2.6185 -35.8140 8.3820 -2.7861 -37.3380 6.8580 -2.6794 -37.3380 8.3820 -2.7282 -38.8620 9.9060 -2.7069 -40.3860 9.9060 -2.5758 -37.3380 9.9060 -2.7343 -38.8620 8.3820 -2.6551 -35.8140 9.9060 -2.7800 -40.3860 8.3820 -2.6154 -34.2900 5.3340 -2.7861 -34.2900 6.8580 -2.8288 -32.7660 6.8580 -2.8014 -31.2420 8.3820 -2.8989 -34.2900 8.3820 -2.8075 -34.2900 9.9060 -2.7892 -31.2420 9.9060 -2.9050 -32.7660 9.9060 -2.8288 -32.7660 8.3820 -2.8288 -35.8140 11.4300 -2.7678 -35.8140 6.8580 -2.8136 -40.3860 11.4300 -2.8288 -31.2420 6.8580 -2.8532 -40.3860 3.8100 -2.6429 -32.7660 0.7620 -2.9690 -31.2420 -0.7620 -3.3713 -51.0540 -0.7620 -2.3289 -41.9100 -11.4300 -2.9080 -29.7180 -12.9540 -3.3713 -28.1940 -66.2940 -7.5928 -25.1460 -67.8180 -7.3429 -25.1460 -69.3420 -7.2271 -23.6220 -69.3420 -7.2697 -29.7180 -66.2940 -7.7391 -28.1940 -64.7700 -7.5867 -29.7180 -51.0540 -2.4844 -26.6700 -64.7700 -7.6172 -26.6700 -63.2460 -7.8275 -25.1460 -64.7700 -7.6264 -25.1460 -63.2460 -7.6751 -26.6700 -66.2940 -7.5928 -26.6700 -52.5780 -3.3134 -25.1460 -52.5780 -3.1732 -25.1460 -61.7220 -7.6904 -25.1460 -66.2940 -7.4038 -23.6220 -67.8180 -7.2393 -23.6220 -70.8660 -7.0076 -20.5740 -70.8660 -7.5075 -22.0980 -72.3900 -6.6815 -22.0980 -70.8660 -7.2606 -22.0980 -69.3420 -7.3703 -22.0980 -67.8180 -7.2484 -23.6220 -66.2940 -7.1752 -19.0500 -73.9140 -6.4986 -20.5740 -69.3420 -7.4800 -20.5740 -72.3900 -7.1295 -19.0500 -69.3420 -7.6111 -19.0500 -70.8660 -7.6934 -19.0500 -72.3900 -7.5562 -20.5740 -67.8180 -7.3124 -19.0500 -67.8180 -7.3398 -23.6220 -64.7700 -7.3734 -23.6220 -63.2460 -7.5593 -22.0980 -64.7700 -7.1844 -22.0980 -66.2940 -7.1265 -22.0980 -63.2460 -7.3764 -20.5740 -63.2460 -7.1935 -23.6220 -60.1980 -7.6324 -22.0980 -60.1980 -7.3947 -23.6220 -61.7220 -7.6568 -20.5740 -58.6740 -7.3856 -22.0980 -58.6740 -7.2575 -22.0980 -61.7220 -7.3429 -20.5740 -64.7700 -7.0960 -19.0500 -63.2460 -7.2088 -19.0500 -64.7700 -7.2057 -19.0500 -66.2940 -7.2423 -20.5740 -60.1980 -7.3825 -19.0500 -57.1500 -7.5197 -19.0500 -58.6740 -7.4679 -19.0500 -61.7220 -7.1966 -20.5740 -61.7220 -7.2789 -20.5740 -66.2940 -7.1448 -29.7180 -48.0060 -2.8654 -29.7180 -49.5300 -2.5850 -28.1940 -48.0060 -3.4079 -28.1940 -49.5300 -3.2647 -29.7180 -43.4340 -3.3774 -29.7180 -46.4820 -3.0574 -28.1940 -44.9580 -3.7767 -28.1940 -46.4820 -3.5908 -28.1940 -43.4340 -3.8865 -29.7180 -44.9580 -3.1854 -26.6700 -49.5300 -3.9383 -26.6700 -48.0060 -4.0419 -25.1460 -49.5300 -4.5753 -26.6700 -51.0540 -3.7280 -25.1460 -51.0540 -4.2034 -26.6700 -46.4820 -4.1394 -26.6700 -43.4340 -4.3985 -26.6700 -44.9580 -4.2888 -25.1460 -44.9580 -4.8313 -25.1460 -41.9100 -4.9350 -25.1460 -46.4820 -4.7368 -25.1460 -48.0060 -4.6972 -28.1940 -51.0540 -3.0635 -31.2420 -40.3860 -3.0787 -29.7180 -40.3860 -3.5390 -29.7180 -38.8620 -3.6121 -28.1940 -38.8620 -4.0084 -29.7180 -41.9100 -3.4384 -29.7180 -34.2900 -3.5999 -28.1940 -37.3380 -3.9505 -28.1940 -35.8140 -3.8560 -29.7180 -35.8140 -3.6396 -29.7180 -37.3380 -3.6426 -28.1940 -40.3860 -4.0053 -26.6700 -38.8620 -4.3985 -25.1460 -40.3860 -4.8862 -25.1460 -38.8620 -4.7887 -25.1460 -37.3380 -4.5357 -28.1940 -41.9100 -3.9901 -26.6700 -41.9100 -4.4747 -26.6700 -37.3380 -4.2339 -28.1940 -34.2900 -3.8103 -26.6700 -35.8140 -4.1120 -26.6700 -32.7660 -3.9535 -25.1460 -35.8140 -4.3955 -25.1460 -34.2900 -4.3071 -26.6700 -34.2900 -4.0358 -26.6700 -40.3860 -4.4686 -23.6220 -48.0060 -5.3282 -23.6220 -51.0540 -3.6030 -23.6220 -46.4820 -5.3434 -22.0980 -48.0060 -5.5994 -22.0980 -46.4820 -5.8585 -22.0980 -44.9580 -5.9256 -23.6220 -43.4340 -5.4745 -23.6220 -44.9580 -5.3952 -22.0980 -43.4340 -5.9469 -23.6220 -41.9100 -5.4440 -22.0980 -49.5300 -4.4016 -23.6220 -49.5300 -4.9563 -20.5740 -48.0060 -5.3708 -19.0500 -49.5300 -3.2951 -17.5260 -49.5300 -2.7008 -20.5740 -49.5300 -3.7584 -19.0500 -48.0060 -5.4592 -19.0500 -46.4820 -6.3279 -20.5740 -43.4340 -6.3340 -20.5740 -44.9580 -6.3005 -19.0500 -43.4340 -6.6632 -19.0500 -44.9580 -6.6388 -20.5740 -46.4820 -6.1755 -20.5740 -41.9100 -6.2852 -19.0500 -41.9100 -6.5992 -23.6220 -38.8620 -5.1483 -23.6220 -40.3860 -5.3373 -23.6220 -37.3380 -4.9228 -22.0980 -38.8620 -5.6360 -22.0980 -40.3860 -5.7945 -22.0980 -41.9100 -5.9164 -23.6220 -35.8140 -4.7186 -23.6220 -34.2900 -4.5418 -23.6220 -32.7660 -4.3376 -22.0980 -34.2900 -4.7521 -22.0980 -35.8140 -5.0295 -22.0980 -37.3380 -5.3556 -20.5740 -40.3860 -6.1907 -20.5740 -38.8620 -5.9896 -19.0500 -38.8620 -6.1907 -19.0500 -37.3380 -5.8097 -19.0500 -40.3860 -6.4437 -20.5740 -37.3380 -5.6695 -20.5740 -35.8140 -5.2642 -19.0500 -35.8140 -5.3739 -19.0500 -34.2900 -4.9837 -20.5740 -34.2900 -4.9167 -22.0980 -32.7660 -4.4869 -20.5740 -32.7660 -4.5966 -25.1460 -43.4340 -4.9319 -25.1460 -32.7660 -4.1486 -19.0500 -60.1980 -7.3612 -16.0020 -76.9620 -6.2060 -17.5260 -73.9140 -7.1935 -17.5260 -75.4380 -6.2974 -16.0020 -73.9140 -7.6233 -16.0020 -72.3900 -7.8824 -17.5260 -72.3900 -7.7696 -12.9540 -78.4860 -5.7884 -12.9540 -76.9620 -6.3919 -14.4780 -76.9620 -6.1084 -14.4780 -75.4380 -6.9436 -14.4780 -73.9140 -7.9372 -16.0020 -75.4380 -6.8857 -12.9540 -72.3900 -7.8306 -12.9540 -75.4380 -7.2789 -14.4780 -72.3900 -7.8489 -17.5260 -69.3420 -7.6934 -17.5260 -70.8660 -7.8306 -17.5260 -67.8180 -7.5105 -16.0020 -69.3420 -7.7513 -16.0020 -70.8660 -7.8306 -17.5260 -63.2460 -7.2362 -17.5260 -61.7220 -7.1509 -16.0020 -64.7700 -7.4770 -16.0020 -63.2460 -7.3886 -16.0020 -61.7220 -7.2789 -16.0020 -66.2940 -7.4770 -16.0020 -67.8180 -7.6568 -14.4780 -69.3420 -7.7635 -14.4780 -67.8180 -7.6782 -12.9540 -67.8180 -7.6690 -14.4780 -70.8660 -7.8275 -14.4780 -66.2940 -7.5410 -12.9540 -63.2460 -7.4557 -14.4780 -64.7700 -7.4709 -12.9540 -61.7220 -7.5105 -12.9540 -66.2940 -7.5654 -14.4780 -63.2460 -7.4861 -14.4780 -61.7220 -7.4252 -12.9540 -64.7700 -7.3398 -12.9540 -73.9140 -7.8428 -17.5260 -66.2940 -7.3368 -17.5260 -64.7700 -7.3612 -11.4300 -80.0100 -6.8826 -11.4300 -76.9620 -7.4709 -9.9060 -80.0100 -7.4740 -9.9060 -81.5340 -7.3673 -9.9060 -78.4860 -7.7848 -11.4300 -78.4860 -7.8001 -12.9540 -70.8660 -7.7848 -11.4300 -75.4380 -7.9769 -12.9540 -69.3420 -7.7940 -11.4300 -70.8660 -7.6904 -11.4300 -72.3900 -7.7666 -11.4300 -69.3420 -7.6660 -11.4300 -63.2460 -7.3978 -11.4300 -64.7700 -7.3734 -11.4300 -66.2940 -7.5562 -11.4300 -67.8180 -7.6690 -11.4300 -73.9140 -7.9037 -9.9060 -73.9140 -7.9037 -9.9060 -75.4380 -8.0439 -9.9060 -69.3420 -7.7056 -9.9060 -76.9620 -7.9586 -9.9060 -61.7220 -7.3429 -11.4300 -61.7220 -7.5532 -9.9060 -64.7700 -7.4800 -9.9060 -67.8180 -7.6782 -9.9060 -63.2460 -7.3978 -11.4300 -60.1980 -7.4435 -9.9060 -72.3900 -7.7909 -17.5260 -60.1980 -7.2118 -16.0020 -57.1500 -7.3886 -17.5260 -57.1500 -7.5410 -16.0020 -60.1980 -7.1935 -17.5260 -55.6260 -6.9375 -17.5260 -48.0060 -4.7368 -16.0020 -48.0060 -4.3376 -16.0020 -46.4820 -6.1542 -17.5260 -46.4820 -6.6906 -16.0020 -58.6740 -7.3002 -14.4780 -54.1020 -6.4285 -14.4780 -58.6740 -7.2271 -14.4780 -55.6260 -7.1265 -14.4780 -57.1500 -7.4191 -14.4780 -60.1980 -7.1935 -14.4780 -48.0060 -3.6579 -14.4780 -46.4820 -6.7089 -12.9540 -46.4820 -7.4800 -14.4780 -44.9580 -7.4069 -16.0020 -55.6260 -6.4132 -17.5260 -43.4340 -6.9863 -17.5260 -38.8620 -6.3005 -17.5260 -41.9100 -6.8400 -16.0020 -40.3860 -6.6053 -16.0020 -43.4340 -7.1387 -17.5260 -44.9580 -6.9588 -17.5260 -40.3860 -6.5778 -17.5260 -34.2900 -5.0569 -17.5260 -37.3380 -5.9073 -17.5260 -35.8140 -5.4409 -16.0020 -37.3380 -5.9256 -16.0020 -38.8620 -6.2791 -14.4780 -41.9100 -6.8369 -14.4780 -40.3860 -6.5931 -14.4780 -43.4340 -7.1356 -16.0020 -44.9580 -7.2789 -14.4780 -38.8620 -6.2791 -16.0020 -34.2900 -5.1087 -16.0020 -35.8140 -5.4653 -14.4780 -35.8140 -5.4684 -14.4780 -34.2900 -5.1575 -14.4780 -37.3380 -5.9317 -17.5260 -32.7660 -4.7673 -16.0020 -41.9100 -6.9314 -14.4780 -32.7660 -4.9075 -17.5260 -58.6740 -7.3856 -12.9540 -58.6740 -7.2484 -12.9540 -57.1500 -7.3368 -12.9540 -55.6260 -7.4740 -12.9540 -54.1020 -7.1752 -11.4300 -48.0060 -7.6568 -11.4300 -51.0540 -5.9164 -11.4300 -49.5300 -5.6482 -12.9540 -52.5780 -6.2395 -11.4300 -58.6740 -7.4038 -12.9540 -48.0060 -5.0416 -9.9060 -55.6260 -7.3642 -9.9060 -57.1500 -7.4343 -9.9060 -54.1020 -7.3825 -11.4300 -54.1020 -7.5288 -9.9060 -48.0060 -7.4038 -9.9060 -49.5300 -7.5136 -9.9060 -51.0540 -7.3337 -9.9060 -52.5780 -7.4709 -11.4300 -52.5780 -6.9558 -11.4300 -57.1500 -7.3581 -11.4300 -55.6260 -7.3551 -12.9540 -60.1980 -7.2606 -11.4300 -46.4820 -7.3917 -12.9540 -40.3860 -6.5169 -12.9540 -41.9100 -6.7729 -12.9540 -38.8620 -6.2121 -12.9540 -43.4340 -7.0320 -11.4300 -38.8620 -6.0749 -12.9540 -34.2900 -5.1697 -12.9540 -35.8140 -5.3800 -11.4300 -37.3380 -5.7031 -11.4300 -34.2900 -5.2093 -12.9540 -37.3380 -5.7549 -11.4300 -32.7660 -5.0142 -11.4300 -43.4340 -6.8644 -11.4300 -40.3860 -6.3858 -11.4300 -41.9100 -6.6175 -9.9060 -41.9100 -6.4742 -9.9060 -40.3860 -6.2639 -9.9060 -43.4340 -6.6845 -11.4300 -35.8140 -5.3739 -9.9060 -35.8140 -5.4135 -9.9060 -31.2420 -4.9533 -9.9060 -34.2900 -5.2702 -9.9060 -37.3380 -5.7092 -9.9060 -38.8620 -6.0109 -11.4300 -44.9580 -7.1356 -12.9540 -44.9580 -7.3612 -9.9060 -60.1980 -7.5502 -19.0500 -32.7660 -4.6820 -12.9540 -32.7660 -4.9441 -29.7180 -28.1940 -3.3134 -29.7180 -29.7180 -3.3592 -29.7180 -26.6700 -3.2677 -28.1940 -29.7180 -3.5420 -28.1940 -26.6700 -3.4354 -29.7180 -32.7660 -3.5481 -29.7180 -31.2420 -3.4658 -29.7180 -25.1460 -3.1519 -29.7180 -23.6220 -3.0848 -28.1940 -23.6220 -3.2769 -28.1940 -25.1460 -3.3866 -29.7180 -22.0980 -3.0391 -28.1940 -31.2420 -3.6579 -28.1940 -28.1940 -3.4506 -26.6700 -28.1940 -3.5603 -26.6700 -31.2420 -3.8346 -25.1460 -29.7180 -3.8285 -26.6700 -29.7180 -3.7066 -26.6700 -23.6220 -3.4719 -26.6700 -25.1460 -3.5359 -25.1460 -25.1460 -3.6030 -26.6700 -26.6700 -3.5085 -28.1940 -32.7660 -3.7554 -28.1940 -22.0980 -3.1915 -29.7180 -17.5260 -2.9202 -29.7180 -20.5740 -2.9782 -29.7180 -19.0500 -2.9020 -29.7180 -16.0020 -3.0239 -28.1940 -17.5260 -2.9660 -28.1940 -19.0500 -3.0483 -29.7180 -14.4780 -3.1793 -28.1940 -12.9540 -3.2342 -28.1940 -14.4780 -3.1031 -29.7180 -11.4300 -3.5725 -28.1940 -20.5740 -3.1275 -26.6700 -19.0500 -3.2159 -25.1460 -20.5740 -3.4079 -25.1460 -19.0500 -3.3713 -26.6700 -17.5260 -3.1184 -26.6700 -14.4780 -3.0787 -28.1940 -16.0020 -3.0056 -26.6700 -16.0020 -3.0391 -26.6700 -12.9540 -3.1610 -26.6700 -11.4300 -3.3073 -25.1460 -12.9540 -3.1488 -26.6700 -22.0980 -3.3500 -26.6700 -20.5740 -3.2708 -25.1460 -28.1940 -3.6640 -23.6220 -29.7180 -3.9291 -23.6220 -28.1940 -3.7462 -23.6220 -31.2420 -4.1394 -25.1460 -31.2420 -3.9901 -23.6220 -26.6700 -3.6030 -25.1460 -23.6220 -3.6152 -23.6220 -23.6220 -3.6548 -23.6220 -25.1460 -3.5878 -23.6220 -22.0980 -3.7158 -25.1460 -22.0980 -3.5116 -22.0980 -31.2420 -4.2309 -20.5740 -31.2420 -4.3162 -22.0980 -28.1940 -3.8042 -22.0980 -26.6700 -3.6426 -20.5740 -28.1940 -3.8834 -20.5740 -26.6700 -3.7310 -22.0980 -23.6220 -3.6274 -22.0980 -25.1460 -3.5664 -20.5740 -23.6220 -3.6182 -20.5740 -25.1460 -3.6548 -20.5740 -22.0980 -3.7127 -22.0980 -29.7180 -4.0023 -22.0980 -22.0980 -3.7645 -23.6220 -17.5260 -3.5390 -25.1460 -16.0020 -3.1549 -25.1460 -17.5260 -3.3104 -23.6220 -19.0500 -3.5359 -23.6220 -16.0020 -3.3348 -23.6220 -20.5740 -3.6060 -25.1460 -14.4780 -3.0970 -25.1460 -11.4300 -3.2372 -23.6220 -12.9540 -3.1763 -23.6220 -14.4780 -3.1915 -22.0980 -14.4780 -3.3256 -22.0980 -20.5740 -3.8621 -22.0980 -19.0500 -3.7432 -20.5740 -19.0500 -3.9078 -20.5740 -20.5740 -3.8346 -22.0980 -17.5260 -3.6640 -22.0980 -16.0020 -3.5329 -22.0980 -12.9540 -3.2494 -20.5740 -14.4780 -3.4293 -22.0980 -11.4300 -3.2982 -20.5740 -11.4300 -3.4171 -20.5740 -12.9540 -3.3531 -20.5740 -16.0020 -3.6091 -23.6220 -11.4300 -3.2250 -20.5740 -17.5260 -3.8103 -25.1460 -26.6700 -3.5725 -29.7180 -8.3820 -3.5634 -29.7180 -9.9060 -3.5756 -28.1940 -5.3340 -3.9261 -28.1940 -11.4300 -3.3927 -28.1940 -9.9060 -3.5207 -29.7180 -6.8580 -3.7310 -29.7180 -5.3340 -3.9413 -29.7180 -0.7620 -3.4719 -29.7180 -3.8100 -3.9383 -28.1940 -3.8100 -3.8986 -28.1940 -0.7620 -3.5085 -28.1940 -2.2860 -3.6152 -28.1940 -8.3820 -3.6091 -29.7180 -2.2860 -3.7645 -26.6700 -6.8580 -3.7127 -26.6700 -8.3820 -3.5664 -25.1460 -8.3820 -3.4719 -25.1460 -6.8580 -3.6152 -26.6700 -2.2860 -3.5878 -26.6700 -3.8100 -3.7493 -26.6700 -0.7620 -3.5908 -26.6700 -5.3340 -3.8407 -25.1460 0.7620 -3.6853 -28.1940 -6.8580 -3.7889 -26.6700 -9.9060 -3.4384 -29.7180 3.8100 -3.1702 -28.1940 0.7620 -3.4536 -29.7180 2.2860 -3.2921 -28.1940 2.2860 -3.4323 -29.7180 0.7620 -3.4079 -29.7180 8.3820 -2.9812 -29.7180 9.9060 -2.9721 -29.7180 6.8580 -2.9629 -28.1940 8.3820 -3.0361 -28.1940 6.8580 -3.0787 -29.7180 5.3340 -3.0483 -28.1940 3.8100 -3.3226 -26.6700 2.2860 -3.5298 -26.6700 3.8100 -3.4232 -26.6700 5.3340 -3.3043 -25.1460 5.3340 -3.4658 -26.6700 0.7620 -3.6152 -28.1940 9.9060 -3.0361 -26.6700 9.9060 -3.0940 -26.6700 6.8580 -3.2007 -26.6700 8.3820 -3.1397 -25.1460 6.8580 -3.3713 -28.1940 5.3340 -3.1854 -28.1940 11.4300 -2.9934 -25.1460 -5.3340 -3.7371 -23.6220 -5.3340 -3.6365 -25.1460 -3.8100 -3.6853 -23.6220 -9.9060 -3.2921 -23.6220 -8.3820 -3.3927 -25.1460 -9.9060 -3.3561 -25.1460 -2.2860 -3.6609 -25.1460 -0.7620 -3.6944 -23.6220 -0.7620 -3.7188 -23.6220 -2.2860 -3.6609 -23.6220 -3.8100 -3.6914 -23.6220 -6.8580 -3.5116 -22.0980 -9.9060 -3.3652 -22.0980 -8.3820 -3.3652 -20.5740 -8.3820 -3.3957 -20.5740 -9.9060 -3.4323 -22.0980 -6.8580 -3.4079 -20.5740 -6.8580 -3.3378 -22.0980 -0.7620 -3.7036 -22.0980 -2.2860 -3.6426 -22.0980 -3.8100 -3.5573 -20.5740 -5.3340 -3.3531 -20.5740 -2.2860 -3.5298 -20.5740 -0.7620 -3.6213 -22.0980 -5.3340 -3.4872 -25.1460 3.8100 -3.5176 -25.1460 2.2860 -3.6060 -23.6220 2.2860 -3.6579 -23.6220 3.8100 -3.6822 -23.6220 0.7620 -3.7127 -23.6220 5.3340 -3.6304 -25.1460 9.9060 -3.1946 -25.1460 8.3820 -3.2769 -23.6220 8.3820 -3.4384 -23.6220 9.9060 -3.3287 -23.6220 6.8580 -3.5451 -22.0980 2.2860 -3.7219 -22.0980 3.8100 -3.7554 -20.5740 0.7620 -3.6792 -20.5740 3.8100 -3.7493 -20.5740 2.2860 -3.7036 -22.0980 0.7620 -3.7188 -22.0980 8.3820 -3.5695 -22.0980 6.8580 -3.6731 -22.0980 5.3340 -3.7584 -20.5740 6.8580 -3.7188 -20.5740 9.9060 -3.6091 -20.5740 8.3820 -3.6700 -20.5740 5.3340 -3.7523 -22.0980 9.9060 -3.4719 -20.5740 -3.8100 -3.4293 -20.5740 -29.7180 -4.0815 -19.0500 -29.7180 -4.1760 -19.0500 -31.2420 -4.4077 -19.0500 -28.1940 -3.9870 -17.5260 -29.7180 -4.2796 -17.5260 -28.1940 -4.0968 -19.0500 -23.6220 -3.6640 -19.0500 -25.1460 -3.7402 -19.0500 -26.6700 -3.8377 -17.5260 -26.6700 -3.9322 -16.0020 -28.1940 -4.1974 -16.0020 -29.7180 -4.3741 -16.0020 -26.6700 -4.0541 -17.5260 -25.1460 -3.7981 -17.5260 -23.6220 -3.7036 -14.4780 -23.6220 -3.9474 -16.0020 -25.1460 -3.9352 -16.0020 -23.6220 -3.8285 -16.0020 -22.0980 -3.8103 -17.5260 -31.2420 -4.5113 -16.0020 -31.2420 -4.5966 -19.0500 -22.0980 -3.6213 -17.5260 -22.0980 -3.6761 -19.0500 -19.0500 -3.8377 -19.0500 -17.5260 -3.8621 -17.5260 -20.5740 -3.7036 -17.5260 -17.5260 -3.8834 -19.0500 -20.5740 -3.7310 -19.0500 -16.0020 -3.7280 -19.0500 -14.4780 -3.5695 -17.5260 -14.4780 -3.7615 -19.0500 -12.9540 -3.4902 -19.0500 -11.4300 -3.4658 -17.5260 -16.0020 -3.8773 -16.0020 -19.0500 -3.8773 -16.0020 -20.5740 -3.8042 -16.0020 -17.5260 -3.9627 -17.5260 -12.9540 -3.6487 -16.0020 -14.4780 -3.9688 -16.0020 -12.9540 -3.8590 -17.5260 -11.4300 -3.5725 -14.4780 -11.4300 -3.8712 -16.0020 -16.0020 -4.0236 -17.5260 -19.0500 -3.8072 -16.0020 -11.4300 -3.7280 -14.4780 -22.0980 -3.9200 -14.4780 -31.2420 -4.6759 -12.9540 -31.2420 -4.7399 -14.4780 -29.7180 -4.4595 -12.9540 -29.7180 -4.5570 -12.9540 -28.1940 -4.3955 -14.4780 -28.1940 -4.2766 -14.4780 -26.6700 -4.1547 -14.4780 -25.1460 -4.0510 -12.9540 -26.6700 -4.2522 -12.9540 -25.1460 -4.1364 -12.9540 -23.6220 -4.0480 -11.4300 -28.1940 -4.5235 -9.9060 -26.6700 -4.5479 -9.9060 -29.7180 -4.8527 -9.9060 -28.1940 -4.6972 -11.4300 -22.0980 -4.0968 -11.4300 -25.1460 -4.2583 -11.4300 -23.6220 -4.1547 -9.9060 -25.1460 -4.4199 -9.9060 -22.0980 -4.2339 -9.9060 -23.6220 -4.3132 -11.4300 -26.6700 -4.3802 -11.4300 -31.2420 -4.8344 -11.4300 -29.7180 -4.6820 -14.4780 -19.0500 -3.9840 -14.4780 -20.5740 -3.9200 -12.9540 -20.5740 -3.9688 -12.9540 -19.0500 -3.9566 -12.9540 -22.0980 -3.9962 -14.4780 -16.0020 -4.0175 -14.4780 -14.4780 -3.9962 -14.4780 -12.9540 -3.9474 -12.9540 -11.4300 -3.9322 -12.9540 -14.4780 -3.8865 -12.9540 -16.0020 -3.9078 -12.9540 -17.5260 -3.9474 -11.4300 -17.5260 -3.9566 -14.4780 -17.5260 -3.9901 -11.4300 -19.0500 -4.0145 -9.9060 -17.5260 -4.0419 -11.4300 -20.5740 -4.0632 -11.4300 -16.0020 -3.9078 -11.4300 -12.9540 -3.9230 -11.4300 -14.4780 -3.8865 -12.9540 -12.9540 -3.9261 -9.9060 -12.9540 -3.9809 -9.9060 -14.4780 -3.9718 -9.9060 -16.0020 -3.9931 -9.9060 -11.4300 -4.0419 -11.4300 -11.4300 -3.9779 -19.0500 -9.9060 -3.4719 -19.0500 -8.3820 -3.4018 -19.0500 -6.8580 -3.3165 -19.0500 -5.3340 -3.3104 -17.5260 -8.3820 -3.5481 -19.0500 -3.8100 -3.3805 -19.0500 -2.2860 -3.4902 -17.5260 -2.2860 -3.5451 -19.0500 -0.7620 -3.5938 -17.5260 -0.7620 -3.6457 -17.5260 -3.8100 -3.4323 -17.5260 -5.3340 -3.3439 -17.5260 -9.9060 -3.5420 -16.0020 -8.3820 -3.7188 -16.0020 -6.8580 -3.6761 -16.0020 -9.9060 -3.7127 -16.0020 -0.7620 -3.7828 -16.0020 -2.2860 -3.6640 -16.0020 -3.8100 -3.5664 -16.0020 -5.3340 -3.5664 -17.5260 -6.8580 -3.3683 -19.0500 5.3340 -3.7554 -19.0500 6.8580 -3.7432 -19.0500 3.8100 -3.7158 -17.5260 3.8100 -3.7706 -17.5260 5.3340 -3.8011 -19.0500 0.7620 -3.6396 -19.0500 8.3820 -3.7127 -19.0500 9.9060 -3.6975 -17.5260 9.9060 -3.7981 -17.5260 8.3820 -3.7676 -19.0500 2.2860 -3.6761 -17.5260 2.2860 -3.7158 -16.0020 3.8100 -3.8682 -14.4780 2.2860 -3.9809 -16.0020 2.2860 -3.8407 -17.5260 0.7620 -3.6731 -16.0020 6.8580 -3.8529 -17.5260 6.8580 -3.7615 -16.0020 9.9060 -3.8986 -16.0020 8.3820 -3.8468 -16.0020 5.3340 -3.8834 -14.4780 3.8100 -3.9962 -16.0020 0.7620 -3.8224 -16.0020 11.4300 -3.9200 -14.4780 -6.8580 -3.9566 -14.4780 -8.3820 -3.8956 -12.9540 -6.8580 -4.1181 -12.9540 -8.3820 -3.9840 -12.9540 -5.3340 -4.1638 -14.4780 -5.3340 -3.9108 -14.4780 -3.8100 -3.8346 -12.9540 -3.8100 -4.1333 -14.4780 -2.2860 -3.8682 -12.9540 -2.2860 -4.1242 -14.4780 -0.7620 -3.9474 -11.4300 -8.3820 -4.0846 -11.4300 -9.9060 -3.9870 -9.9060 -9.9060 -4.0937 -9.9060 -8.3820 -4.1791 -9.9060 -5.3340 -4.4016 -14.4780 -9.9060 -3.8468 -11.4300 -6.8580 -4.2004 -11.4300 -5.3340 -4.3101 -11.4300 -3.8100 -4.3467 -11.4300 -2.2860 -4.3406 -9.9060 -3.8100 -4.4900 -11.4300 -0.7620 -4.3680 -9.9060 -0.7620 -4.5540 -9.9060 -2.2860 -4.5265 -9.9060 0.7620 -4.5479 -12.9540 -9.9060 -3.9200 -12.9540 -0.7620 -4.1364 -14.4780 5.3340 -3.9931 -12.9540 3.8100 -4.1608 -12.9540 2.2860 -4.1760 -12.9540 0.7620 -4.1791 -12.9540 5.3340 -4.1120 -14.4780 8.3820 -3.9688 -14.4780 6.8580 -3.9779 -12.9540 8.3820 -4.0632 -11.4300 8.3820 -4.1669 -12.9540 9.9060 -4.0785 -12.9540 6.8580 -4.0815 -14.4780 9.9060 -3.9657 -14.4780 0.7620 -3.9840 -11.4300 3.8100 -4.3223 -11.4300 2.2860 -4.3619 -9.9060 2.2860 -4.4869 -9.9060 3.8100 -4.4381 -11.4300 6.8580 -4.1913 -9.9060 8.3820 -4.2857 -9.9060 11.4300 -4.3376 -11.4300 9.9060 -4.1882 -11.4300 5.3340 -4.2553 -9.9060 9.9060 -4.2949 -11.4300 0.7620 -4.3741 -14.4780 11.4300 -4.0206 -9.9060 -20.5740 -4.1669 -16.0020 -32.7660 -4.8405 -31.2420 11.4300 -2.8898 -9.9060 -6.8580 -4.2918 -73.9140 9.9060 -1.0914 -73.9140 11.4300 -1.0914 -73.9140 12.9540 -1.0762 -72.3900 11.4300 -1.1036 -72.3900 12.9540 -1.0945 -72.3900 14.4780 -1.1128 -70.8660 16.0020 -1.0671 -72.3900 16.0020 -1.1311 -73.9140 14.4780 -1.0853 -70.8660 14.4780 -1.1158 -69.3420 12.9540 -1.1250 -67.8180 12.9540 -1.1433 -66.2940 12.9540 -1.2347 -69.3420 11.4300 -1.1158 -69.3420 14.4780 -1.1250 -69.3420 16.0020 -1.1280 -67.8180 16.0020 -1.1798 -67.8180 14.4780 -1.1554 -66.2940 16.0020 -1.3353 -70.8660 12.9540 -1.0975 -72.3900 17.5260 -1.1341 -70.8660 19.0500 -1.1615 -67.8180 19.0500 -1.2134 -69.3420 20.5740 -1.1798 -66.2940 19.0500 -1.2743 -70.8660 17.5260 -1.1219 -69.3420 17.5260 -1.1585 -67.8180 20.5740 -1.1981 -69.3420 22.0980 -1.1341 -66.2940 23.6220 -1.2042 -67.8180 22.0980 -1.1402 -66.2940 25.1460 -1.2012 -66.2940 20.5740 -1.2530 -67.8180 23.6220 -1.1829 -69.3420 23.6220 -1.2103 -69.3420 25.1460 -1.2256 -66.2940 22.0980 -1.2469 -69.3420 19.0500 -1.1707 -67.8180 17.5260 -1.2042 -66.2940 14.4780 -1.2774 -64.7700 12.9540 -1.3871 -63.2460 12.9540 -1.5913 -64.7700 14.4780 -1.5243 -61.7220 12.9540 -1.6736 -64.7700 11.4300 -1.3353 -64.7700 16.0020 -1.6645 -61.7220 16.0020 -2.0272 -63.2460 16.0020 -1.9754 -63.2460 14.4780 -1.7650 -63.2460 17.5260 -1.9510 -61.7220 14.4780 -1.8321 -61.7220 11.4300 -1.5913 -60.1980 12.9540 -1.7986 -60.1980 14.4780 -1.9144 -58.6740 14.4780 -2.0394 -58.6740 11.4300 -1.9144 -61.7220 17.5260 -2.0698 -58.6740 16.0020 -2.0638 -58.6740 17.5260 -2.0912 -60.1980 16.0020 -2.0241 -60.1980 17.5260 -2.0881 -63.2460 11.4300 -1.4511 -64.7700 19.0500 -1.4389 -63.2460 19.0500 -1.8108 -63.2460 20.5740 -1.5456 -64.7700 17.5260 -1.6309 -64.7700 20.5740 -1.3688 -64.7700 22.0980 -1.2865 -64.7700 23.6220 -1.2408 -63.2460 23.6220 -1.2652 -63.2460 22.0980 -1.3414 -60.1980 19.0500 -2.0851 -60.1980 20.5740 -2.0150 -61.7220 20.5740 -1.7833 -61.7220 19.0500 -1.9632 -58.6740 20.5740 -2.0424 -61.7220 22.0980 -1.5395 -61.7220 23.6220 -1.3139 -60.1980 23.6220 -1.5822 -61.7220 25.1460 -1.2835 -58.6740 23.6220 -1.7590 -60.1980 22.0980 -1.7986 -58.6740 25.1460 -1.5517 -58.6740 19.0500 -2.0851 -58.6740 12.9540 -1.9997 -66.2940 17.5260 -1.3018 -60.1980 11.4300 -1.7559 -67.8180 25.1460 -1.1951 -63.2460 26.6700 -1.2774 -63.2460 25.1460 -1.2713 -63.2460 28.1940 -1.2743 -64.7700 28.1940 -1.2256 -66.2940 29.7180 -1.2499 -64.7700 29.7180 -1.2316 -63.2460 29.7180 -1.2774 -63.2460 31.2420 -1.2743 -64.7700 31.2420 -1.2438 -66.2940 26.6700 -1.2256 -64.7700 25.1460 -1.2347 -64.7700 26.6700 -1.2225 -63.2460 35.8140 -1.3170 -63.2460 32.7660 -1.2957 -63.2460 34.2900 -1.3231 -64.7700 32.7660 -1.2743 -61.7220 28.1940 -1.3170 -61.7220 26.6700 -1.2957 -61.7220 29.7180 -1.3109 -60.1980 28.1940 -1.3840 -61.7220 31.2420 -1.3078 -61.7220 35.8140 -1.3109 -61.7220 34.2900 -1.3200 -61.7220 37.3380 -1.3719 -61.7220 32.7660 -1.3078 -60.1980 26.6700 -1.3505 -58.6740 26.6700 -1.4511 -60.1980 29.7180 -1.3688 -58.6740 31.2420 -1.3810 -58.6740 29.7180 -1.3932 -60.1980 32.7660 -1.3505 -60.1980 34.2900 -1.3414 -60.1980 35.8140 -1.3414 -58.6740 37.3380 -1.3962 -58.6740 34.2900 -1.3719 -58.6740 35.8140 -1.3627 -57.1500 34.2900 -1.3962 -58.6740 32.7660 -1.3840 -60.1980 31.2420 -1.3597 -60.1980 37.3380 -1.3627 -60.1980 41.9100 -1.3932 -61.7220 38.8620 -1.3871 -61.7220 49.5300 -1.3261 -58.6740 40.3860 -1.3932 -60.1980 43.4340 -1.3932 -58.6740 41.9100 -1.3932 -58.6740 38.8620 -1.3901 -60.1980 38.8620 -1.3688 -58.6740 43.4340 -1.3871 -60.1980 48.0060 -1.4054 -60.1980 46.4820 -1.3962 -58.6740 44.9580 -1.3810 -58.6740 48.0060 -1.4176 -58.6740 46.4820 -1.4023 -60.1980 40.3860 -1.3871 -60.1980 49.5300 -1.4145 -60.1980 25.1460 -1.4267 -58.6740 22.0980 -1.9449 -57.1500 14.4780 -2.0607 -57.1500 12.9540 -2.0394 -55.6260 12.9540 -1.8992 -57.1500 17.5260 -2.0698 -55.6260 14.4780 -1.9205 -55.6260 11.4300 -1.9327 -57.1500 16.0020 -2.0668 -57.1500 19.0500 -2.0272 -55.6260 17.5260 -1.9784 -55.6260 19.0500 -1.9693 -55.6260 16.0020 -1.9357 -55.6260 20.5740 -1.9053 -57.1500 20.5740 -1.9723 -54.1020 14.4780 -1.8595 -52.5780 14.4780 -2.0180 -52.5780 12.9540 -2.1278 -51.0540 12.9540 -2.2984 -54.1020 16.0020 -1.8931 -54.1020 19.0500 -1.9601 -54.1020 17.5260 -1.9510 -52.5780 17.5260 -2.0119 -52.5780 19.0500 -2.0516 -52.5780 16.0020 -1.9936 -52.5780 20.5740 -1.9967 -54.1020 12.9540 -1.9540 -54.1020 20.5740 -1.9144 -57.1500 22.0980 -1.8931 -57.1500 23.6220 -1.7833 -55.6260 22.0980 -1.8656 -57.1500 25.1460 -1.6309 -57.1500 28.1940 -1.4572 -57.1500 26.6700 -1.5121 -57.1500 29.7180 -1.4328 -57.1500 31.2420 -1.4084 -55.6260 26.6700 -1.5517 -55.6260 28.1940 -1.4999 -55.6260 25.1460 -1.6888 -55.6260 23.6220 -1.8199 -58.6740 28.1940 -1.4298 -54.1020 23.6220 -1.8900 -54.1020 22.0980 -1.8656 -52.5780 23.6220 -1.9235 -52.5780 22.0980 -1.9266 -52.5780 25.1460 -1.8992 -54.1020 25.1460 -1.7986 -54.1020 28.1940 -1.6248 -54.1020 26.6700 -1.6888 -54.1020 29.7180 -1.6096 -52.5780 26.6700 -1.7864 -52.5780 28.1940 -1.7193 -55.6260 29.7180 -1.4572 -51.0540 16.0020 -2.2558 -49.5300 12.9540 -2.5728 -49.5300 14.4780 -2.5697 -51.0540 17.5260 -2.1918 -49.5300 19.0500 -2.2863 -49.5300 17.5260 -2.3929 -49.5300 20.5740 -2.2497 -51.0540 14.4780 -2.3289 -48.0060 12.9540 -2.6490 -49.5300 16.0020 -2.5545 -48.0060 16.0020 -2.7069 -48.0060 14.4780 -2.7099 -46.4820 14.4780 -2.6947 -46.4820 12.9540 -2.6734 -46.4820 11.4300 -2.6947 -46.4820 16.0020 -2.7404 -48.0060 17.5260 -2.5758 -48.0060 19.0500 -2.3381 -46.4820 19.0500 -2.3686 -46.4820 17.5260 -2.6368 -46.4820 20.5740 -2.2588 -48.0060 20.5740 -2.2619 -51.0540 22.0980 -2.0698 -51.0540 20.5740 -2.1339 -51.0540 23.6220 -2.0058 -49.5300 23.6220 -2.1095 -49.5300 22.0980 -2.2009 -51.0540 28.1940 -1.8260 -51.0540 26.6700 -1.8900 -51.0540 25.1460 -1.9632 -49.5300 26.6700 -1.9784 -49.5300 25.1460 -2.0577 -49.5300 28.1940 -1.9144 -48.0060 22.0980 -2.2131 -48.0060 23.6220 -2.1674 -46.4820 23.6220 -2.1704 -46.4820 22.0980 -2.2101 -44.9580 22.0980 -2.2497 -48.0060 25.1460 -2.0942 -48.0060 28.1940 -1.9479 -48.0060 26.6700 -2.0119 -46.4820 26.6700 -2.0455 -46.4820 29.7180 -1.9540 -46.4820 28.1940 -1.9906 -46.4820 25.1460 -2.1217 -49.5300 29.7180 -1.8900 -51.0540 19.0500 -2.1765 -51.0540 11.4300 -2.4935 -48.0060 29.7180 -1.9205 -55.6260 34.2900 -1.4115 -55.6260 31.2420 -1.4206 -57.1500 38.8620 -1.4145 -57.1500 35.8140 -1.4084 -57.1500 37.3380 -1.4206 -55.6260 37.3380 -1.4176 -55.6260 38.8620 -1.4267 -55.6260 35.8140 -1.4145 -55.6260 32.7660 -1.3993 -57.1500 32.7660 -1.3962 -54.1020 32.7660 -1.4877 -54.1020 31.2420 -1.5243 -52.5780 32.7660 -1.6096 -51.0540 31.2420 -1.7498 -52.5780 34.2900 -1.5730 -52.5780 29.7180 -1.6736 -52.5780 31.2420 -1.6523 -54.1020 34.2900 -1.4602 -54.1020 37.3380 -1.4724 -54.1020 38.8620 -1.4694 -52.5780 38.8620 -1.5151 -51.0540 38.8620 -1.5364 -52.5780 37.3380 -1.5121 -52.5780 40.3860 -1.5029 -57.1500 43.4340 -1.3962 -57.1500 40.3860 -1.4054 -55.6260 41.9100 -1.4206 -55.6260 43.4340 -1.4115 -55.6260 40.3860 -1.4237 -57.1500 48.0060 -1.4328 -57.1500 46.4820 -1.4115 -55.6260 48.0060 -1.4359 -55.6260 44.9580 -1.4206 -55.6260 46.4820 -1.4206 -57.1500 44.9580 -1.3932 -57.1500 41.9100 -1.3993 -54.1020 40.3860 -1.4359 -54.1020 41.9100 -1.4359 -52.5780 41.9100 -1.4785 -51.0540 43.4340 -1.5090 -52.5780 43.4340 -1.4602 -52.5780 44.9580 -1.4420 -54.1020 48.0060 -1.4694 -54.1020 46.4820 -1.4328 -52.5780 48.0060 -1.4450 -52.5780 46.4820 -1.4633 -54.1020 44.9580 -1.4481 -51.0540 44.9580 -1.4968 -54.1020 43.4340 -1.4359 -54.1020 49.5300 -1.4298 -51.0540 32.7660 -1.6767 -51.0540 34.2900 -1.6584 -49.5300 34.2900 -1.6980 -49.5300 32.7660 -1.7650 -49.5300 31.2420 -1.8230 -51.0540 29.7180 -1.7894 -51.0540 35.8140 -1.6218 -51.0540 37.3380 -1.5700 -49.5300 37.3380 -1.5944 -48.0060 37.3380 -1.6523 -49.5300 35.8140 -1.6492 -49.5300 38.8620 -1.5669 -51.0540 40.3860 -1.5364 -48.0060 32.7660 -1.7955 -48.0060 31.2420 -1.8778 -46.4820 32.7660 -1.8504 -46.4820 31.2420 -1.9114 -46.4820 34.2900 -1.7772 -48.0060 34.2900 -1.7346 -48.0060 35.8140 -1.6828 -46.4820 37.3380 -1.6980 -46.4820 35.8140 -1.7254 -48.0060 38.8620 -1.6218 -46.4820 38.8620 -1.6553 -49.5300 40.3860 -1.5608 -49.5300 41.9100 -1.5761 -48.0060 41.9100 -1.6005 -49.5300 43.4340 -1.5639 -51.0540 48.0060 -1.4663 -51.0540 46.4820 -1.4968 -49.5300 46.4820 -1.5090 -49.5300 48.0060 -1.4999 -49.5300 44.9580 -1.5456 -48.0060 43.4340 -1.6005 -51.0540 41.9100 -1.5212 -46.4820 43.4340 -1.6309 -46.4820 41.9100 -1.6309 -46.4820 40.3860 -1.6187 -46.4820 44.9580 -1.6431 -48.0060 46.4820 -1.5822 -48.0060 48.0060 -1.5669 -46.4820 46.4820 -1.6248 -46.4820 48.0060 -1.6126 -48.0060 44.9580 -1.5852 -46.4820 49.5300 -1.5852 -44.9580 48.0060 -1.6523 -48.0060 40.3860 -1.6035 -54.1020 35.8140 -1.4389 -52.5780 35.8140 -1.5334 -58.6740 49.5300 -1.4328 -44.9580 14.4780 -2.7465 -49.5300 11.4300 -2.6307 -48.0060 11.4300 -2.6734 -66.2940 60.1980 -1.3505 -63.2460 58.6740 -1.3536 -63.2460 57.1500 -1.3261 -64.7700 58.6740 -1.3322 -64.7700 61.7220 -1.4206 -64.7700 60.1980 -1.3658 -66.2940 61.7220 -1.4084 -63.2460 61.7220 -1.4359 -63.2460 60.1980 -1.4267 -63.2460 63.2460 -1.4328 -66.2940 63.2460 -1.4023 -67.8180 64.7700 -1.3840 -69.3420 67.8180 -1.4084 -66.2940 64.7700 -1.4298 -63.2460 64.7700 -1.4145 -64.7700 64.7700 -1.4450 -66.2940 67.8180 -1.4542 -67.8180 67.8180 -1.4511 -66.2940 66.2940 -1.4542 -64.7700 66.2940 -1.4420 -64.7700 67.8180 -1.4481 -67.8180 66.2940 -1.4023 -64.7700 63.2460 -1.4420 -60.1980 55.6260 -1.3780 -60.1980 54.1020 -1.3780 -61.7220 54.1020 -1.3353 -61.7220 55.6260 -1.3383 -61.7220 57.1500 -1.3658 -60.1980 58.6740 -1.3780 -60.1980 57.1500 -1.3780 -61.7220 58.6740 -1.4054 -60.1980 51.0540 -1.3962 -58.6740 52.5780 -1.4115 -58.6740 51.0540 -1.4206 -60.1980 52.5780 -1.3901 -57.1500 52.5780 -1.3993 -58.6740 54.1020 -1.3871 -58.6740 57.1500 -1.3597 -58.6740 55.6260 -1.3780 -57.1500 60.1980 -1.3688 -57.1500 54.1020 -1.3901 -58.6740 58.6740 -1.3749 -61.7220 61.7220 -1.4206 -61.7220 63.2460 -1.3840 -61.7220 60.1980 -1.4115 -60.1980 63.2460 -1.4206 -61.7220 64.7700 -1.3962 -61.7220 67.8180 -1.3719 -63.2460 66.2940 -1.3901 -61.7220 66.2940 -1.3749 -63.2460 67.8180 -1.4054 -60.1980 67.8180 -1.3597 -61.7220 69.3420 -1.4054 -60.1980 60.1980 -1.4084 -58.6740 61.7220 -1.4298 -57.1500 61.7220 -1.3871 -58.6740 63.2460 -1.4206 -58.6740 60.1980 -1.4115 -60.1980 64.7700 -1.3901 -58.6740 64.7700 -1.3993 -60.1980 66.2940 -1.3780 -58.6740 66.2940 -1.3780 -57.1500 69.3420 -1.4237 -58.6740 67.8180 -1.3780 -57.1500 64.7700 -1.3932 -57.1500 66.2940 -1.4023 -60.1980 61.7220 -1.4298 -57.1500 67.8180 -1.4115 -61.7220 51.0540 -1.3170 -63.2460 69.3420 -1.4176 -69.3420 70.8660 -1.4328 -67.8180 72.3900 -1.4542 -69.3420 69.3420 -1.4298 -67.8180 73.9140 -1.3780 -69.3420 72.3900 -1.4542 -67.8180 70.8660 -1.4816 -66.2940 70.8660 -1.4694 -64.7700 69.3420 -1.4359 -64.7700 70.8660 -1.4176 -66.2940 72.3900 -1.4694 -64.7700 72.3900 -1.4420 -66.2940 69.3420 -1.4572 -66.2940 73.9140 -1.4206 -66.2940 75.4380 -1.3566 -66.2940 76.9620 -1.3505 -64.7700 73.9140 -1.4237 -64.7700 76.9620 -1.3597 -64.7700 75.4380 -1.3871 -67.8180 69.3420 -1.4755 -66.2940 81.5340 -1.4999 -64.7700 80.0100 -1.4816 -64.7700 78.4860 -1.4084 -64.7700 81.5340 -1.5121 -64.7700 83.0580 -1.4755 -63.2460 83.0580 -1.4511 -66.2940 83.0580 -1.5395 -64.7700 84.5820 -1.4999 -63.2460 78.4860 -1.3993 -63.2460 72.3900 -1.3962 -61.7220 72.3900 -1.3993 -61.7220 70.8660 -1.4206 -63.2460 73.9140 -1.4176 -63.2460 76.9620 -1.4176 -61.7220 76.9620 -1.4481 -61.7220 75.4380 -1.4450 -60.1980 75.4380 -1.4206 -61.7220 73.9140 -1.3840 -63.2460 75.4380 -1.4206 -58.6740 70.8660 -1.4054 -60.1980 70.8660 -1.3962 -57.1500 73.9140 -1.4328 -60.1980 69.3420 -1.3688 -58.6740 72.3900 -1.4206 -60.1980 73.9140 -1.3962 -58.6740 75.4380 -1.4206 -58.6740 76.9620 -1.4481 -58.6740 73.9140 -1.4267 -57.1500 78.4860 -1.4450 -60.1980 72.3900 -1.4054 -60.1980 76.9620 -1.4724 -61.7220 80.0100 -1.4206 -61.7220 81.5340 -1.4206 -63.2460 81.5340 -1.4785 -60.1980 81.5340 -1.4328 -60.1980 80.0100 -1.4389 -61.7220 78.4860 -1.4328 -63.2460 84.5820 -1.4846 -63.2460 86.1060 -1.5547 -61.7220 86.1060 -1.5090 -61.7220 84.5820 -1.4785 -60.1980 86.1060 -1.5212 -61.7220 83.0580 -1.4481 -60.1980 84.5820 -1.4907 -63.2460 80.0100 -1.4633 -60.1980 78.4860 -1.4633 -58.6740 78.4860 -1.4572 -58.6740 80.0100 -1.4602 -57.1500 80.0100 -1.4572 -58.6740 81.5340 -1.4298 -60.1980 83.0580 -1.4694 -58.6740 84.5820 -1.5182 -58.6740 86.1060 -1.5517 -57.1500 86.1060 -1.5944 -58.6740 83.0580 -1.4938 -57.1500 81.5340 -1.4816 -57.1500 70.8660 -1.4267 -63.2460 70.8660 -1.4237 -58.6740 69.3420 -1.3871 -57.1500 55.6260 -1.3780 -57.1500 57.1500 -1.3658 -55.6260 51.0540 -1.4298 -55.6260 52.5780 -1.3962 -54.1020 51.0540 -1.4115 -55.6260 54.1020 -1.3901 -54.1020 54.1020 -1.3688 -57.1500 49.5300 -1.4420 -55.6260 55.6260 -1.3810 -55.6260 57.1500 -1.3780 -55.6260 58.6740 -1.3780 -57.1500 51.0540 -1.4267 -54.1020 52.5780 -1.3810 -52.5780 52.5780 -1.3840 -52.5780 51.0540 -1.3993 -52.5780 54.1020 -1.3749 -54.1020 55.6260 -1.3688 -54.1020 57.1500 -1.3719 -52.5780 55.6260 -1.3719 -52.5780 57.1500 -1.3658 -51.0540 57.1500 -1.3597 -52.5780 58.6740 -1.3932 -54.1020 58.6740 -1.3810 -55.6260 49.5300 -1.4389 -55.6260 60.1980 -1.3658 -55.6260 61.7220 -1.3658 -54.1020 63.2460 -1.3932 -57.1500 63.2460 -1.4023 -55.6260 67.8180 -1.4298 -55.6260 69.3420 -1.4450 -55.6260 63.2460 -1.3810 -55.6260 64.7700 -1.4084 -54.1020 64.7700 -1.4023 -55.6260 66.2940 -1.4176 -54.1020 60.1980 -1.3901 -52.5780 61.7220 -1.3840 -52.5780 60.1980 -1.3962 -51.0540 61.7220 -1.4023 -52.5780 63.2460 -1.4023 -54.1020 66.2940 -1.4115 -54.1020 67.8180 -1.4298 -52.5780 66.2940 -1.4298 -51.0540 64.7700 -1.4267 -52.5780 67.8180 -1.4542 -52.5780 64.7700 -1.4084 -54.1020 61.7220 -1.3901 -51.0540 58.6740 -1.3719 -49.5300 51.0540 -1.4389 -49.5300 49.5300 -1.4663 -49.5300 52.5780 -1.4023 -51.0540 54.1020 -1.3719 -49.5300 54.1020 -1.3688 -49.5300 55.6260 -1.3658 -48.0060 55.6260 -1.3901 -49.5300 57.1500 -1.3719 -48.0060 54.1020 -1.4054 -51.0540 55.6260 -1.3566 -48.0060 51.0540 -1.4938 -46.4820 51.0540 -1.5456 -46.4820 52.5780 -1.4968 -46.4820 55.6260 -1.4359 -46.4820 54.1020 -1.4572 -48.0060 58.6740 -1.3871 -48.0060 57.1500 -1.3810 -46.4820 57.1500 -1.4145 -46.4820 58.6740 -1.4206 -48.0060 52.5780 -1.4450 -48.0060 49.5300 -1.5212 -49.5300 60.1980 -1.3932 -51.0540 63.2460 -1.4206 -49.5300 63.2460 -1.4084 -48.0060 63.2460 -1.4176 -49.5300 61.7220 -1.4084 -49.5300 58.6740 -1.3810 -51.0540 66.2940 -1.4267 -51.0540 67.8180 -1.4542 -49.5300 64.7700 -1.4145 -49.5300 69.3420 -1.4511 -49.5300 66.2940 -1.4145 -49.5300 67.8180 -1.4176 -51.0540 60.1980 -1.3780 -48.0060 64.7700 -1.4237 -46.4820 61.7220 -1.4511 -46.4820 63.2460 -1.4481 -46.4820 60.1980 -1.4450 -48.0060 67.8180 -1.4450 -48.0060 66.2940 -1.4298 -46.4820 64.7700 -1.4511 -46.4820 66.2940 -1.4572 -46.4820 67.8180 -1.4907 -48.0060 61.7220 -1.4084 -48.0060 60.1980 -1.3932 -51.0540 51.0540 -1.4023 -51.0540 52.5780 -1.3810 -52.5780 49.5300 -1.4298 -51.0540 69.3420 -1.4724 -55.6260 70.8660 -1.4663 -57.1500 75.4380 -1.4389 -55.6260 72.3900 -1.4694 -55.6260 73.9140 -1.4572 -57.1500 76.9620 -1.4359 -55.6260 76.9620 -1.4633 -55.6260 78.4860 -1.4450 -55.6260 75.4380 -1.4602 -55.6260 80.0100 -1.4572 -54.1020 72.3900 -1.4846 -54.1020 70.8660 -1.4907 -52.5780 72.3900 -1.4511 -52.5780 70.8660 -1.4785 -54.1020 69.3420 -1.4724 -54.1020 73.9140 -1.4633 -54.1020 80.0100 -1.4846 -54.1020 76.9620 -1.4633 -54.1020 78.4860 -1.4724 -52.5780 75.4380 -1.4572 -54.1020 75.4380 -1.4511 -52.5780 80.0100 -1.5151 -57.1500 83.0580 -1.5243 -55.6260 83.0580 -1.5334 -55.6260 86.1060 -1.6005 -55.6260 81.5340 -1.4846 -55.6260 87.6300 -1.5852 -55.6260 84.5820 -1.5700 -57.1500 84.5820 -1.5517 -54.1020 84.5820 -1.5822 -54.1020 83.0580 -1.5639 -52.5780 81.5340 -1.5639 -52.5780 84.5820 -1.5486 -52.5780 83.0580 -1.5639 -54.1020 81.5340 -1.5243 -54.1020 89.1540 -1.5517 -52.5780 87.6300 -1.5852 -52.5780 86.1060 -1.5547 -54.1020 87.6300 -1.5639 -54.1020 86.1060 -1.5913 -52.5780 73.9140 -1.4328 -57.1500 72.3900 -1.4328 -51.0540 70.8660 -1.4907 -51.0540 72.3900 -1.4542 -49.5300 72.3900 -1.4785 -49.5300 70.8660 -1.4907 -49.5300 73.9140 -1.4420 -52.5780 69.3420 -1.4968 -51.0540 73.9140 -1.4389 -51.0540 75.4380 -1.4481 -49.5300 76.9620 -1.4663 -48.0060 72.3900 -1.5121 -48.0060 70.8660 -1.4999 -46.4820 72.3900 -1.5486 -46.4820 70.8660 -1.5395 -46.4820 69.3420 -1.5182 -48.0060 75.4380 -1.4481 -48.0060 76.9620 -1.4999 -49.5300 75.4380 -1.4389 -46.4820 75.4380 -1.4907 -46.4820 73.9140 -1.5121 -44.9580 73.9140 -1.5364 -48.0060 73.9140 -1.4755 -46.4820 76.9620 -1.5151 -51.0540 81.5340 -1.5608 -51.0540 80.0100 -1.5334 -51.0540 76.9620 -1.4694 -51.0540 78.4860 -1.4846 -51.0540 83.0580 -1.5364 -51.0540 86.1060 -1.5456 -49.5300 86.1060 -1.5547 -51.0540 84.5820 -1.5364 -52.5780 78.4860 -1.4877 -48.0060 80.0100 -1.5364 -49.5300 81.5340 -1.5517 -46.4820 80.0100 -1.5486 -49.5300 78.4860 -1.5090 -49.5300 83.0580 -1.5395 -49.5300 84.5820 -1.5182 -48.0060 83.0580 -1.5639 -48.0060 84.5820 -1.5669 -48.0060 81.5340 -1.5425 -46.4820 81.5340 -1.5578 -49.5300 80.0100 -1.4968 -48.0060 78.4860 -1.5334 -52.5780 76.9620 -1.4694 -48.0060 69.3420 -1.4694 -44.9580 66.2940 -1.5060 -57.1500 58.6740 -1.3688 -51.0540 49.5300 -1.4359 -43.4340 12.9540 -2.9141 -41.9100 14.4780 -2.9629 -41.9100 12.9540 -2.9964 -43.4340 14.4780 -2.8410 -43.4340 16.0020 -2.8014 -44.9580 17.5260 -2.6551 -40.3860 16.0020 -2.9355 -41.9100 16.0020 -2.8318 -40.3860 14.4780 -3.0361 -44.9580 12.9540 -2.7587 -37.3380 12.9540 -2.7800 -38.8620 12.9540 -2.9263 -43.4340 11.4300 -2.8258 -38.8620 14.4780 -2.9995 -38.8620 16.0020 -2.9660 -35.8140 16.0020 -2.8593 -37.3380 16.0020 -2.9446 -37.3380 14.4780 -2.8715 -40.3860 17.5260 -2.7556 -40.3860 12.9540 -2.9964 -37.3380 17.5260 -2.8623 -44.9580 19.0500 -2.4661 -41.9100 17.5260 -2.7343 -41.9100 19.0500 -2.6063 -43.4340 19.0500 -2.5636 -43.4340 17.5260 -2.7160 -43.4340 22.0980 -2.3381 -41.9100 22.0980 -2.4143 -43.4340 20.5740 -2.4234 -41.9100 20.5740 -2.4966 -44.9580 23.6220 -2.2222 -38.8620 17.5260 -2.8410 -38.8620 19.0500 -2.6764 -37.3380 19.0500 -2.7496 -40.3860 19.0500 -2.6215 -40.3860 23.6220 -2.3960 -40.3860 20.5740 -2.5423 -40.3860 22.0980 -2.4813 -37.3380 20.5740 -2.6459 -37.3380 22.0980 -2.6307 -38.8620 22.0980 -2.5453 -38.8620 20.5740 -2.5819 -38.8620 23.6220 -2.4935 -41.9100 23.6220 -2.3503 -44.9580 20.5740 -2.3259 -35.8140 14.4780 -2.8014 -34.2900 12.9540 -2.7617 -32.7660 11.4300 -2.8075 -32.7660 12.9540 -2.8075 -38.8620 11.4300 -2.7465 -34.2900 16.0020 -2.8837 -35.8140 17.5260 -2.8715 -32.7660 16.0020 -2.9385 -34.2900 14.4780 -2.8136 -32.7660 14.4780 -2.8562 -29.7180 12.9540 -2.9446 -31.2420 14.4780 -2.8959 -29.7180 14.4780 -2.9507 -31.2420 12.9540 -2.8684 -31.2420 17.5260 -2.8715 -29.7180 16.0020 -2.9507 -29.7180 17.5260 -2.8898 -31.2420 16.0020 -2.9385 -28.1940 14.4780 -3.0361 -28.1940 16.0020 -3.0513 -28.1940 17.5260 -2.9721 -28.1940 12.9540 -2.9873 -29.7180 11.4300 -2.9446 -34.2900 19.0500 -2.8197 -34.2900 20.5740 -2.7526 -35.8140 20.5740 -2.6947 -32.7660 19.0500 -2.8410 -32.7660 17.5260 -2.9477 -32.7660 20.5740 -2.8044 -34.2900 17.5260 -2.8867 -35.8140 22.0980 -2.6825 -34.2900 22.0980 -2.7343 -35.8140 23.6220 -2.6703 -34.2900 23.6220 -2.7191 -35.8140 19.0500 -2.7739 -29.7180 20.5740 -2.8776 -29.7180 19.0500 -2.8532 -28.1940 20.5740 -2.9385 -31.2420 22.0980 -2.8288 -31.2420 20.5740 -2.8349 -32.7660 22.0980 -2.7892 -28.1940 22.0980 -2.9294 -28.1940 23.6220 -2.8959 -29.7180 22.0980 -2.8776 -32.7660 23.6220 -2.7587 -28.1940 19.0500 -2.9416 -31.2420 19.0500 -2.8471 -37.3380 23.6220 -2.5850 -35.8140 12.9540 -2.7678 -37.3380 11.4300 -2.7404 -43.4340 25.1460 -2.2680 -43.4340 26.6700 -2.2344 -44.9580 26.6700 -2.1339 -41.9100 25.1460 -2.3167 -41.9100 26.6700 -2.2893 -43.4340 23.6220 -2.2832 -44.9580 28.1940 -2.0394 -43.4340 28.1940 -2.1582 -44.9580 29.7180 -1.9784 -43.4340 29.7180 -2.0668 -44.9580 25.1460 -2.1948 -38.8620 25.1460 -2.4387 -38.8620 26.6700 -2.4021 -37.3380 25.1460 -2.5423 -37.3380 26.6700 -2.4935 -40.3860 28.1940 -2.2984 -40.3860 26.6700 -2.3472 -40.3860 29.7180 -2.2253 -41.9100 28.1940 -2.2405 -38.8620 28.1940 -2.3564 -37.3380 28.1940 -2.4204 -37.3380 29.7180 -2.3259 -41.9100 29.7180 -2.1552 -40.3860 25.1460 -2.3746 -44.9580 31.2420 -1.9388 -43.4340 31.2420 -1.9845 -44.9580 32.7660 -1.8809 -41.9100 31.2420 -2.0607 -43.4340 32.7660 -1.9266 -41.9100 32.7660 -2.0028 -43.4340 34.2900 -1.8748 -44.9580 34.2900 -1.8291 -44.9580 35.8140 -1.7681 -41.9100 34.2900 -1.9540 -41.9100 35.8140 -1.9053 -43.4340 35.8140 -1.8321 -40.3860 31.2420 -2.1247 -38.8620 31.2420 -2.1796 -40.3860 32.7660 -2.0607 -37.3380 31.2420 -2.2436 -38.8620 32.7660 -2.1064 -38.8620 29.7180 -2.2710 -40.3860 34.2900 -2.0119 -37.3380 34.2900 -2.1186 -38.8620 35.8140 -2.0028 -37.3380 35.8140 -2.0820 -37.3380 32.7660 -2.1765 -38.8620 34.2900 -2.0546 -35.8140 29.7180 -2.4265 -35.8140 25.1460 -2.6215 -34.2900 25.1460 -2.6825 -32.7660 25.1460 -2.7191 -34.2900 26.6700 -2.6276 -32.7660 26.6700 -2.6764 -34.2900 29.7180 -2.5088 -32.7660 28.1940 -2.6276 -34.2900 28.1940 -2.5758 -35.8140 28.1940 -2.4996 -31.2420 25.1460 -2.7587 -29.7180 25.1460 -2.8044 -31.2420 26.6700 -2.7160 -29.7180 26.6700 -2.7526 -28.1940 25.1460 -2.8562 -29.7180 23.6220 -2.8471 -31.2420 28.1940 -2.6734 -28.1940 29.7180 -2.6794 -29.7180 28.1940 -2.7099 -28.1940 26.6700 -2.7983 -29.7180 29.7180 -2.6459 -28.1940 28.1940 -2.7435 -32.7660 29.7180 -2.5758 -35.8140 31.2420 -2.3442 -35.8140 32.7660 -2.2771 -34.2900 32.7660 -2.3777 -34.2900 31.2420 -2.4387 -35.8140 34.2900 -2.2283 -34.2900 34.2900 -2.3198 -32.7660 34.2900 -2.3716 -32.7660 35.8140 -2.3045 -34.2900 35.8140 -2.2588 -32.7660 32.7660 -2.4356 -31.2420 29.7180 -2.6185 -31.2420 31.2420 -2.5453 -31.2420 32.7660 -2.4722 -29.7180 32.7660 -2.5057 -28.1940 32.7660 -2.5392 -29.7180 31.2420 -2.5728 -31.2420 34.2900 -2.4082 -28.1940 34.2900 -2.4935 -29.7180 35.8140 -2.3868 -29.7180 34.2900 -2.4478 -31.2420 35.8140 -2.3442 -32.7660 31.2420 -2.5057 -28.1940 31.2420 -2.6063 -35.8140 26.6700 -2.5667 -31.2420 23.6220 -2.8014 -35.8140 35.8140 -2.1796 -35.8140 37.3380 -2.1308 -44.9580 16.0020 -2.7892 -26.6700 12.9540 -3.0147 -25.1460 11.4300 -3.1062 -25.1460 12.9540 -3.0361 -23.6220 12.9540 -3.2311 -23.6220 14.4780 -3.1793 -26.6700 11.4300 -3.0239 -26.6700 14.4780 -3.0574 -23.6220 17.5260 -3.3317 -25.1460 16.0020 -3.1458 -25.1460 14.4780 -3.0787 -25.1460 17.5260 -3.2037 -26.6700 16.0020 -3.1001 -22.0980 12.9540 -3.4811 -20.5740 11.4300 -3.6243 -20.5740 12.9540 -3.6853 -19.0500 11.4300 -3.6914 -19.0500 14.4780 -3.7676 -20.5740 14.4780 -3.6182 -22.0980 16.0020 -3.3866 -22.0980 14.4780 -3.3957 -20.5740 16.0020 -3.5573 -19.0500 17.5260 -3.7493 -19.0500 16.0020 -3.7462 -23.6220 11.4300 -3.2403 -22.0980 11.4300 -3.5237 -23.6220 16.0020 -3.2433 -26.6700 19.0500 -3.0696 -25.1460 19.0500 -3.2068 -26.6700 20.5740 -3.0391 -23.6220 19.0500 -3.3287 -26.6700 22.0980 -3.0086 -25.1460 22.0980 -3.0848 -23.6220 22.0980 -3.1641 -25.1460 20.5740 -3.1519 -23.6220 20.5740 -3.2677 -25.1460 23.6220 -3.0147 -26.6700 23.6220 -2.9629 -22.0980 19.0500 -3.4750 -20.5740 19.0500 -3.6213 -22.0980 20.5740 -3.3683 -19.0500 19.0500 -3.7005 -20.5740 20.5740 -3.4811 -22.0980 17.5260 -3.4902 -22.0980 22.0980 -3.2525 -23.6220 23.6220 -3.0635 -20.5740 22.0980 -3.3348 -19.0500 20.5740 -3.5725 -19.0500 22.0980 -3.3835 -19.0500 23.6220 -3.2616 -20.5740 17.5260 -3.6243 -20.5740 23.6220 -3.2037 -19.0500 12.9540 -3.7219 -26.6700 17.5260 -3.1123 -17.5260 12.9540 -3.8164 -16.0020 12.9540 -3.9657 -14.4780 12.9540 -4.0724 -17.5260 11.4300 -3.7950 -14.4780 14.4780 -4.1151 -17.5260 14.4780 -3.9047 -17.5260 16.0020 -3.9169 -14.4780 16.0020 -4.1242 -16.0020 16.0020 -4.0419 -16.0020 14.4780 -4.0175 -12.9540 12.9540 -4.1760 -11.4300 12.9540 -4.2583 -12.9540 14.4780 -4.1974 -9.9060 12.9540 -4.3406 -12.9540 16.0020 -4.1974 -9.9060 16.0020 -4.4107 -9.9060 14.4780 -4.3711 -9.9060 17.5260 -4.4260 -11.4300 16.0020 -4.3284 -11.4300 14.4780 -4.2949 -11.4300 17.5260 -4.2888 -12.9540 11.4300 -4.1242 -17.5260 19.0500 -3.7554 -17.5260 17.5260 -3.8377 -14.4780 19.0500 -3.9139 -16.0020 17.5260 -3.9566 -16.0020 19.0500 -3.8346 -17.5260 22.0980 -3.4475 -17.5260 20.5740 -3.6274 -16.0020 22.0980 -3.5237 -14.4780 23.6220 -3.4872 -16.0020 20.5740 -3.6822 -14.4780 20.5740 -3.7584 -12.9540 17.5260 -4.1577 -14.4780 17.5260 -4.0450 -9.9060 20.5740 -4.2857 -11.4300 19.0500 -4.1913 -12.9540 22.0980 -3.7676 -12.9540 20.5740 -3.8895 -11.4300 20.5740 -4.0571 -11.4300 22.0980 -3.9383 -11.4300 23.6220 -3.7706 -9.9060 22.0980 -4.1181 -14.4780 22.0980 -3.6091 -9.9060 23.6220 -3.9261 -9.9060 25.1460 -3.7188 -12.9540 19.0500 -4.0328 -11.4300 11.4300 -4.2339 -12.9540 23.6220 -3.6304 -26.6700 25.1460 -2.9080 -25.1460 25.1460 -2.9568 -25.1460 26.6700 -2.8837 -23.6220 25.1460 -2.9873 -23.6220 26.6700 -2.8989 -22.0980 23.6220 -3.1336 -26.6700 28.1940 -2.7831 -26.6700 26.6700 -2.8562 -23.6220 29.7180 -2.7404 -25.1460 28.1940 -2.8014 -23.6220 28.1940 -2.8044 -25.1460 29.7180 -2.7221 -22.0980 26.6700 -2.9324 -22.0980 25.1460 -3.0239 -19.0500 26.6700 -3.0483 -20.5740 25.1460 -3.0879 -22.0980 28.1940 -2.8379 -22.0980 29.7180 -2.7678 -20.5740 28.1940 -2.8898 -19.0500 28.1940 -2.9568 -20.5740 29.7180 -2.8197 -20.5740 26.6700 -2.9812 -26.6700 29.7180 -2.7069 -26.6700 31.2420 -2.6337 -25.1460 31.2420 -2.6612 -26.6700 32.7660 -2.5697 -23.6220 31.2420 -2.6947 -25.1460 32.7660 -2.6032 -26.6700 34.2900 -2.5240 -25.1460 35.8140 -2.5057 -25.1460 34.2900 -2.5606 -23.6220 34.2900 -2.5880 -28.1940 35.8140 -2.4356 -26.6700 35.8140 -2.4752 -23.6220 32.7660 -2.6459 -22.0980 32.7660 -2.6794 -22.0980 31.2420 -2.7160 -19.0500 31.2420 -2.8166 -19.0500 32.7660 -2.7770 -20.5740 31.2420 -2.7617 -20.5740 32.7660 -2.7191 -23.6220 35.8140 -2.5331 -22.0980 34.2900 -2.6307 -22.0980 35.8140 -2.5697 -19.0500 34.2900 -2.7404 -19.0500 35.8140 -2.6794 -20.5740 34.2900 -2.6825 -20.5740 35.8140 -2.6368 -19.0500 25.1460 -3.1458 -17.5260 25.1460 -3.2098 -17.5260 26.6700 -3.1092 -16.0020 25.1460 -3.2769 -16.0020 23.6220 -3.3927 -17.5260 28.1940 -3.0208 -17.5260 29.7180 -2.9446 -16.0020 28.1940 -3.1031 -14.4780 28.1940 -3.1854 -16.0020 26.6700 -3.1793 -16.0020 29.7180 -3.0330 -14.4780 25.1460 -3.3652 -12.9540 25.1460 -3.4841 -12.9540 26.6700 -3.3561 -11.4300 25.1460 -3.5969 -11.4300 26.6700 -3.4597 -12.9540 28.1940 -3.2738 -14.4780 29.7180 -3.1153 -11.4300 28.1940 -3.3470 -11.4300 29.7180 -3.2830 -9.9060 28.1940 -3.4262 -9.9060 26.6700 -3.5542 -14.4780 26.6700 -3.2616 -9.9060 29.7180 -3.3409 -17.5260 31.2420 -2.8806 -17.5260 32.7660 -2.8318 -14.4780 32.7660 -2.9751 -16.0020 31.2420 -2.9660 -16.0020 32.7660 -2.8928 -17.5260 34.2900 -2.7861 -16.0020 34.2900 -2.8318 -14.4780 34.2900 -2.9020 -16.0020 35.8140 -2.7678 -12.9540 31.2420 -3.1397 -11.4300 31.2420 -3.2068 -12.9540 32.7660 -3.0513 -12.9540 34.2900 -2.9751 -12.9540 35.8140 -2.9080 -11.4300 34.2900 -3.0361 -11.4300 35.8140 -2.9751 -9.9060 34.2900 -3.1184 -11.4300 32.7660 -3.1214 -14.4780 31.2420 -3.0452 -12.9540 29.7180 -3.2037 -17.5260 35.8140 -2.7160 -9.9060 35.8140 -3.0422 -9.9060 37.3380 -2.9782 -19.0500 29.7180 -2.8745 -17.5260 23.6220 -3.3165 -34.2900 11.4300 -2.7678 -44.9580 37.3380 -1.7529 -43.4340 38.8620 -1.7894 -44.9580 40.3860 -1.6675 -43.4340 37.3380 -1.8077 -41.9100 38.8620 -1.8534 -43.4340 40.3860 -1.7498 -44.9580 43.4340 -1.6949 -43.4340 43.4340 -1.7650 -43.4340 41.9100 -1.7498 -44.9580 44.9580 -1.6949 -44.9580 38.8620 -1.7041 -41.9100 40.3860 -1.8443 -40.3860 40.3860 -1.8992 -41.9100 41.9100 -1.8260 -40.3860 37.3380 -1.9144 -40.3860 38.8620 -1.9022 -40.3860 35.8140 -1.9540 -41.9100 43.4340 -1.8291 -40.3860 44.9580 -1.8626 -40.3860 43.4340 -1.8565 -40.3860 41.9100 -1.8809 -43.4340 44.9580 -1.7559 -41.9100 37.3380 -1.8687 -41.9100 44.9580 -1.8230 -43.4340 48.0060 -1.7163 -43.4340 46.4820 -1.7346 -41.9100 46.4820 -1.8230 -43.4340 49.5300 -1.6980 -43.4340 51.0540 -1.6980 -44.9580 49.5300 -1.6340 -44.9580 52.5780 -1.5700 -44.9580 51.0540 -1.6035 -43.4340 52.5780 -1.6736 -43.4340 54.1020 -1.6340 -44.9580 54.1020 -1.5273 -44.9580 46.4820 -1.6797 -41.9100 48.0060 -1.8047 -40.3860 49.5300 -1.8656 -40.3860 48.0060 -1.8778 -38.8620 48.0060 -1.9327 -41.9100 51.0540 -1.7925 -41.9100 52.5780 -1.7833 -40.3860 51.0540 -1.8504 -41.9100 54.1020 -1.7620 -40.3860 52.5780 -1.8382 -41.9100 49.5300 -1.7986 -40.3860 54.1020 -1.8230 -38.8620 49.5300 -1.8900 -40.3860 46.4820 -1.8717 -44.9580 41.9100 -1.6858 -38.8620 40.3860 -1.9418 -38.8620 37.3380 -1.9754 -38.8620 38.8620 -1.9357 -38.8620 41.9100 -1.9235 -37.3380 38.8620 -2.0180 -37.3380 37.3380 -2.0455 -37.3380 40.3860 -1.9784 -38.8620 43.4340 -1.9022 -38.8620 44.9580 -1.8992 -37.3380 43.4340 -1.9296 -37.3380 44.9580 -1.9174 -35.8140 41.9100 -2.0089 -37.3380 41.9100 -1.9601 -35.8140 38.8620 -2.0820 -34.2900 38.8620 -2.1369 -34.2900 40.3860 -2.1034 -32.7660 40.3860 -2.1278 -35.8140 43.4340 -1.9479 -34.2900 43.4340 -1.9936 -34.2900 41.9100 -2.0455 -35.8140 44.9580 -1.9327 -35.8140 40.3860 -2.0455 -34.2900 44.9580 -1.9632 -38.8620 46.4820 -1.9083 -37.3380 46.4820 -1.9296 -37.3380 48.0060 -1.9296 -37.3380 49.5300 -1.9022 -35.8140 46.4820 -1.9418 -38.8620 51.0540 -1.8534 -38.8620 52.5780 -1.8473 -37.3380 52.5780 -1.8534 -37.3380 54.1020 -1.8504 -38.8620 54.1020 -1.8321 -37.3380 51.0540 -1.8717 -35.8140 48.0060 -1.9174 -34.2900 46.4820 -1.9510 -34.2900 48.0060 -1.9205 -35.8140 49.5300 -1.9083 -34.2900 49.5300 -1.9053 -35.8140 51.0540 -1.8931 -34.2900 51.0540 -1.9083 -35.8140 52.5780 -1.8809 -34.2900 52.5780 -1.9144 -34.2900 54.1020 -1.9022 -32.7660 52.5780 -1.9479 -35.8140 54.1020 -1.8656 -32.7660 44.9580 -1.9784 -34.2900 37.3380 -2.1918 -37.3380 55.6260 -1.8504 -44.9580 57.1500 -1.4938 -44.9580 55.6260 -1.5060 -43.4340 55.6260 -1.6187 -43.4340 57.1500 -1.6066 -41.9100 55.6260 -1.7468 -44.9580 58.6740 -1.4968 -44.9580 61.7220 -1.4877 -44.9580 63.2460 -1.4877 -44.9580 60.1980 -1.5121 -43.4340 61.7220 -1.5547 -43.4340 63.2460 -1.5395 -43.4340 64.7700 -1.5334 -43.4340 60.1980 -1.5669 -43.4340 58.6740 -1.5913 -44.9580 64.7700 -1.4724 -41.9100 58.6740 -1.6828 -41.9100 57.1500 -1.7102 -40.3860 58.6740 -1.7498 -41.9100 60.1980 -1.6492 -41.9100 64.7700 -1.5578 -41.9100 63.2460 -1.6066 -41.9100 61.7220 -1.6309 -41.9100 66.2940 -1.5364 -40.3860 66.2940 -1.5486 -44.9580 70.8660 -1.5273 -44.9580 69.3420 -1.5182 -44.9580 72.3900 -1.5364 -43.4340 69.3420 -1.5121 -44.9580 67.8180 -1.5182 -44.9580 76.9620 -1.5304 -44.9580 75.4380 -1.5273 -46.4820 78.4860 -1.5486 -44.9580 78.4860 -1.5304 -43.4340 73.9140 -1.5304 -43.4340 75.4380 -1.5547 -41.9100 67.8180 -1.5212 -43.4340 70.8660 -1.5212 -41.9100 69.3420 -1.5273 -40.3860 67.8180 -1.5456 -40.3860 70.8660 -1.5364 -43.4340 66.2940 -1.5273 -43.4340 72.3900 -1.5334 -43.4340 76.9620 -1.5486 -41.9100 72.3900 -1.5273 -40.3860 72.3900 -1.5334 -41.9100 73.9140 -1.5364 -41.9100 70.8660 -1.5334 -43.4340 67.8180 -1.5182 -38.8620 57.1500 -1.8291 -40.3860 55.6260 -1.8138 -38.8620 55.6260 -1.8199 -37.3380 57.1500 -1.8534 -38.8620 58.6740 -1.8016 -40.3860 60.1980 -1.7407 -38.8620 60.1980 -1.7864 -37.3380 61.7220 -1.7620 -38.8620 61.7220 -1.7193 -37.3380 60.1980 -1.8199 -37.3380 58.6740 -1.8504 -40.3860 57.1500 -1.7711 -35.8140 57.1500 -1.8687 -32.7660 57.1500 -1.8870 -34.2900 57.1500 -1.8748 -35.8140 55.6260 -1.8717 -34.2900 58.6740 -1.8473 -35.8140 60.1980 -1.8412 -35.8140 58.6740 -1.8595 -34.2900 60.1980 -1.8504 -34.2900 61.7220 -1.8382 -32.7660 58.6740 -1.8656 -34.2900 55.6260 -1.8992 -35.8140 61.7220 -1.8169 -35.8140 63.2460 -1.8016 -40.3860 61.7220 -1.7071 -37.3380 64.7700 -1.7315 -38.8620 63.2460 -1.6858 -38.8620 64.7700 -1.6553 -38.8620 66.2940 -1.6218 -40.3860 69.3420 -1.5395 -38.8620 69.3420 -1.5547 -38.8620 70.8660 -1.5456 -38.8620 67.8180 -1.5852 -37.3380 66.2940 -1.6675 -40.3860 64.7700 -1.5974 -35.8140 64.7700 -1.7620 -34.2900 64.7700 -1.7772 -37.3380 63.2460 -1.7407 -37.3380 69.3420 -1.5730 -37.3380 67.8180 -1.6126 -34.2900 67.8180 -1.7254 -35.8140 67.8180 -1.6675 -35.8140 66.2940 -1.7132 -34.2900 66.2940 -1.7650 -32.7660 66.2940 -1.7833 -34.2900 63.2460 -1.8077 -40.3860 63.2460 -1.6523 -32.7660 37.3380 -2.2405 -31.2420 37.3380 -2.2802 -31.2420 38.8620 -2.2040 -28.1940 37.3380 -2.3868 -28.1940 38.8620 -2.3198 -29.7180 37.3380 -2.3228 -31.2420 40.3860 -2.1430 -28.1940 40.3860 -2.2619 -28.1940 41.9100 -2.2009 -29.7180 40.3860 -2.1765 -29.7180 38.8620 -2.2527 -29.7180 41.9100 -2.1369 -26.6700 38.8620 -2.3655 -25.1460 38.8620 -2.4021 -25.1460 37.3380 -2.4478 -22.0980 38.8620 -2.4691 -26.6700 37.3380 -2.4173 -23.6220 38.8620 -2.4387 -26.6700 40.3860 -2.3045 -25.1460 40.3860 -2.3655 -23.6220 40.3860 -2.4143 -23.6220 37.3380 -2.4752 -22.0980 37.3380 -2.5240 -31.2420 41.9100 -2.0942 -32.7660 41.9100 -2.0729 -31.2420 43.4340 -2.0394 -28.1940 43.4340 -2.1552 -29.7180 43.4340 -2.0912 -31.2420 44.9580 -1.9845 -28.1940 44.9580 -2.1125 -29.7180 44.9580 -2.0455 -29.7180 46.4820 -2.0058 -26.6700 43.4340 -2.2466 -32.7660 43.4340 -2.0150 -26.6700 41.9100 -2.2680 -25.1460 43.4340 -2.3106 -23.6220 41.9100 -2.4265 -23.6220 43.4340 -2.3503 -25.1460 41.9100 -2.3442 -22.0980 43.4340 -2.3899 -26.6700 44.9580 -2.1857 -25.1460 44.9580 -2.2649 -23.6220 44.9580 -2.3015 -25.1460 46.4820 -2.1948 -23.6220 46.4820 -2.2588 -22.0980 44.9580 -2.3320 -22.0980 41.9100 -2.4265 -26.6700 46.4820 -2.1186 -22.0980 40.3860 -2.4448 -19.0500 37.3380 -2.6002 -16.0020 38.8620 -2.6520 -17.5260 37.3380 -2.6368 -20.5740 37.3380 -2.5636 -17.5260 38.8620 -2.5789 -19.0500 40.3860 -2.4966 -20.5740 38.8620 -2.5057 -17.5260 40.3860 -2.5423 -19.0500 38.8620 -2.5362 -12.9540 37.3380 -2.8440 -14.4780 38.8620 -2.7252 -9.9060 38.8620 -2.9111 -12.9540 38.8620 -2.7831 -11.4300 37.3380 -2.9050 -11.4300 38.8620 -2.8410 -16.0020 40.3860 -2.6032 -14.4780 40.3860 -2.6642 -9.9060 40.3860 -2.8471 -12.9540 40.3860 -2.7191 -11.4300 40.3860 -2.7770 -14.4780 37.3380 -2.7770 -16.0020 37.3380 -2.7008 -16.0020 41.9100 -2.5636 -20.5740 41.9100 -2.4417 -19.0500 41.9100 -2.4661 -19.0500 43.4340 -2.4204 -16.0020 43.4340 -2.5179 -17.5260 43.4340 -2.4661 -17.5260 41.9100 -2.5149 -20.5740 44.9580 -2.3594 -20.5740 46.4820 -2.3289 -17.5260 44.9580 -2.3960 -16.0020 44.9580 -2.4661 -19.0500 44.9580 -2.3716 -20.5740 43.4340 -2.3990 -12.9540 41.9100 -2.6703 -14.4780 43.4340 -2.5606 -11.4300 41.9100 -2.7313 -9.9060 43.4340 -2.7343 -14.4780 41.9100 -2.6154 -11.4300 43.4340 -2.6825 -14.4780 44.9580 -2.5149 -12.9540 43.4340 -2.6185 -12.9540 44.9580 -2.5667 -9.9060 41.9100 -2.7983 -22.0980 46.4820 -2.2954 -20.5740 40.3860 -2.4539 -32.7660 46.4820 -1.9662 -32.7660 48.0060 -1.9388 -32.7660 51.0540 -1.9357 -31.2420 48.0060 -1.9540 -31.2420 46.4820 -1.9632 -31.2420 49.5300 -1.9510 -32.7660 54.1020 -1.9418 -31.2420 52.5780 -1.9540 -31.2420 54.1020 -1.9418 -31.2420 51.0540 -1.9540 -29.7180 51.0540 -1.9388 -32.7660 55.6260 -1.9235 -29.7180 48.0060 -1.9815 -28.1940 49.5300 -1.9723 -28.1940 48.0060 -2.0211 -26.6700 49.5300 -2.0119 -28.1940 46.4820 -2.0577 -28.1940 51.0540 -1.9388 -28.1940 52.5780 -1.9114 -29.7180 52.5780 -1.9327 -26.6700 54.1020 -1.8687 -29.7180 54.1020 -1.9205 -28.1940 54.1020 -1.8992 -29.7180 49.5300 -1.9601 -31.2420 55.6260 -1.9174 -31.2420 57.1500 -1.8992 -31.2420 58.6740 -1.8748 -31.2420 60.1980 -1.8504 -32.7660 63.2460 -1.8016 -31.2420 64.7700 -1.8321 -32.7660 64.7700 -1.7864 -31.2420 63.2460 -1.8382 -31.2420 61.7220 -1.8473 -32.7660 60.1980 -1.8534 -32.7660 61.7220 -1.8260 -28.1940 55.6260 -1.8870 -28.1940 57.1500 -1.8626 -29.7180 57.1500 -1.8931 -26.6700 57.1500 -1.8412 -26.6700 55.6260 -1.8504 -26.6700 58.6740 -1.8687 -29.7180 55.6260 -1.9144 -29.7180 61.7220 -1.8839 -29.7180 60.1980 -1.8839 -29.7180 58.6740 -1.8778 -28.1940 58.6740 -1.8656 -28.1940 60.1980 -1.8870 -32.7660 49.5300 -1.9357 -25.1460 48.0060 -2.1369 -23.6220 48.0060 -2.2101 -22.0980 48.0060 -2.2527 -25.1460 49.5300 -2.0851 -23.6220 49.5300 -2.1582 -20.5740 49.5300 -2.2375 -22.0980 49.5300 -2.1979 -20.5740 48.0060 -2.2863 -19.0500 48.0060 -2.2984 -26.6700 48.0060 -2.0668 -16.0020 48.0060 -2.3807 -17.5260 46.4820 -2.3533 -16.0020 46.4820 -2.4143 -17.5260 48.0060 -2.3320 -17.5260 49.5300 -2.3015 -19.0500 49.5300 -2.2619 -19.0500 46.4820 -2.3350 -17.5260 51.0540 -2.2863 -25.1460 51.0540 -2.0394 -25.1460 52.5780 -1.9784 -26.6700 51.0540 -1.9693 -23.6220 52.5780 -2.0607 -23.6220 54.1020 -2.0241 -23.6220 51.0540 -2.1034 -25.1460 57.1500 -1.9022 -25.1460 54.1020 -1.9205 -25.1460 55.6260 -1.8870 -23.6220 55.6260 -1.9723 -26.6700 52.5780 -1.9174 -22.0980 51.0540 -2.1552 -19.0500 52.5780 -2.2070 -19.0500 51.0540 -2.2314 -20.5740 51.0540 -2.1979 -22.0980 54.1020 -2.0881 -22.0980 52.5780 -2.1247 -20.5740 54.1020 -2.1521 -20.5740 52.5780 -2.1674 -22.0980 55.6260 -2.0820 -14.4780 46.4820 -2.4752 -32.7660 38.8620 -2.1826 -14.4780 35.8140 -2.8349 -9.9060 19.0500 -4.3833 -9.9060 -32.7660 -5.0965 -3.8100 -86.1060 -6.1389 -3.8100 -84.5820 -7.1692 -5.3340 -84.5820 -7.2088 -8.3820 -83.0580 -7.7544 -8.3820 -81.5340 -7.8214 -6.8580 -83.0580 -7.7330 -6.8580 -80.0100 -7.7361 -8.3820 -80.0100 -7.7909 -8.3820 -75.4380 -7.8275 -8.3820 -78.4860 -7.8458 -6.8580 -78.4860 -7.8306 -8.3820 -76.9620 -7.8763 -6.8580 -75.4380 -7.7940 -6.8580 -81.5340 -7.7909 -5.3340 -81.5340 -7.6507 -5.3340 -83.0580 -7.5837 -3.8100 -81.5340 -7.2575 -3.8100 -83.0580 -7.2819 -6.8580 -76.9620 -7.7970 -5.3340 -76.9620 -7.7269 -5.3340 -75.4380 -7.7605 -3.8100 -76.9620 -7.6904 -5.3340 -78.4860 -7.7605 -3.8100 -78.4860 -7.6629 -5.3340 -80.0100 -7.6568 -3.8100 -80.0100 -7.4160 0.7620 -87.6300 -7.5441 -0.7620 -89.1540 -6.5199 -3.8100 -87.6300 -5.3068 -2.2860 -89.1540 -6.1786 -2.2860 -87.6300 -4.6911 -2.2860 -86.1060 -6.1664 -0.7620 -84.5820 -6.3431 0.7620 -86.1060 -6.6114 0.7620 -84.5820 -6.1298 -2.2860 -84.5820 -7.1692 -0.7620 -86.1060 -6.5687 -0.7620 -87.6300 -6.6022 2.2860 -87.6300 -7.4740 2.2860 -86.1060 -7.6111 2.2860 -84.5820 -6.6022 -2.2860 -81.5340 -7.3094 -2.2860 -83.0580 -7.2301 -0.7620 -81.5340 -7.3063 -2.2860 -80.0100 -7.4953 -0.7620 -80.0100 -7.4374 -0.7620 -83.0580 -7.3124 -2.2860 -78.4860 -7.5562 -2.2860 -76.9620 -7.6172 -3.8100 -75.4380 -7.7300 -0.7620 -78.4860 -7.4831 0.7620 -80.0100 -7.3551 0.7620 -81.5340 -7.3063 2.2860 -81.5340 -7.4983 2.2860 -80.0100 -7.2393 2.2860 -83.0580 -6.9009 2.2860 -78.4860 -7.2697 0.7620 -76.9620 -7.5349 -0.7620 -76.9620 -7.4892 2.2860 -76.9620 -7.4679 0.7620 -75.4380 -7.5288 3.8100 -78.4860 -7.2271 0.7620 -78.4860 -7.4221 -0.7620 -75.4380 -7.4922 0.7620 -83.0580 -7.6385 -2.2860 -75.4380 -7.6904 2.2860 -75.4380 -7.4618 -8.3820 -72.3900 -7.8031 -8.3820 -70.8660 -7.8214 -6.8580 -72.3900 -7.7788 -6.8580 -73.9140 -7.7452 -8.3820 -73.9140 -7.7848 -6.8580 -70.8660 -7.8153 -8.3820 -69.3420 -7.7513 -8.3820 -67.8180 -7.6934 -6.8580 -67.8180 -7.7147 -6.8580 -69.3420 -7.7727 -8.3820 -66.2940 -7.6416 -9.9060 -66.2940 -7.6660 -5.3340 -73.9140 -7.7788 -5.3340 -72.3900 -7.7300 -3.8100 -72.3900 -7.6203 -3.8100 -73.9140 -7.6507 -3.8100 -70.8660 -7.7117 -5.3340 -70.8660 -7.7757 -5.3340 -69.3420 -7.7605 -5.3340 -67.8180 -7.6782 -3.8100 -67.8180 -7.5898 -3.8100 -69.3420 -7.5898 -6.8580 -66.2940 -7.6324 -3.8100 -66.2940 -7.6264 -8.3820 -64.7700 -7.5562 -8.3820 -63.2460 -7.3734 -6.8580 -63.2460 -7.2423 -6.8580 -64.7700 -7.5166 -6.8580 -61.7220 -7.1844 -8.3820 -61.7220 -7.2728 -9.9060 -58.6740 -7.5319 -8.3820 -60.1980 -7.3856 -8.3820 -58.6740 -7.6081 -8.3820 -57.1500 -7.5806 -6.8580 -60.1980 -7.2850 -5.3340 -60.1980 -7.2088 -6.8580 -58.6740 -7.5044 -5.3340 -63.2460 -7.1935 -5.3340 -64.7700 -7.3734 -5.3340 -61.7220 -7.1692 -3.8100 -63.2460 -7.2179 -3.8100 -64.7700 -7.3978 -3.8100 -61.7220 -7.1539 -5.3340 -58.6740 -7.3520 -5.3340 -57.1500 -7.5410 -3.8100 -57.1500 -7.4008 -3.8100 -58.6740 -7.2667 -3.8100 -60.1980 -7.1813 -5.3340 -66.2940 -7.6264 -6.8580 -57.1500 -7.6477 -2.2860 -72.3900 -7.5959 -2.2860 -70.8660 -7.6416 -0.7620 -69.3420 -7.5684 -0.7620 -72.3900 -7.6172 -0.7620 -70.8660 -7.6203 -2.2860 -73.9140 -7.6294 -2.2860 -69.3420 -7.6294 -2.2860 -67.8180 -7.4831 -0.7620 -67.8180 -7.4435 -2.2860 -66.2940 -7.5928 -0.7620 -66.2940 -7.4282 -0.7620 -73.9140 -7.5166 0.7620 -72.3900 -7.5014 0.7620 -73.9140 -7.4892 2.2860 -72.3900 -7.4404 2.2860 -73.9140 -7.4252 0.7620 -67.8180 -7.3063 0.7620 -70.8660 -7.5105 0.7620 -69.3420 -7.4008 2.2860 -69.3420 -7.3094 2.2860 -66.2940 -7.2728 2.2860 -67.8180 -7.2545 2.2860 -70.8660 -7.4191 0.7620 -66.2940 -7.2972 -2.2860 -63.2460 -7.2972 -2.2860 -61.7220 -7.1935 -0.7620 -63.2460 -7.4740 -0.7620 -64.7700 -7.5441 0.7620 -64.7700 -7.3856 -0.7620 -61.7220 -7.3398 -2.2860 -60.1980 -7.1874 -2.2860 -58.6740 -7.2454 -0.7620 -58.6740 -7.2728 -0.7620 -60.1980 -7.2179 -2.2860 -64.7700 -7.4770 0.7620 -63.2460 -7.6355 2.2860 -63.2460 -7.3703 3.8100 -66.2940 -7.2606 0.7620 -60.1980 -7.3246 0.7620 -58.6740 -7.2941 0.7620 -61.7220 -7.5197 2.2860 -58.6740 -7.3459 2.2860 -61.7220 -7.5471 2.2860 -60.1980 -7.3703 -0.7620 -57.1500 -7.3612 2.2860 -64.7700 -7.2575 2.2860 -57.1500 -7.4191 -2.2860 -57.1500 -7.3673 3.8100 -73.9140 -7.3703 -9.9060 -70.8660 -7.7330 3.8100 -86.1060 -7.1021 3.8100 -84.5820 -7.1966 5.3340 -84.5820 -7.1844 6.8580 -83.0580 -6.3218 5.3340 -83.0580 -7.3002 3.8100 -83.0580 -6.9192 3.8100 -80.0100 -7.3429 3.8100 -81.5340 -7.1356 5.3340 -80.0100 -7.3002 5.3340 -81.5340 -6.8278 6.8580 -81.5340 -5.8951 3.8100 -76.9620 -7.3337 8.3820 -81.5340 -5.3861 6.8580 -78.4860 -7.2667 9.9060 -78.4860 -5.9804 8.3820 -80.0100 -5.9256 5.3340 -78.4860 -7.4648 6.8580 -80.0100 -6.5077 8.3820 -78.4860 -6.3706 5.3340 -76.9620 -7.3398 5.3340 -75.4380 -7.2484 6.8580 -75.4380 -7.3124 5.3340 -73.9140 -7.2972 3.8100 -72.3900 -7.4313 3.8100 -70.8660 -7.4526 5.3340 -72.3900 -7.3581 5.3340 -70.8660 -7.3978 6.8580 -73.9140 -7.2210 6.8580 -72.3900 -7.3002 3.8100 -75.4380 -7.2941 8.3820 -76.9620 -7.4831 8.3820 -75.4380 -7.4099 9.9060 -75.4380 -7.5349 11.4300 -75.4380 -7.2819 9.9060 -76.9620 -6.3706 8.3820 -72.3900 -7.1966 8.3820 -73.9140 -7.2636 9.9060 -73.9140 -7.2728 9.9060 -72.3900 -7.1783 8.3820 -70.8660 -7.2880 9.9060 -70.8660 -7.2301 11.4300 -73.9140 -7.3612 6.8580 -76.9620 -7.5166 6.8580 -70.8660 -7.3337 11.4300 -78.4860 -5.7031 12.9540 -76.9620 -7.2545 12.9540 -78.4860 -6.3370 12.9540 -75.4380 -7.2758 16.0020 -73.9140 -6.7821 14.4780 -76.9620 -6.8552 14.4780 -75.4380 -7.0015 14.4780 -73.9140 -7.0076 12.9540 -72.3900 -7.0777 12.9540 -73.9140 -7.2057 12.9540 -70.8660 -7.1051 11.4300 -72.3900 -7.0930 14.4780 -72.3900 -7.0259 16.0020 -72.3900 -6.9649 17.5260 -73.9140 -6.4834 16.0020 -70.8660 -6.9954 17.5260 -72.3900 -6.7699 19.0500 -70.8660 -6.8765 20.5740 -69.3420 -6.4681 19.0500 -72.3900 -6.5352 17.5260 -70.8660 -7.0137 16.0020 -75.4380 -6.5413 11.4300 -70.8660 -7.1905 11.4300 -76.9620 -6.0566 14.4780 -70.8660 -7.0442 3.8100 -69.3420 -7.3642 5.3340 -67.8180 -7.4496 5.3340 -69.3420 -7.4374 6.8580 -69.3420 -7.4099 6.8580 -67.8180 -7.4770 8.3820 -69.3420 -7.4008 5.3340 -66.2940 -7.4800 5.3340 -64.7700 -7.4221 3.8100 -64.7700 -7.1752 6.8580 -66.2940 -7.5837 6.8580 -64.7700 -7.5197 3.8100 -63.2460 -7.2088 9.9060 -69.3420 -7.3673 11.4300 -69.3420 -7.3002 9.9060 -67.8180 -7.4404 8.3820 -64.7700 -7.5715 9.9060 -66.2940 -7.5197 8.3820 -66.2940 -7.5441 9.9060 -64.7700 -7.5593 11.4300 -63.2460 -7.5806 8.3820 -67.8180 -7.4648 3.8100 -61.7220 -7.3063 5.3340 -63.2460 -7.2301 6.8580 -60.1980 -7.5928 5.3340 -61.7220 -7.3185 6.8580 -63.2460 -7.3520 5.3340 -60.1980 -7.3795 3.8100 -58.6740 -7.3673 5.3340 -58.6740 -7.4953 3.8100 -57.1500 -7.5441 6.8580 -57.1500 -7.7178 6.8580 -58.6740 -7.6294 6.8580 -61.7220 -7.5105 3.8100 -60.1980 -7.3002 8.3820 -63.2460 -7.4953 8.3820 -61.7220 -7.6812 11.4300 -61.7220 -7.5989 9.9060 -63.2460 -7.5867 9.9060 -61.7220 -7.6873 8.3820 -60.1980 -7.7269 8.3820 -58.6740 -7.6294 9.9060 -58.6740 -7.5776 8.3820 -57.1500 -7.5806 9.9060 -60.1980 -7.6873 11.4300 -58.6740 -7.4922 9.9060 -57.1500 -7.4496 11.4300 -67.8180 -7.3917 3.8100 -67.8180 -7.3398 12.9540 -67.8180 -7.2880 12.9540 -69.3420 -7.1905 11.4300 -66.2940 -7.4831 14.4780 -67.8180 -7.1265 14.4780 -69.3420 -7.0472 12.9540 -63.2460 -7.4557 11.4300 -64.7700 -7.5380 14.4780 -64.7700 -7.2911 14.4780 -66.2940 -7.2332 12.9540 -66.2940 -7.3886 12.9540 -64.7700 -7.4587 17.5260 -69.3420 -6.9649 19.0500 -67.8180 -6.5992 19.0500 -69.3420 -6.8979 16.0020 -69.3420 -6.9619 17.5260 -67.8180 -6.9649 16.0020 -64.7700 -7.1844 16.0020 -66.2940 -7.0564 19.0500 -66.2940 -7.0686 17.5260 -66.2940 -7.0533 17.5260 -64.7700 -7.1326 19.0500 -64.7700 -7.0808 16.0020 -67.8180 -7.0228 12.9540 -61.7220 -7.4831 11.4300 -60.1980 -7.6660 14.4780 -61.7220 -7.3886 16.0020 -60.1980 -7.4343 14.4780 -63.2460 -7.3337 14.4780 -60.1980 -7.4374 12.9540 -57.1500 -7.4526 12.9540 -58.6740 -7.5197 14.4780 -58.6740 -7.4526 12.9540 -60.1980 -7.5410 16.0020 -61.7220 -7.3429 17.5260 -61.7220 -7.3246 19.0500 -61.7220 -7.3185 19.0500 -63.2460 -7.1813 17.5260 -63.2460 -7.2240 16.0020 -58.6740 -7.5075 17.5260 -58.6740 -7.5410 17.5260 -60.1980 -7.4313 17.5260 -57.1500 -7.5654 19.0500 -58.6740 -7.5380 16.0020 -57.1500 -7.4892 19.0500 -60.1980 -7.4374 20.5740 -60.1980 -7.4374 16.0020 -63.2460 -7.2514 11.4300 -57.1500 -7.4618 19.0500 -57.1500 -7.6081 5.3340 -57.1500 -7.6934 -8.3820 -55.6260 -7.4648 -8.3820 -54.1020 -7.4008 -6.8580 -55.6260 -7.6142 -5.3340 -55.6260 -7.6446 -6.8580 -54.1020 -7.4679 -8.3820 -52.5780 -7.3734 -8.3820 -51.0540 -7.3276 -6.8580 -51.0540 -7.2850 -6.8580 -52.5780 -7.3642 -8.3820 -49.5300 -7.2697 -5.3340 -54.1020 -7.5837 -3.8100 -55.6260 -7.6020 -3.8100 -54.1020 -7.6172 -5.3340 -52.5780 -7.4404 -2.2860 -54.1020 -7.6111 -2.2860 -55.6260 -7.5044 -2.2860 -52.5780 -7.5837 -3.8100 -52.5780 -7.5441 -5.3340 -51.0540 -7.2972 -3.8100 -51.0540 -7.3825 -2.2860 -51.0540 -7.4740 -3.8100 -49.5300 -7.2027 -2.2860 -49.5300 -7.3033 -8.3820 -48.0060 -7.1417 -9.9060 -46.4820 -7.1813 -6.8580 -46.4820 -6.8583 -6.8580 -48.0060 -7.0137 -6.8580 -49.5300 -7.1570 -8.3820 -44.9580 -6.7790 -8.3820 -46.4820 -6.9832 -6.8580 -43.4340 -6.4346 -8.3820 -43.4340 -6.5413 -6.8580 -44.9580 -6.6876 -5.3340 -46.4820 -6.8369 -3.8100 -48.0060 -7.0533 -3.8100 -46.4820 -6.8918 -5.3340 -44.9580 -6.6449 -2.2860 -48.0060 -7.1234 -0.7620 -46.4820 -6.9375 -5.3340 -49.5300 -7.1417 -5.3340 -43.4340 -6.4011 -3.8100 -43.4340 -6.4498 -2.2860 -44.9580 -6.7272 -2.2860 -43.4340 -6.5260 -3.8100 -44.9580 -6.6784 -6.8580 -41.9100 -6.2060 -2.2860 -46.4820 -6.9406 -5.3340 -48.0060 -6.9832 -0.7620 -55.6260 -7.4709 0.7620 -55.6260 -7.4557 2.2860 -55.6260 -7.4831 0.7620 -54.1020 -7.5105 -0.7620 -52.5780 -7.5928 -0.7620 -51.0540 -7.5654 0.7620 -51.0540 -7.5867 0.7620 -52.5780 -7.5898 -0.7620 -49.5300 -7.3825 -0.7620 -54.1020 -7.5380 3.8100 -55.6260 -7.6294 2.2860 -52.5780 -7.6721 5.3340 -52.5780 -7.8275 3.8100 -54.1020 -7.6873 2.2860 -51.0540 -7.6416 3.8100 -51.0540 -7.7086 5.3340 -51.0540 -7.7940 5.3340 -49.5300 -7.6690 3.8100 -52.5780 -7.7391 3.8100 -49.5300 -7.6050 5.3340 -54.1020 -7.8031 2.2860 -54.1020 -7.5593 0.7620 -57.1500 -7.3856 0.7620 -49.5300 -7.4160 -0.7620 -48.0060 -7.1295 2.2860 -48.0060 -7.3216 0.7620 -48.0060 -7.1173 0.7620 -46.4820 -7.0289 0.7620 -44.9580 -6.9710 -0.7620 -43.4340 -6.6693 0.7620 -43.4340 -6.8552 2.2860 -43.4340 -6.9680 0.7620 -41.9100 -6.6693 -0.7620 -44.9580 -6.8339 3.8100 -48.0060 -7.4313 2.2860 -46.4820 -7.1813 5.3340 -48.0060 -7.4861 3.8100 -46.4820 -7.2911 3.8100 -44.9580 -7.2667 3.8100 -43.4340 -7.1112 2.2860 -44.9580 -7.1295 5.3340 -43.4340 -7.1204 5.3340 -44.9580 -7.2850 5.3340 -46.4820 -7.2880 2.2860 -49.5300 -7.4953 5.3340 -41.9100 -6.9680 -0.7620 -41.9100 -6.4894 -8.3820 -40.3860 -6.1511 -6.8580 -40.3860 -6.0140 -8.3820 -41.9100 -6.3401 -8.3820 -38.8620 -5.9256 -8.3820 -35.8140 -5.4592 -8.3820 -37.3380 -5.6817 -6.8580 -35.8140 -5.5019 -6.8580 -34.2900 -5.4044 -5.3340 -34.2900 -5.6543 -6.8580 -37.3380 -5.6116 -6.8580 -38.8620 -5.8219 -8.3820 -34.2900 -5.3038 -5.3340 -40.3860 -5.9530 -5.3340 -38.8620 -5.7732 -3.8100 -40.3860 -6.0475 -3.8100 -41.9100 -6.2426 -3.8100 -38.8620 -5.9530 -5.3340 -35.8140 -5.6238 -5.3340 -32.7660 -5.6452 -3.8100 -34.2900 -6.0140 -3.8100 -35.8140 -5.9713 -5.3340 -37.3380 -5.7122 -3.8100 -32.7660 -5.7305 -5.3340 -41.9100 -6.1725 -6.8580 -32.7660 -5.3952 -8.3820 -32.7660 -5.2123 -8.3820 -31.2420 -5.1392 -8.3820 -29.7180 -5.0630 -8.3820 -26.6700 -4.7856 -8.3820 -28.1940 -4.9472 -6.8580 -25.1460 -4.9167 -6.8580 -26.6700 -5.1057 -8.3820 -25.1460 -4.6271 -6.8580 -28.1940 -5.2824 -8.3820 -23.6220 -4.5113 -6.8580 -31.2420 -5.3922 -5.3340 -29.7180 -5.6330 -5.3340 -31.2420 -5.6330 -5.3340 -28.1940 -5.5568 -3.8100 -29.7180 -5.5842 -3.8100 -31.2420 -5.8097 -5.3340 -25.1460 -5.1209 -3.8100 -26.6700 -5.5750 -3.8100 -28.1940 -5.7122 -3.8100 -25.1460 -5.3160 -5.3340 -26.6700 -5.4013 -6.8580 -29.7180 -5.3464 -2.2860 -40.3860 -6.1907 -2.2860 -41.9100 -6.3066 -0.7620 -40.3860 -6.3675 -2.2860 -38.8620 -6.1755 0.7620 -40.3860 -6.5900 -3.8100 -37.3380 -5.9500 -2.2860 -37.3380 -6.2365 -0.7620 -37.3380 -6.7089 -0.7620 -38.8620 -6.4132 0.7620 -38.8620 -6.6297 -0.7620 -35.8140 -5.0051 2.2860 -40.3860 -6.7180 3.8100 -40.3860 -6.8491 2.2860 -38.8620 -6.8095 3.8100 -41.9100 -6.9558 5.3340 -40.3860 -6.9192 2.2860 -41.9100 -6.8339 3.8100 -38.8620 -6.9131 0.7620 -37.3380 -5.5964 2.2860 -37.3380 -5.6939 0.7620 -35.8140 -3.6060 5.3340 -37.3380 -7.2423 3.8100 -37.3380 -5.9621 5.3340 -35.8140 -5.9987 3.8100 -35.8140 -4.8009 5.3340 -38.8620 -7.0015 -2.2860 -34.2900 -5.2062 -2.2860 -31.2420 -4.2278 -2.2860 -32.7660 -3.8926 -2.2860 -28.1940 -5.5507 -2.2860 -26.6700 -5.8311 -2.2860 -29.7180 -4.8070 -0.7620 -28.1940 -4.1547 -2.2860 -25.1460 -5.5964 0.7620 -28.1940 -3.7036 -0.7620 -29.7180 -3.6426 2.2860 -28.1940 -3.7920 5.3340 -28.1940 -4.9594 5.3340 -26.6700 -5.7854 3.8100 -28.1940 -4.4199 0.7620 -26.6700 -4.9045 -0.7620 -25.1460 -5.8707 0.7620 -25.1460 -6.1603 2.2860 -26.6700 -5.6025 3.8100 -25.1460 -6.3675 2.2860 -25.1460 -6.3005 3.8100 -26.6700 -6.0079 -0.7620 -26.6700 -5.9743 -2.2860 -35.8140 -6.4254 6.8580 -41.9100 -7.0350 6.8580 -54.1020 -7.8153 5.3340 -55.6260 -7.7696 8.3820 -55.6260 -7.6233 8.3820 -54.1020 -7.8001 6.8580 -55.6260 -7.7086 6.8580 -51.0540 -7.8489 6.8580 -52.5780 -7.8763 8.3820 -51.0540 -7.9068 8.3820 -49.5300 -7.7574 8.3820 -52.5780 -7.9251 6.8580 -49.5300 -7.7239 11.4300 -54.1020 -7.6934 9.9060 -55.6260 -7.5684 11.4300 -55.6260 -7.5441 9.9060 -52.5780 -7.8671 12.9540 -52.5780 -7.7483 12.9540 -51.0540 -7.7909 11.4300 -52.5780 -7.7727 9.9060 -51.0540 -7.9312 11.4300 -51.0540 -7.8580 12.9540 -54.1020 -7.6385 9.9060 -54.1020 -7.7574 9.9060 -49.5300 -7.8976 11.4300 -49.5300 -7.8793 6.8580 -48.0060 -7.6385 6.8580 -46.4820 -7.5136 8.3820 -48.0060 -7.6385 8.3820 -46.4820 -7.5928 6.8580 -44.9580 -7.3673 9.9060 -44.9580 -7.5562 8.3820 -44.9580 -7.4587 6.8580 -43.4340 -7.2088 6.8580 -40.3860 -6.9101 8.3820 -41.9100 -7.1600 8.3820 -43.4340 -7.3368 9.9060 -43.4340 -7.4160 9.9060 -48.0060 -7.7239 11.4300 -48.0060 -7.8306 11.4300 -46.4820 -7.7574 12.9540 -46.4820 -7.7940 11.4300 -44.9580 -7.6538 9.9060 -41.9100 -7.2301 11.4300 -43.4340 -7.5562 11.4300 -41.9100 -7.4221 12.9540 -41.9100 -7.5441 11.4300 -40.3860 -7.2636 9.9060 -46.4820 -7.6446 9.9060 -40.3860 -6.9497 12.9540 -49.5300 -7.8123 14.4780 -57.1500 -7.4496 14.4780 -55.6260 -7.4679 14.4780 -54.1020 -7.6172 16.0020 -55.6260 -7.5349 16.0020 -52.5780 -7.7117 12.9540 -55.6260 -7.5166 14.4780 -52.5780 -7.7026 14.4780 -51.0540 -7.7757 16.0020 -51.0540 -7.7696 16.0020 -49.5300 -7.8001 14.4780 -49.5300 -7.8031 16.0020 -54.1020 -7.6020 17.5260 -54.1020 -7.6599 17.5260 -55.6260 -7.6050 19.0500 -54.1020 -7.6904 19.0500 -55.6260 -7.6385 17.5260 -49.5300 -7.8153 17.5260 -51.0540 -7.7970 19.0500 -51.0540 -7.8214 19.0500 -49.5300 -7.8519 19.0500 -52.5780 -7.7848 17.5260 -52.5780 -7.7483 14.4780 -48.0060 -7.7727 14.4780 -46.4820 -7.7544 16.0020 -48.0060 -7.7909 12.9540 -44.9580 -7.7361 14.4780 -43.4340 -7.6934 14.4780 -44.9580 -7.7330 12.9540 -43.4340 -7.6416 14.4780 -41.9100 -7.5989 16.0020 -43.4340 -7.6538 16.0020 -46.4820 -7.7452 12.9540 -48.0060 -7.8031 17.5260 -46.4820 -7.7818 19.0500 -46.4820 -7.8489 19.0500 -48.0060 -7.8580 19.0500 -44.9580 -7.8062 19.0500 -43.4340 -7.7330 20.5740 -43.4340 -7.8397 17.5260 -41.9100 -7.6203 19.0500 -41.9100 -7.6965 17.5260 -43.4340 -7.6873 16.0020 -41.9100 -7.5837 16.0020 -40.3860 -7.5959 16.0020 -44.9580 -7.7239 17.5260 -44.9580 -7.7239 17.5260 -48.0060 -7.8214 6.8580 -38.8620 -6.8644 6.8580 -37.3380 -7.0503 8.3820 -40.3860 -6.9619 8.3820 -38.8620 -6.7821 8.3820 -35.8140 -7.0015 8.3820 -37.3380 -6.8278 6.8580 -34.2900 -5.5750 6.8580 -35.8140 -7.0320 8.3820 -34.2900 -6.8064 8.3820 -32.7660 -6.3553 6.8580 -32.7660 -4.8710 9.9060 -38.8620 -6.6693 11.4300 -37.3380 -6.8857 9.9060 -37.3380 -6.6967 9.9060 -35.8140 -6.9009 11.4300 -38.8620 -6.8095 9.9060 -34.2900 -6.9832 11.4300 -32.7660 -6.8918 11.4300 -34.2900 -6.9375 11.4300 -35.8140 -6.9284 9.9060 -32.7660 -7.0046 12.9540 -32.7660 -6.9192 6.8580 -29.7180 -5.0295 5.3340 -29.7180 -4.5235 6.8580 -31.2420 -4.7125 8.3820 -29.7180 -6.6876 8.3820 -28.1940 -6.8430 6.8580 -28.1940 -6.1328 6.8580 -25.1460 -6.1511 6.8580 -26.6700 -6.7577 8.3820 -25.1460 -5.9530 8.3820 -26.6700 -6.4529 9.9060 -29.7180 -6.8034 11.4300 -29.7180 -6.6358 12.9540 -29.7180 -6.6815 8.3820 -31.2420 -6.2487 9.9060 -31.2420 -6.7455 9.9060 -28.1940 -6.5565 11.4300 -28.1940 -6.4437 9.9060 -26.6700 -6.2456 12.9540 -25.1460 -6.0505 11.4300 -26.6700 -6.1786 9.9060 -25.1460 -5.8707 11.4300 -25.1460 -5.9012 12.9540 -26.6700 -6.2608 12.9540 -28.1940 -6.5565 11.4300 -31.2420 -6.7760 12.9540 -37.3380 -7.1996 14.4780 -38.8620 -7.3825 12.9540 -38.8620 -7.3276 16.0020 -38.8620 -7.4770 16.0020 -37.3380 -7.4740 12.9540 -40.3860 -7.4374 14.4780 -37.3380 -7.3490 12.9540 -34.2900 -7.0046 14.4780 -34.2900 -7.1631 14.4780 -35.8140 -7.2606 16.0020 -35.8140 -7.4343 17.5260 -38.8620 -7.6538 19.0500 -38.8620 -7.7361 17.5260 -37.3380 -7.6477 19.0500 -37.3380 -7.7452 19.0500 -40.3860 -7.7117 17.5260 -34.2900 -7.6324 16.0020 -34.2900 -7.3642 19.0500 -35.8140 -7.8062 17.5260 -35.8140 -7.6599 19.0500 -32.7660 -7.7208 19.0500 -34.2900 -7.8214 20.5740 -34.2900 -7.9220 17.5260 -40.3860 -7.6507 17.5260 -32.7660 -7.5593 14.4780 -31.2420 -6.9802 14.4780 -29.7180 -6.8644 12.9540 -31.2420 -6.7973 16.0020 -31.2420 -7.2393 14.4780 -32.7660 -7.1082 14.4780 -28.1940 -6.6998 14.4780 -26.6700 -6.4590 16.0020 -26.6700 -6.6662 16.0020 -28.1940 -6.8887 16.0020 -29.7180 -7.0594 17.5260 -31.2420 -7.4191 17.5260 -29.7180 -7.2271 19.0500 -31.2420 -7.5410 19.0500 -29.7180 -7.3734 16.0020 -32.7660 -7.3551 17.5260 -28.1940 -7.0350 17.5260 -26.6700 -6.8308 19.0500 -25.1460 -6.6998 19.0500 -26.6700 -6.9802 17.5260 -25.1460 -6.5687 19.0500 -28.1940 -7.1631 16.0020 -25.1460 -6.4102 14.4780 -25.1460 -6.2334 12.9540 -35.8140 -7.0838 14.4780 -40.3860 -7.5288 20.5740 -41.9100 -7.8092 -9.9060 -44.9580 -6.9375 20.5740 -70.8660 -6.7394 22.0980 -70.8660 -6.7272 22.0980 -69.3420 -7.0381 20.5740 -67.8180 -6.7729 20.5740 -66.2940 -7.1051 20.5740 -64.7700 -7.0808 22.0980 -66.2940 -7.0228 22.0980 -67.8180 -6.9954 22.0980 -64.7700 -7.0960 20.5740 -61.7220 -7.2758 22.0980 -61.7220 -7.2606 22.0980 -60.1980 -7.3795 20.5740 -58.6740 -7.5319 20.5740 -63.2460 -7.1509 23.6220 -66.2940 -6.9253 23.6220 -64.7700 -7.0716 25.1460 -66.2940 -6.6540 23.6220 -67.8180 -6.7607 25.1460 -67.8180 -6.3889 22.0980 -63.2460 -7.0930 23.6220 -63.2460 -7.1752 23.6220 -61.7220 -7.2454 25.1460 -60.1980 -7.3612 25.1460 -61.7220 -7.3276 23.6220 -60.1980 -7.3307 25.1460 -63.2460 -7.1874 23.6220 -69.3420 -6.7089 25.1460 -64.7700 -6.9680 26.6700 -64.7700 -6.7760 26.6700 -66.2940 -6.4559 26.6700 -63.2460 -7.1661 28.1940 -64.7700 -6.5382 28.1940 -63.2460 -6.9436 26.6700 -60.1980 -7.4496 26.6700 -61.7220 -7.3764 28.1940 -61.7220 -7.3246 28.1940 -60.1980 -6.9162 29.7180 -61.7220 -7.1265 31.2420 -60.1980 -7.5197 29.7180 -60.1980 -7.2850 25.1460 -58.6740 -7.4160 22.0980 -57.1500 -7.5380 20.5740 -55.6260 -7.6294 22.0980 -55.6260 -7.6111 23.6220 -57.1500 -7.4953 22.0980 -54.1020 -7.7056 22.0980 -58.6740 -7.4709 20.5740 -54.1020 -7.7086 20.5740 -52.5780 -7.8214 22.0980 -52.5780 -7.8428 22.0980 -51.0540 -7.9129 20.5740 -51.0540 -7.8763 20.5740 -57.1500 -7.6111 25.1460 -57.1500 -7.4800 23.6220 -55.6260 -7.5959 23.6220 -54.1020 -7.7026 26.6700 -55.6260 -7.6782 26.6700 -57.1500 -7.5562 25.1460 -55.6260 -7.5776 23.6220 -52.5780 -7.8489 25.1460 -52.5780 -7.8580 25.1460 -54.1020 -7.7452 23.6220 -51.0540 -7.9068 25.1460 -51.0540 -7.9159 26.6700 -51.0540 -7.8976 23.6220 -58.6740 -7.4038 23.6220 -49.5300 -7.9007 20.5740 -48.0060 -7.9251 20.5740 -46.4820 -7.9037 22.0980 -48.0060 -7.9738 23.6220 -44.9580 -7.9068 22.0980 -46.4820 -7.9342 20.5740 -44.9580 -7.8946 23.6220 -43.4340 -7.9007 22.0980 -44.9580 -7.9251 22.0980 -43.4340 -7.9007 22.0980 -41.9100 -7.8732 20.5740 -49.5300 -7.9068 23.6220 -48.0060 -7.9647 23.6220 -46.4820 -7.9251 25.1460 -48.0060 -8.0287 26.6700 -46.4820 -8.0013 22.0980 -49.5300 -7.9464 25.1460 -46.4820 -8.0378 23.6220 -41.9100 -7.8641 25.1460 -44.9580 -7.9190 26.6700 -41.9100 -7.8184 26.6700 -44.9580 -7.8854 25.1460 -43.4340 -7.9007 25.1460 -41.9100 -7.8001 25.1460 -49.5300 -7.9860 28.1940 -57.1500 -7.6142 28.1940 -58.6740 -7.2088 28.1940 -55.6260 -7.7391 29.7180 -57.1500 -7.5654 29.7180 -55.6260 -7.6873 26.6700 -58.6740 -7.4648 26.6700 -54.1020 -7.7970 28.1940 -52.5780 -7.8367 29.7180 -52.5780 -7.8306 28.1940 -54.1020 -7.8153 29.7180 -54.1020 -7.7848 28.1940 -51.0540 -7.9068 31.2420 -57.1500 -7.5623 29.7180 -58.6740 -7.5532 32.7660 -57.1500 -7.3947 32.7660 -58.6740 -7.1509 31.2420 -55.6260 -7.6416 32.7660 -55.6260 -7.6081 31.2420 -52.5780 -7.7666 32.7660 -54.1020 -7.6599 32.7660 -52.5780 -7.6812 34.2900 -52.5780 -7.6233 31.2420 -54.1020 -7.7483 29.7180 -51.0540 -7.8915 31.2420 -58.6740 -7.4465 32.7660 -51.0540 -7.7574 28.1940 -49.5300 -7.9830 28.1940 -48.0060 -8.0348 26.6700 -48.0060 -8.0561 29.7180 -48.0060 -8.0043 29.7180 -49.5300 -7.9708 28.1940 -43.4340 -7.9494 26.6700 -43.4340 -7.8763 28.1940 -46.4820 -7.9830 28.1940 -44.9580 -7.8885 29.7180 -44.9580 -8.0043 29.7180 -46.4820 -8.0074 26.6700 -49.5300 -8.0013 31.2420 -51.0540 -7.8306 31.2420 -49.5300 -7.8885 31.2420 -48.0060 -7.9494 32.7660 -49.5300 -7.8428 32.7660 -46.4820 -7.9342 29.7180 -43.4340 -8.0256 31.2420 -44.9580 -8.0561 32.7660 -44.9580 -8.0134 31.2420 -46.4820 -7.9952 32.7660 -43.4340 -8.0683 32.7660 -48.0060 -7.9068 31.2420 -43.4340 -8.0866 31.2420 -41.9100 -8.0409 26.6700 -52.5780 -7.8519 34.2900 -58.6740 -6.7699 34.2900 -57.1500 -7.0960 35.8140 -57.1500 -6.6998 35.8140 -55.6260 -7.0777 34.2900 -55.6260 -7.3825 34.2900 -51.0540 -7.6782 34.2900 -54.1020 -7.5562 35.8140 -52.5780 -7.5745 35.8140 -51.0540 -7.5959 35.8140 -54.1020 -7.4069 37.3380 -54.1020 -7.2271 37.3380 -55.6260 -6.7638 37.3380 -52.5780 -6.9253 37.3380 -51.0540 -7.0228 38.8620 -54.1020 -6.5870 38.8620 -51.0540 -7.2880 38.8620 -52.5780 -6.2182 41.9100 -51.0540 -7.1387 40.3860 -52.5780 -7.4069 40.3860 -51.0540 -7.3703 34.2900 -49.5300 -7.7605 35.8140 -49.5300 -7.6050 38.8620 -49.5300 -7.4038 37.3380 -49.5300 -7.4892 34.2900 -48.0060 -7.8123 35.8140 -48.0060 -7.6995 37.3380 -46.4820 -7.7086 38.8620 -48.0060 -7.5014 38.8620 -46.4820 -7.6873 37.3380 -48.0060 -7.5715 35.8140 -46.4820 -7.7635 40.3860 -49.5300 -7.3002 41.9100 -49.5300 -7.1844 43.4340 -49.5300 -7.0503 44.9580 -49.5300 -6.6601 41.9100 -48.0060 -7.3795 41.9100 -46.4820 -7.6538 44.9580 -48.0060 -6.9802 43.4340 -48.0060 -7.2149 44.9580 -46.4820 -7.2819 40.3860 -48.0060 -7.4343 40.3860 -46.4820 -7.6965 34.2900 -44.9580 -7.8306 34.2900 -46.4820 -7.8397 35.8140 -44.9580 -7.7666 37.3380 -44.9580 -7.7757 38.8620 -44.9580 -7.7818 34.2900 -43.4340 -7.8519 35.8140 -43.4340 -7.8153 37.3380 -43.4340 -7.8001 35.8140 -41.9100 -7.8915 38.8620 -43.4340 -7.7848 40.3860 -43.4340 -7.8214 41.9100 -44.9580 -7.7757 43.4340 -44.9580 -7.6599 44.9580 -44.9580 -7.5745 43.4340 -46.4820 -7.4770 40.3860 -41.9100 -7.7757 43.4340 -43.4340 -7.7056 41.9100 -43.4340 -7.7544 44.9580 -41.9100 -7.6568 44.9580 -43.4340 -7.6142 46.4820 -43.4340 -7.2088 40.3860 -44.9580 -7.8062 38.8620 -41.9100 -7.8184 48.0060 -46.4820 -6.8735 46.4820 -44.9580 -7.2240 48.0060 -44.9580 -7.2362 48.0060 -43.4340 -7.2972 49.5300 -44.9580 -7.2789 49.5300 -43.4340 -7.2271 51.0540 -43.4340 -6.9223 52.5780 -41.9100 -6.6784 49.5300 -41.9100 -7.2667 51.0540 -41.9100 -6.9802 46.4820 -48.0060 -6.6784 46.4820 -46.4820 -7.1631 34.2900 -41.9100 -7.9403 26.6700 -38.8620 -7.8153 25.1460 -40.3860 -7.7330 23.6220 -40.3860 -7.8275 22.0980 -38.8620 -7.8245 20.5740 -40.3860 -7.7788 20.5740 -38.8620 -7.7483 22.0980 -40.3860 -7.8428 25.1460 -38.8620 -7.8001 25.1460 -37.3380 -7.8885 23.6220 -38.8620 -7.8214 26.6700 -40.3860 -7.7818 28.1940 -40.3860 -7.8641 29.7180 -40.3860 -7.9494 29.7180 -41.9100 -7.9952 32.7660 -41.9100 -8.0165 31.2420 -40.3860 -7.9769 28.1940 -38.8620 -7.8489 31.2420 -38.8620 -7.9708 29.7180 -38.8620 -7.9372 26.6700 -37.3380 -7.8550 32.7660 -37.3380 -7.9677 28.1940 -41.9100 -7.8915 20.5740 -37.3380 -7.8367 22.0980 -37.3380 -7.8915 22.0980 -35.8140 -7.9190 25.1460 -35.8140 -7.9068 23.6220 -37.3380 -7.8763 23.6220 -35.8140 -7.9129 22.0980 -34.2900 -7.8824 20.5740 -32.7660 -7.8275 23.6220 -34.2900 -7.8824 25.1460 -34.2900 -7.9372 20.5740 -35.8140 -7.8946 31.2420 -35.8140 -7.8397 29.7180 -37.3380 -7.9037 28.1940 -37.3380 -7.8489 29.7180 -35.8140 -7.8397 26.6700 -34.2900 -7.8153 28.1940 -34.2900 -7.8031 28.1940 -35.8140 -7.8610 29.7180 -34.2900 -7.8214 31.2420 -34.2900 -7.8123 32.7660 -34.2900 -7.7970 25.1460 -32.7660 -7.8184 32.7660 -35.8140 -7.9007 26.6700 -35.8140 -7.8610 31.2420 -37.3380 -7.9433 32.7660 -40.3860 -8.0013 34.2900 -40.3860 -8.0043 37.3380 -40.3860 -7.9281 38.8620 -40.3860 -7.9159 35.8140 -40.3860 -7.9220 34.2900 -38.8620 -8.0104 35.8140 -38.8620 -7.9555 38.8620 -38.8620 -8.0226 37.3380 -38.8620 -7.9586 37.3380 -37.3380 -7.9769 41.9100 -40.3860 -7.7848 44.9580 -40.3860 -7.6751 43.4340 -41.9100 -7.6812 43.4340 -40.3860 -7.7178 41.9100 -41.9100 -7.7300 40.3860 -38.8620 -7.9494 41.9100 -38.8620 -7.8946 44.9580 -38.8620 -7.7269 43.4340 -38.8620 -7.8092 43.4340 -37.3380 -7.8885 40.3860 -40.3860 -7.8580 37.3380 -41.9100 -7.8702 38.8620 -37.3380 -7.9952 35.8140 -35.8140 -7.9433 34.2900 -37.3380 -7.9769 35.8140 -37.3380 -7.9647 37.3380 -35.8140 -7.9616 34.2900 -35.8140 -7.9220 34.2900 -34.2900 -7.8519 35.8140 -34.2900 -7.9190 37.3380 -34.2900 -7.9860 38.8620 -34.2900 -8.0226 37.3380 -32.7660 -7.9708 38.8620 -35.8140 -8.0013 41.9100 -37.3380 -7.9708 40.3860 -35.8140 -8.0531 41.9100 -35.8140 -8.0195 40.3860 -37.3380 -8.0104 44.9580 -35.8140 -7.8854 43.4340 -35.8140 -7.9555 40.3860 -34.2900 -8.0500 41.9100 -34.2900 -8.0287 43.4340 -34.2900 -7.9830 44.9580 -34.2900 -7.9403 44.9580 -37.3380 -7.8123 46.4820 -34.2900 -7.8976 32.7660 -38.8620 -8.0013 22.0980 -31.2420 -7.8062 22.0980 -32.7660 -7.8397 23.6220 -31.2420 -7.8610 23.6220 -32.7660 -7.8671 25.1460 -31.2420 -7.8519 20.5740 -29.7180 -7.5227 22.0980 -29.7180 -7.6599 25.1460 -29.7180 -7.7666 23.6220 -29.7180 -7.7574 23.6220 -28.1940 -7.6416 20.5740 -31.2420 -7.6782 28.1940 -32.7660 -7.7513 28.1940 -31.2420 -7.7727 29.7180 -32.7660 -7.7513 31.2420 -32.7660 -7.7848 32.7660 -32.7660 -7.8184 29.7180 -31.2420 -7.7544 26.6700 -31.2420 -7.7970 26.6700 -29.7180 -7.8031 31.2420 -31.2420 -7.7940 32.7660 -29.7180 -7.8580 29.7180 -29.7180 -7.7666 31.2420 -29.7180 -7.7666 26.6700 -32.7660 -7.7788 28.1940 -29.7180 -7.7788 20.5740 -26.6700 -7.1448 20.5740 -28.1940 -7.3337 22.0980 -26.6700 -7.3276 22.0980 -28.1940 -7.4953 25.1460 -26.6700 -7.5532 23.6220 -26.6700 -7.4770 25.1460 -28.1940 -7.6507 22.0980 -25.1460 -7.0899 20.5740 -25.1460 -6.9070 25.1460 -25.1460 -7.4983 26.6700 -25.1460 -7.6355 23.6220 -25.1460 -7.2850 26.6700 -28.1940 -7.7269 28.1940 -28.1940 -7.7879 28.1940 -26.6700 -7.7818 29.7180 -28.1940 -7.8123 28.1940 -25.1460 -7.7513 29.7180 -26.6700 -7.8123 29.7180 -25.1460 -7.7879 32.7660 -25.1460 -7.8367 31.2420 -26.6700 -7.8275 26.6700 -26.6700 -7.6934 31.2420 -28.1940 -7.8214 32.7660 -31.2420 -7.8428 34.2900 -31.2420 -7.8732 35.8140 -31.2420 -7.9312 35.8140 -32.7660 -7.9129 34.2900 -32.7660 -7.8489 37.3380 -31.2420 -7.9738 34.2900 -29.7180 -7.9007 32.7660 -28.1940 -7.8641 37.3380 -29.7180 -7.9830 35.8140 -29.7180 -7.9555 38.8620 -29.7180 -8.0165 38.8620 -31.2420 -8.0104 43.4340 -32.7660 -8.0074 41.9100 -31.2420 -8.0074 44.9580 -32.7660 -8.0043 40.3860 -32.7660 -8.0104 38.8620 -32.7660 -8.0043 43.4340 -31.2420 -8.0195 40.3860 -31.2420 -8.0195 40.3860 -29.7180 -8.0287 41.9100 -29.7180 -8.0165 43.4340 -29.7180 -8.0226 46.4820 -29.7180 -8.0317 44.9580 -31.2420 -8.0043 44.9580 -29.7180 -8.0378 41.9100 -32.7660 -8.0013 34.2900 -28.1940 -7.9007 37.3380 -28.1940 -7.9586 34.2900 -26.6700 -7.8671 37.3380 -26.6700 -7.8732 35.8140 -28.1940 -7.9251 35.8140 -26.6700 -7.8428 34.2900 -25.1460 -7.8153 37.3380 -25.1460 -7.8428 38.8620 -25.1460 -7.9129 35.8140 -25.1460 -7.8153 35.8140 -23.6220 -7.8062 38.8620 -26.6700 -7.9464 32.7660 -26.6700 -7.8732 40.3860 -28.1940 -7.9952 38.8620 -28.1940 -7.9860 41.9100 -28.1940 -7.9952 44.9580 -28.1940 -8.0134 43.4340 -28.1940 -8.0043 44.9580 -26.6700 -7.9433 40.3860 -26.6700 -7.9738 40.3860 -25.1460 -7.9616 41.9100 -26.6700 -7.9647 41.9100 -25.1460 -7.9433 43.4340 -26.6700 -7.9433 46.4820 -28.1940 -8.0287 43.4340 -25.1460 -7.8824 44.9580 -25.1460 -7.8702 46.4820 -40.3860 -7.6385 48.0060 -40.3860 -7.5227 48.0060 -41.9100 -7.4861 46.4820 -38.8620 -7.6690 49.5300 -40.3860 -7.3124 51.0540 -40.3860 -7.1996 48.0060 -38.8620 -7.5898 48.0060 -37.3380 -7.6782 46.4820 -37.3380 -7.7452 51.0540 -38.8620 -7.3642 52.5780 -38.8620 -7.3398 51.0540 -37.3380 -7.5197 49.5300 -38.8620 -7.4618 54.1020 -40.3860 -6.7729 55.6260 -40.3860 -6.4834 54.1020 -41.9100 -6.3614 54.1020 -38.8620 -7.1234 52.5780 -37.3380 -7.5349 55.6260 -37.3380 -7.2332 57.1500 -37.3380 -6.8125 57.1500 -38.8620 -6.5565 55.6260 -38.8620 -6.8826 52.5780 -40.3860 -7.0350 54.1020 -37.3380 -7.4282 48.0060 -35.8140 -7.7635 49.5300 -37.3380 -7.5928 51.0540 -35.8140 -7.6416 49.5300 -35.8140 -7.6995 48.0060 -32.7660 -7.9220 46.4820 -31.2420 -7.9952 49.5300 -32.7660 -7.8732 49.5300 -34.2900 -7.7879 48.0060 -34.2900 -7.8489 48.0060 -31.2420 -8.0013 51.0540 -34.2900 -7.7239 46.4820 -35.8140 -7.8245 52.5780 -35.8140 -7.6111 54.1020 -35.8140 -7.5837 55.6260 -35.8140 -7.0046 57.1500 -35.8140 -7.0015 51.0540 -32.7660 -7.8153 52.5780 -34.2900 -7.6690 54.1020 -34.2900 -7.5867 54.1020 -32.7660 -7.6020 55.6260 -32.7660 -7.4343 55.6260 -34.2900 -7.4679 57.1500 -34.2900 -7.3337 52.5780 -32.7660 -7.7147 46.4820 -32.7660 -7.9799 58.6740 -37.3380 -6.9284 58.6740 -35.8140 -7.1021 60.1980 -34.2900 -6.9009 61.7220 -34.2900 -6.5382 60.1980 -35.8140 -6.6754 58.6740 -32.7660 -7.2179 57.1500 -32.7660 -7.3276 63.2460 -32.7660 -6.4132 61.7220 -32.7660 -6.7851 58.6740 -34.2900 -7.1570 64.7700 -32.7660 -6.0140 60.1980 -32.7660 -7.0777 60.1980 -31.2420 -7.2149 49.5300 -31.2420 -7.9555 52.5780 -31.2420 -7.7970 51.0540 -31.2420 -7.8946 52.5780 -29.7180 -7.8702 48.0060 -29.7180 -8.0287 49.5300 -29.7180 -8.0287 49.5300 -28.1940 -8.0378 52.5780 -28.1940 -7.9616 51.0540 -29.7180 -7.9799 51.0540 -28.1940 -8.0348 54.1020 -29.7180 -7.7452 55.6260 -31.2420 -7.5288 57.1500 -31.2420 -7.3947 58.6740 -31.2420 -7.3246 55.6260 -29.7180 -7.6172 58.6740 -28.1940 -7.4679 58.6740 -29.7180 -7.3825 60.1980 -29.7180 -7.2789 57.1500 -28.1940 -7.5867 57.1500 -29.7180 -7.5136 60.1980 -28.1940 -7.3551 54.1020 -31.2420 -7.6446 54.1020 -28.1940 -7.8519 55.6260 -28.1940 -7.7026 46.4820 -26.6700 -7.9525 48.0060 -28.1940 -8.0348 48.0060 -26.6700 -8.0134 51.0540 -26.6700 -8.0622 49.5300 -26.6700 -8.0439 48.0060 -25.1460 -7.9647 46.4820 -25.1460 -7.9007 51.0540 -25.1460 -8.0561 49.5300 -25.1460 -8.0256 52.5780 -26.6700 -8.0256 55.6260 -26.6700 -7.8031 58.6740 -26.6700 -7.5898 57.1500 -26.6700 -7.6965 60.1980 -26.6700 -7.4557 54.1020 -25.1460 -7.9494 58.6740 -25.1460 -7.6995 55.6260 -25.1460 -7.8702 60.1980 -25.1460 -7.5715 52.5780 -25.1460 -8.0348 54.1020 -26.6700 -7.9251 63.2460 -31.2420 -6.7211 61.7220 -31.2420 -6.9985 64.7700 -29.7180 -6.8552 63.2460 -29.7180 -7.0594 61.7220 -29.7180 -7.1783 63.2460 -28.1940 -7.2393 64.7700 -28.1940 -6.7120 66.2940 -28.1940 -6.6022 61.7220 -28.1940 -7.2575 63.2460 -26.6700 -7.2880 61.7220 -26.6700 -7.3520 67.8180 -28.1940 -7.1844 67.8180 -26.6700 -7.2362 66.2940 -26.6700 -7.3185 67.8180 -25.1460 -7.2514 63.2460 -25.1460 -7.3307 61.7220 -25.1460 -7.4435 64.7700 -25.1460 -7.2636 64.7700 -26.6700 -7.2819 66.2940 -25.1460 -7.2819 69.3420 -26.6700 -6.9345 70.8660 -25.1460 -6.9009 69.3420 -25.1460 -7.0381 61.7220 -23.6220 -7.5136 46.4820 -41.9100 -7.5867 57.1500 -25.1460 -7.7970 -6.8580 -20.5740 -4.4595 -6.8580 -22.0980 -4.5479 -6.8580 -23.6220 -4.6789 -8.3820 -20.5740 -4.2766 -8.3820 -19.0500 -4.2309 -8.3820 -17.5260 -4.1364 -6.8580 -16.0020 -4.2278 -6.8580 -19.0500 -4.3406 -8.3820 -22.0980 -4.4016 -3.8100 -22.0980 -4.7277 -5.3340 -20.5740 -4.5082 -2.2860 -23.6220 -5.1819 -2.2860 -19.0500 -4.5753 -3.8100 -23.6220 -4.9898 -3.8100 -20.5740 -4.5601 -5.3340 -17.5260 -4.3741 -5.3340 -19.0500 -4.4199 -3.8100 -17.5260 -4.5022 -3.8100 -19.0500 -4.4747 -2.2860 -17.5260 -4.6180 -5.3340 -22.0980 -4.6454 -5.3340 -23.6220 -4.8374 -6.8580 -17.5260 -4.2553 -8.3820 -14.4780 -4.0998 -8.3820 -16.0020 -4.0998 -6.8580 -14.4780 -4.2675 -8.3820 -9.9060 -4.2309 -8.3820 -12.9540 -4.1394 -8.3820 -11.4300 -4.1730 -6.8580 -11.4300 -4.3680 -6.8580 -9.9060 -4.3985 -6.8580 -12.9540 -4.3223 -8.3820 -8.3820 -4.2979 -5.3340 -14.4780 -4.4930 -3.8100 -14.4780 -4.7277 -5.3340 -12.9540 -4.5418 -2.2860 -14.4780 -4.8557 -5.3340 -16.0020 -4.4199 -3.8100 -12.9540 -4.7643 -5.3340 -11.4300 -4.5814 -2.2860 -9.9060 -4.9075 -3.8100 -9.9060 -4.7887 -2.2860 -12.9540 -4.8953 -3.8100 -11.4300 -4.7856 -5.3340 -9.9060 -4.5844 -2.2860 -11.4300 -4.9289 -3.8100 -16.0020 -4.5905 -2.2860 -22.0980 -4.8374 -0.7620 -20.5740 -4.7125 0.7620 -22.0980 -5.1239 -0.7620 -22.0980 -4.9868 0.7620 -23.6220 -5.6360 0.7620 -20.5740 -4.8374 -0.7620 -19.0500 -4.6546 -2.2860 -16.0020 -4.7551 0.7620 -19.0500 -4.7368 -0.7620 -17.5260 -4.7003 2.2860 -23.6220 -5.8128 3.8100 -22.0980 -5.3038 2.2860 -20.5740 -4.9898 2.2860 -19.0500 -4.8862 0.7620 -17.5260 -4.7917 3.8100 -19.0500 -5.0081 5.3340 -19.0500 -5.1453 3.8100 -17.5260 -5.0173 3.8100 -20.5740 -5.0904 2.2860 -22.0980 -5.2459 -0.7620 -23.6220 -5.4105 2.2860 -17.5260 -4.8892 -0.7620 -16.0020 -4.8435 -0.7620 -14.4780 -4.9624 0.7620 -14.4780 -5.0234 0.7620 -16.0020 -4.8984 -0.7620 -11.4300 -5.0112 -0.7620 -12.9540 -5.0020 0.7620 -11.4300 -5.1300 0.7620 -9.9060 -5.0782 0.7620 -12.9540 -5.1331 -0.7620 -9.9060 -4.9837 3.8100 -14.4780 -5.1057 2.2860 -16.0020 -4.9654 3.8100 -16.0020 -5.0538 2.2860 -12.9540 -5.1544 5.3340 -14.4780 -5.1483 3.8100 -12.9540 -5.1788 5.3340 -16.0020 -5.1483 2.2860 -11.4300 -5.1880 5.3340 -11.4300 -5.2977 3.8100 -9.9060 -5.2581 3.8100 -11.4300 -5.2337 5.3340 -12.9540 -5.2062 2.2860 -14.4780 -5.0508 -2.2860 -20.5740 -4.6241 3.8100 -23.6220 -5.8555 2.2860 -9.9060 -5.1940 -8.3820 -5.3340 -4.4991 -8.3820 -6.8580 -4.3741 -6.8580 -6.8580 -4.4961 -6.8580 -5.3340 -4.5723 -8.3820 -2.2860 -4.6637 -8.3820 -3.8100 -4.6027 -6.8580 -2.2860 -4.7460 -6.8580 -3.8100 -4.6881 -3.8100 -8.3820 -4.7277 -3.8100 -6.8580 -4.7125 -5.3340 -5.3340 -4.6576 -3.8100 -5.3340 -4.7673 -2.2860 -5.3340 -4.8496 -6.8580 -8.3820 -4.4229 -5.3340 -8.3820 -4.5662 -5.3340 -3.8100 -4.7247 -2.2860 -2.2860 -4.8984 -3.8100 -3.8100 -4.8039 -2.2860 -3.8100 -4.8892 -3.8100 -2.2860 -4.8191 -5.3340 -2.2860 -4.7399 -5.3340 -6.8580 -4.6119 -8.3820 0.7620 -4.6972 -6.8580 0.7620 -4.7978 -8.3820 -0.7620 -4.7094 -8.3820 2.2860 -4.6363 -6.8580 -0.7620 -4.7887 -6.8580 2.2860 -4.7887 -9.9060 5.3340 -4.3924 -8.3820 3.8100 -4.5662 -8.3820 5.3340 -4.5204 -8.3820 6.8580 -4.4686 -6.8580 5.3340 -4.6363 -6.8580 3.8100 -4.6972 -5.3340 0.7620 -4.8161 -5.3340 -0.7620 -4.7765 -3.8100 0.7620 -4.8009 -2.2860 -0.7620 -4.8649 -2.2860 2.2860 -4.9045 -5.3340 5.3340 -4.7521 -5.3340 3.8100 -4.8283 -2.2860 3.8100 -4.9441 -2.2860 5.3340 -4.9502 -3.8100 3.8100 -4.8801 -3.8100 2.2860 -4.8588 -2.2860 0.7620 -4.8557 -5.3340 2.2860 -4.8466 -3.8100 -0.7620 -4.8100 -3.8100 5.3340 -4.8740 -0.7620 -6.8580 -4.9075 -2.2860 -8.3820 -4.8527 -0.7620 -8.3820 -4.9228 0.7620 -8.3820 -5.0234 0.7620 -6.8580 -4.9959 -0.7620 -5.3340 -4.9228 -0.7620 -3.8100 -4.9106 0.7620 -3.8100 -4.9685 0.7620 -2.2860 -4.9654 -0.7620 -2.2860 -4.9197 0.7620 -5.3340 -4.9929 2.2860 -5.3340 -5.0782 3.8100 -5.3340 -5.1209 3.8100 -6.8580 -5.1026 5.3340 -6.8580 -5.2428 2.2860 -8.3820 -5.1209 2.2860 -3.8100 -5.0599 3.8100 -0.7620 -5.0569 3.8100 -2.2860 -5.0813 5.3340 -2.2860 -5.1057 2.2860 -2.2860 -5.0234 3.8100 -3.8100 -5.1026 5.3340 -5.3340 -5.1636 2.2860 -6.8580 -5.0874 3.8100 -8.3820 -5.2215 2.2860 -0.7620 -5.0264 -0.7620 -0.7620 -4.9258 -0.7620 0.7620 -4.9441 0.7620 0.7620 -5.0112 0.7620 2.2860 -5.0904 -0.7620 2.2860 -5.0051 -0.7620 3.8100 -5.0356 -0.7620 5.3340 -5.0264 0.7620 5.3340 -5.1087 0.7620 3.8100 -5.1270 -0.7620 6.8580 -4.9898 0.7620 -0.7620 -4.9654 2.2860 0.7620 -5.0660 2.2860 2.2860 -5.1514 3.8100 0.7620 -5.0843 3.8100 2.2860 -5.1849 2.2860 5.3340 -5.2123 3.8100 3.8100 -5.2916 3.8100 5.3340 -5.3129 2.2860 3.8100 -5.2276 5.3340 0.7620 -5.1148 5.3340 2.2860 -5.1910 3.8100 6.8580 -5.2428 5.3340 -0.7620 -5.0904 -2.2860 -6.8580 -4.8222 5.3340 -9.9060 -5.3160 -9.9060 6.8580 -4.3223 5.3340 -22.0980 -5.3251 5.3340 -20.5740 -5.1666 8.3820 -22.0980 -5.3891 6.8580 -22.0980 -5.3586 5.3340 -25.1460 -6.3919 5.3340 -23.6220 -5.7823 6.8580 -20.5740 -5.2520 6.8580 -19.0500 -5.2550 8.3820 -17.5260 -5.3190 8.3820 -19.0500 -5.3343 8.3820 -20.5740 -5.2977 5.3340 -17.5260 -5.1361 9.9060 -22.0980 -5.4196 11.4300 -23.6220 -5.6970 9.9060 -20.5740 -5.3160 11.4300 -22.0980 -5.5080 12.9540 -20.5740 -5.5476 11.4300 -20.5740 -5.3586 6.8580 -23.6220 -5.6452 9.9060 -17.5260 -5.3404 9.9060 -19.0500 -5.3038 11.4300 -19.0500 -5.3190 11.4300 -17.5260 -5.2520 8.3820 -23.6220 -5.5446 6.8580 -17.5260 -5.2550 8.3820 -12.9540 -5.2123 6.8580 -14.4780 -5.1940 6.8580 -12.9540 -5.2123 6.8580 -11.4300 -5.2672 6.8580 -9.9060 -5.3251 8.3820 -9.9060 -5.2459 8.3820 -11.4300 -5.2154 6.8580 -8.3820 -5.3068 8.3820 -14.4780 -5.2733 6.8580 -16.0020 -5.2367 9.9060 -14.4780 -5.2520 9.9060 -16.0020 -5.3068 12.9540 -16.0020 -5.3434 11.4300 -16.0020 -5.2184 11.4300 -14.4780 -5.2093 8.3820 -16.0020 -5.3007 9.9060 -9.9060 -5.2276 9.9060 -12.9540 -5.2245 9.9060 -11.4300 -5.2001 11.4300 -12.9540 -5.2123 12.9540 -11.4300 -5.2885 11.4300 -11.4300 -5.2245 12.9540 -14.4780 -5.2672 11.4300 -9.9060 -5.2489 5.3340 -8.3820 -5.3007 14.4780 -22.0980 -5.8951 12.9540 -23.6220 -5.8707 14.4780 -23.6220 -6.0597 16.0020 -23.6220 -6.1999 9.9060 -23.6220 -5.5781 16.0020 -22.0980 -6.0383 12.9540 -19.0500 -5.4623 14.4780 -19.0500 -5.7122 12.9540 -17.5260 -5.4074 14.4780 -20.5740 -5.7976 14.4780 -17.5260 -5.6238 16.0020 -20.5740 -5.9164 17.5260 -22.0980 -6.1145 19.0500 -20.5740 -6.1267 19.0500 -22.0980 -6.2426 17.5260 -23.6220 -6.2669 17.5260 -20.5740 -6.0109 17.5260 -19.0500 -5.9134 16.0020 -19.0500 -5.7945 20.5740 -17.5260 -6.1603 17.5260 -17.5260 -5.9073 19.0500 -19.0500 -6.0749 16.0020 -17.5260 -5.7640 19.0500 -23.6220 -6.4468 19.0500 -17.5260 -6.0505 14.4780 -16.0020 -5.5232 14.4780 -14.4780 -5.4409 16.0020 -12.9540 -5.5933 12.9540 -12.9540 -5.2733 14.4780 -12.9540 -5.4044 14.4780 -11.4300 -5.3617 16.0020 -11.4300 -5.5293 14.4780 -9.9060 -5.3251 16.0020 -9.9060 -5.4775 12.9540 -9.9060 -5.2824 16.0020 -16.0020 -5.7183 16.0020 -14.4780 -5.6634 17.5260 -14.4780 -5.8402 17.5260 -16.0020 -5.8707 17.5260 -12.9540 -5.7762 19.0500 -14.4780 -5.9652 19.0500 -16.0020 -6.0109 17.5260 -9.9060 -5.6269 16.0020 -8.3820 -5.4531 19.0500 -11.4300 -5.7976 19.0500 -12.9540 -5.8920 19.0500 -9.9060 -5.7488 17.5260 -11.4300 -5.7000 20.5740 -8.3820 -5.7854 12.9540 -22.0980 -5.6970 6.8580 -6.8580 -5.2824 8.3820 -6.8580 -5.3190 8.3820 -8.3820 -5.2946 6.8580 -3.8100 -5.1940 6.8580 -5.3340 -5.2367 6.8580 -2.2860 -5.1361 8.3820 -3.8100 -5.3007 8.3820 -5.3340 -5.3434 5.3340 -3.8100 -5.1392 9.9060 -8.3820 -5.2824 9.9060 -5.3340 -5.3800 11.4300 -6.8580 -5.3007 12.9540 -6.8580 -5.2672 11.4300 -8.3820 -5.2733 11.4300 -5.3340 -5.3221 9.9060 -3.8100 -5.3861 9.9060 -2.2860 -5.3464 11.4300 -2.2860 -5.4562 11.4300 -3.8100 -5.3617 8.3820 -2.2860 -5.2215 12.9540 -3.8100 -5.3586 9.9060 -6.8580 -5.3221 6.8580 0.7620 -5.1331 8.3820 0.7620 -5.2276 8.3820 2.2860 -5.3251 6.8580 -0.7620 -5.1300 8.3820 -0.7620 -5.1727 6.8580 2.2860 -5.2337 5.3340 3.8100 -5.3434 6.8580 5.3340 -5.3952 6.8580 3.8100 -5.3678 8.3820 3.8100 -5.4318 8.3820 5.3340 -5.4470 5.3340 5.3340 -5.3586 9.9060 -0.7620 -5.3404 11.4300 0.7620 -5.4958 9.9060 2.2860 -5.4592 11.4300 -0.7620 -5.4684 11.4300 2.2860 -5.5324 9.9060 5.3340 -5.5171 11.4300 3.8100 -5.5720 11.4300 5.3340 -5.5629 12.9540 5.3340 -5.6695 9.9060 3.8100 -5.5171 11.4300 6.8580 -5.6147 9.9060 0.7620 -5.3769 14.4780 -8.3820 -5.3434 14.4780 -6.8580 -5.3739 16.0020 -5.3340 -5.5385 12.9540 -5.3340 -5.3038 14.4780 -5.3340 -5.4196 14.4780 -3.8100 -5.4409 14.4780 -2.2860 -5.5110 16.0020 -3.8100 -5.5598 16.0020 -2.2860 -5.5537 16.0020 -6.8580 -5.5080 12.9540 -2.2860 -5.4653 17.5260 -6.8580 -5.6238 17.5260 -8.3820 -5.6238 17.5260 -5.3340 -5.6421 19.0500 -6.8580 -5.7153 19.0500 -8.3820 -5.7396 19.0500 -5.3340 -5.7305 17.5260 -2.2860 -5.6726 17.5260 -3.8100 -5.6604 19.0500 -3.8100 -5.7457 19.0500 -2.2860 -5.8006 16.0020 -0.7620 -5.6299 20.5740 -3.8100 -5.8311 12.9540 0.7620 -5.5750 12.9540 -0.7620 -5.5507 14.4780 0.7620 -5.6330 14.4780 2.2860 -5.6970 14.4780 -0.7620 -5.5720 12.9540 2.2860 -5.6055 12.9540 3.8100 -5.6299 14.4780 5.3340 -5.7823 16.0020 3.8100 -5.8189 14.4780 3.8100 -5.7640 16.0020 0.7620 -5.6939 17.5260 0.7620 -5.7610 19.0500 0.7620 -5.8677 17.5260 2.2860 -5.8524 19.0500 -0.7620 -5.8372 19.0500 2.2860 -5.9225 16.0020 5.3340 -5.8768 19.0500 3.8100 -5.9835 20.5740 3.8100 -6.0262 17.5260 5.3340 -5.9500 19.0500 5.3340 -6.0475 17.5260 3.8100 -5.9012 16.0020 6.8580 -5.8890 16.0020 2.2860 -5.7762 17.5260 -0.7620 -5.7183 12.9540 6.8580 -5.7061 12.9540 -8.3820 -5.2642 17.5260 6.8580 -6.0292 9.9060 6.8580 -5.5476 -8.3820 11.4300 -4.4229 -8.3820 8.3820 -4.4229 -8.3820 9.9060 -4.4168 -8.3820 12.9540 -4.4412 -6.8580 12.9540 -4.5113 -8.3820 14.4780 -4.4656 -6.8580 11.4300 -4.5143 -6.8580 14.4780 -4.5265 -6.8580 8.3820 -4.5723 -6.8580 9.9060 -4.5326 -5.3340 8.3820 -4.6911 -3.8100 8.3820 -4.8435 -3.8100 9.9060 -4.7856 -6.8580 6.8580 -4.5997 -5.3340 9.9060 -4.6667 -5.3340 12.9540 -4.5387 -5.3340 11.4300 -4.5814 -3.8100 12.9540 -4.5509 -3.8100 11.4300 -4.6759 -3.8100 14.4780 -4.5753 -5.3340 6.8580 -4.7186 -5.3340 14.4780 -4.5540 -8.3820 16.0020 -4.4869 -8.3820 19.0500 -4.5235 -6.8580 17.5260 -4.5905 -5.3340 17.5260 -4.6393 -6.8580 16.0020 -4.5631 -6.8580 19.0500 -4.5631 -8.3820 20.5740 -4.4199 -8.3820 22.0980 -4.2583 -6.8580 20.5740 -4.4564 -8.3820 23.6220 -4.0968 -8.3820 17.5260 -4.5113 -3.8100 16.0020 -4.6149 -3.8100 17.5260 -4.6485 -3.8100 19.0500 -4.6424 -3.8100 20.5740 -4.5418 -5.3340 19.0500 -4.6088 -5.3340 22.0980 -4.4107 -5.3340 20.5740 -4.5052 -6.8580 22.0980 -4.3437 -3.8100 22.0980 -4.4900 -3.8100 23.6220 -4.4168 -6.8580 23.6220 -4.2065 -5.3340 16.0020 -4.5936 -5.3340 23.6220 -4.3162 -3.8100 6.8580 -4.8313 -2.2860 8.3820 -4.8862 -2.2860 9.9060 -4.8466 -0.7620 9.9060 -4.8557 -0.7620 8.3820 -4.9289 -2.2860 6.8580 -4.9197 -2.2860 11.4300 -4.6850 -2.2860 12.9540 -4.5753 -0.7620 14.4780 -4.6424 -0.7620 12.9540 -4.6241 0.7620 12.9540 -4.7490 -0.7620 11.4300 -4.7216 -2.2860 16.0020 -4.6210 -2.2860 14.4780 -4.5966 0.7620 9.9060 -4.9502 0.7620 8.3820 -4.9959 2.2860 8.3820 -5.1209 2.2860 9.9060 -5.0752 0.7620 14.4780 -4.7247 2.2860 12.9540 -4.9045 2.2860 14.4780 -4.8466 2.2860 11.4300 -4.9868 3.8100 11.4300 -5.1575 0.7620 11.4300 -4.8344 -2.2860 17.5260 -4.6515 -2.2860 19.0500 -4.6332 -0.7620 17.5260 -4.6606 -0.7620 19.0500 -4.6546 -0.7620 16.0020 -4.6606 -2.2860 22.0980 -4.5570 -2.2860 23.6220 -4.5022 -2.2860 20.5740 -4.5966 -0.7620 22.0980 -4.5966 -0.7620 23.6220 -4.5479 -0.7620 20.5740 -4.6271 0.7620 17.5260 -4.7247 0.7620 16.0020 -4.7368 2.2860 16.0020 -4.8283 2.2860 17.5260 -4.7917 3.8100 17.5260 -4.9014 3.8100 16.0020 -4.9350 2.2860 19.0500 -4.7521 0.7620 22.0980 -4.6332 0.7620 20.5740 -4.6515 2.2860 20.5740 -4.7064 2.2860 23.6220 -4.5936 2.2860 22.0980 -4.6515 0.7620 23.6220 -4.5784 3.8100 23.6220 -4.6485 0.7620 19.0500 -4.6911 0.7620 6.8580 -5.0660 -8.3820 26.6700 -3.6518 -6.8580 26.6700 -3.7859 -6.8580 25.1460 -3.9962 -6.8580 28.1940 -3.6304 -8.3820 28.1940 -3.5176 -9.9060 31.2420 -3.2799 -8.3820 29.7180 -3.4323 -8.3820 31.2420 -3.3592 -8.3820 32.7660 -3.2860 -6.8580 31.2420 -3.4719 -6.8580 32.7660 -3.3927 -8.3820 25.1460 -3.8712 -5.3340 26.6700 -3.9840 -5.3340 28.1940 -3.8316 -3.8100 25.1460 -4.3376 -6.8580 29.7180 -3.5451 -5.3340 29.7180 -3.7158 -5.3340 31.2420 -3.6152 -3.8100 31.2420 -3.7828 -5.3340 32.7660 -3.5237 -3.8100 29.7180 -3.9108 -5.3340 25.1460 -4.1486 -8.3820 34.2900 -3.2037 -8.3820 35.8140 -3.1184 -8.3820 37.3380 -3.0513 -6.8580 34.2900 -3.2982 -6.8580 35.8140 -3.2098 -8.3820 40.3860 -2.9202 -8.3820 41.9100 -2.8593 -6.8580 40.3860 -3.0025 -8.3820 38.8620 -2.9842 -6.8580 37.3380 -3.1366 -5.3340 34.2900 -3.4354 -3.8100 35.8140 -3.4597 -5.3340 37.3380 -3.2464 -3.8100 34.2900 -3.5634 -3.8100 37.3380 -3.3744 -6.8580 38.8620 -3.0696 -5.3340 38.8620 -3.1732 -5.3340 35.8140 -3.3348 -9.9060 32.7660 -3.1915 -2.2860 26.6700 -4.3376 -3.8100 26.6700 -4.1943 -0.7620 26.6700 -4.4077 0.7620 26.6700 -4.3985 -0.7620 25.1460 -4.4869 -0.7620 28.1940 -4.2827 -2.2860 28.1940 -4.2126 -0.7620 31.2420 -3.9901 -2.2860 29.7180 -4.0632 -0.7620 29.7180 -4.1455 -2.2860 31.2420 -3.9139 2.2860 25.1460 -4.5204 0.7620 28.1940 -4.2705 2.2860 26.6700 -4.4168 3.8100 28.1940 -4.3650 -2.2860 25.1460 -4.4320 0.7620 29.7180 -4.1364 0.7620 31.2420 -4.0114 2.2860 29.7180 -4.1577 2.2860 31.2420 -4.0480 2.2860 28.1940 -4.2979 3.8100 29.7180 -4.2614 0.7620 25.1460 -4.5022 -3.8100 32.7660 -3.6700 -2.2860 32.7660 -3.7767 -0.7620 32.7660 -3.8560 -0.7620 34.2900 -3.7615 -2.2860 34.2900 -3.6700 0.7620 32.7660 -3.9017 0.7620 34.2900 -3.8407 -3.8100 28.1940 -4.0510 3.8100 9.9060 -5.2154 5.3340 8.3820 -5.3312 6.8580 6.8580 -5.4044 2.2860 6.8580 -5.1605 5.3340 9.9060 -5.3373 5.3340 11.4300 -5.2733 3.8100 12.9540 -5.0295 6.8580 11.4300 -5.3769 6.8580 9.9060 -5.4105 6.8580 8.3820 -5.4318 8.3820 8.3820 -5.5080 8.3820 6.8580 -5.4745 9.9060 8.3820 -5.5690 11.4300 9.9060 -5.5629 9.9060 11.4300 -5.5354 8.3820 9.9060 -5.4958 8.3820 11.4300 -5.4745 11.4300 11.4300 -5.6055 11.4300 12.9540 -5.6482 9.9060 9.9060 -5.5354 8.3820 12.9540 -5.4988 5.3340 6.8580 -5.3221 9.9060 12.9540 -5.6025 5.3340 14.4780 -5.1300 6.8580 14.4780 -5.3617 6.8580 16.0020 -5.3160 6.8580 17.5260 -5.2855 5.3340 12.9540 -5.2062 5.3340 16.0020 -5.1270 5.3340 19.0500 -5.0386 5.3340 17.5260 -5.1087 3.8100 19.0500 -4.8405 6.8580 19.0500 -5.1849 3.8100 14.4780 -4.9563 8.3820 14.4780 -5.5293 9.9060 14.4780 -5.6391 9.9060 16.0020 -5.5049 11.4300 16.0020 -5.6086 11.4300 14.4780 -5.6421 8.3820 17.5260 -5.3525 8.3820 16.0020 -5.4379 9.9060 17.5260 -5.4318 8.3820 20.5740 -5.1148 9.9060 19.0500 -5.3495 11.4300 19.0500 -5.4379 8.3820 19.0500 -5.2763 6.8580 12.9540 -5.3525 11.4300 8.3820 -5.6452 3.8100 20.5740 -4.7978 12.9540 8.3820 -5.7457 14.4780 8.3820 -5.8555 12.9540 9.9060 -5.6970 16.0020 9.9060 -5.7976 16.0020 11.4300 -5.7518 14.4780 9.9060 -5.7579 12.9540 11.4300 -5.6177 16.0020 12.9540 -5.7579 14.4780 11.4300 -5.6573 12.9540 12.9540 -5.6604 14.4780 12.9540 -5.6848 16.0020 8.3820 -5.8646 17.5260 8.3820 -5.9865 20.5740 8.3820 -6.0170 19.0500 9.9060 -6.0262 14.4780 6.8580 -5.8067 19.0500 8.3820 -6.1267 17.5260 11.4300 -5.8798 19.0500 11.4300 -5.9652 19.0500 12.9540 -5.9317 17.5260 9.9060 -5.8920 17.5260 12.9540 -5.8768 17.5260 14.4780 -5.8768 12.9540 14.4780 -5.6878 12.9540 16.0020 -5.6695 16.0020 16.0020 -5.7549 14.4780 14.4780 -5.7214 14.4780 16.0020 -5.7244 14.4780 17.5260 -5.6299 11.4300 17.5260 -5.5811 12.9540 17.5260 -5.6238 12.9540 19.0500 -5.5049 14.4780 19.0500 -5.5446 12.9540 20.5740 -5.3861 17.5260 16.0020 -5.8219 19.0500 16.0020 -5.8494 16.0020 14.4780 -5.7823 16.0020 19.0500 -5.5872 17.5260 19.0500 -5.6025 19.0500 19.0500 -5.6543 17.5260 17.5260 -5.7183 17.5260 20.5740 -5.5080 19.0500 17.5260 -5.7305 20.5740 17.5260 -5.7518 16.0020 17.5260 -5.6634 19.0500 14.4780 -5.9195 16.0020 20.5740 -5.4806 19.0500 6.8580 -6.1176 11.4300 20.5740 -5.2916 3.8100 25.1460 -4.5601 6.8580 22.0980 -4.9075 6.8580 20.5740 -5.0538 5.3340 22.0980 -4.8161 5.3340 20.5740 -4.9106 5.3340 23.6220 -4.7094 5.3340 25.1460 -4.5966 6.8580 26.6700 -4.5143 5.3340 26.6700 -4.5082 5.3340 28.1940 -4.4046 3.8100 26.6700 -4.4747 8.3820 22.0980 -4.9685 6.8580 23.6220 -4.7612 9.9060 22.0980 -5.0508 8.3820 23.6220 -4.8252 8.3820 25.1460 -4.6759 8.3820 26.6700 -4.5448 6.8580 25.1460 -4.6271 9.9060 26.6700 -4.6363 9.9060 28.1940 -4.5052 9.9060 25.1460 -4.7704 9.9060 20.5740 -5.1880 8.3820 28.1940 -4.4473 5.3340 31.2420 -4.2431 5.3340 29.7180 -4.3254 6.8580 28.1940 -4.4199 9.9060 23.6220 -4.9136 3.8100 22.0980 -4.7216 12.9540 22.0980 -5.2550 11.4300 23.6220 -4.9929 14.4780 22.0980 -5.3129 14.4780 23.6220 -5.1819 12.9540 23.6220 -5.0996 11.4300 25.1460 -4.8679 14.4780 25.1460 -5.0813 12.9540 25.1460 -4.9685 12.9540 26.6700 -4.8923 11.4300 22.0980 -5.1575 16.0020 22.0980 -5.3891 17.5260 22.0980 -5.4257 19.0500 22.0980 -5.4592 14.4780 20.5740 -5.4562 19.0500 20.5740 -5.5629 20.5740 9.9060 -5.9408 3.8100 8.3820 -5.2367 20.5740 -2.2860 -5.8707 -9.9060 -19.0500 -4.1029 20.5740 -23.6220 -6.6723 22.0980 -23.6220 -6.8400 22.0980 -22.0980 -6.6236 25.1460 -23.6220 -7.3063 23.6220 -23.6220 -7.0655 23.6220 -22.0980 -6.8796 20.5740 -20.5740 -6.2060 22.0980 -20.5740 -6.4285 25.1460 -22.0980 -7.1417 23.6220 -20.5740 -6.6784 25.1460 -20.5740 -6.9314 28.1940 -23.6220 -7.6782 26.6700 -23.6220 -7.5166 28.1940 -22.0980 -7.5288 31.2420 -25.1460 -7.7909 31.2420 -23.6220 -7.7666 28.1940 -20.5740 -7.3856 31.2420 -22.0980 -7.6934 32.7660 -20.5740 -7.7117 31.2420 -20.5740 -7.6203 29.7180 -22.0980 -7.6081 26.6700 -20.5740 -7.1874 32.7660 -22.0980 -7.7909 26.6700 -22.0980 -7.3581 22.0980 -17.5260 -6.2578 20.5740 -19.0500 -6.1694 23.6220 -19.0500 -6.5108 22.0980 -19.0500 -6.2669 25.1460 -19.0500 -6.7699 22.0980 -16.0020 -6.2273 25.1460 -17.5260 -6.6114 26.6700 -16.0020 -6.6571 23.6220 -17.5260 -6.3980 23.6220 -16.0020 -6.3310 25.1460 -16.0020 -6.4803 26.6700 -19.0500 -7.0198 28.1940 -19.0500 -7.2271 31.2420 -17.5260 -7.4465 31.2420 -19.0500 -7.5441 29.7180 -20.5740 -7.5380 29.7180 -19.0500 -7.3795 28.1940 -16.0020 -6.8948 28.1940 -17.5260 -7.0808 31.2420 -16.0020 -7.2941 29.7180 -17.5260 -7.2880 29.7180 -16.0020 -7.1204 32.7660 -16.0020 -7.4374 26.6700 -17.5260 -6.8369 32.7660 -19.0500 -7.6446 20.5740 -16.0020 -6.1206 34.2900 -23.6220 -7.8062 32.7660 -23.6220 -7.8184 34.2900 -22.0980 -7.8092 37.3380 -23.6220 -7.8580 38.8620 -23.6220 -7.9159 35.8140 -22.0980 -7.8367 35.8140 -20.5740 -7.8031 34.2900 -20.5740 -7.7574 37.3380 -20.5740 -7.8610 38.8620 -20.5740 -7.9281 37.3380 -22.0980 -7.8793 38.8620 -22.0980 -7.9251 41.9100 -23.6220 -7.9525 40.3860 -23.6220 -7.9677 40.3860 -22.0980 -7.9525 44.9580 -20.5740 -7.9494 41.9100 -22.0980 -7.9372 41.9100 -20.5740 -7.9098 40.3860 -20.5740 -7.9220 43.4340 -20.5740 -7.9372 43.4340 -22.0980 -7.9220 44.9580 -23.6220 -7.8610 41.9100 -19.0500 -7.8854 34.2900 -19.0500 -7.7026 35.8140 -19.0500 -7.7026 34.2900 -17.5260 -7.6355 37.3380 -19.0500 -7.8275 34.2900 -16.0020 -7.5715 37.3380 -17.5260 -7.7848 35.8140 -16.0020 -7.6660 35.8140 -17.5260 -7.6843 37.3380 -16.0020 -7.7513 32.7660 -17.5260 -7.5684 40.3860 -19.0500 -7.9068 38.8620 -19.0500 -7.9037 43.4340 -17.5260 -7.9220 43.4340 -19.0500 -7.9464 41.9100 -17.5260 -7.8915 40.3860 -16.0020 -7.8702 40.3860 -17.5260 -7.8702 38.8620 -16.0020 -7.8275 43.4340 -16.0020 -7.9068 44.9580 -16.0020 -7.9068 41.9100 -14.4780 -7.8976 41.9100 -16.0020 -7.8976 44.9580 -17.5260 -7.9586 38.8620 -17.5260 -7.8550 44.9580 -19.0500 -7.9555 29.7180 -23.6220 -7.7239 20.5740 -14.4780 -6.0505 22.0980 -14.4780 -6.1633 20.5740 -12.9540 -5.9682 25.1460 -14.4780 -6.3584 23.6220 -14.4780 -6.2700 22.0980 -12.9540 -6.0780 20.5740 -11.4300 -5.8951 23.6220 -12.9540 -6.1968 25.1460 -12.9540 -6.3005 22.0980 -11.4300 -6.0048 25.1460 -11.4300 -6.2517 26.6700 -12.9540 -6.3736 28.1940 -14.4780 -6.6845 28.1940 -12.9540 -6.5778 26.6700 -14.4780 -6.4955 29.7180 -12.9540 -6.8430 29.7180 -14.4780 -6.9680 26.6700 -11.4300 -6.3828 28.1940 -11.4300 -6.5230 29.7180 -11.4300 -6.7668 31.2420 -11.4300 -6.9771 31.2420 -12.9540 -7.0625 32.7660 -12.9540 -7.2088 31.2420 -14.4780 -7.1722 22.0980 -9.9060 -5.9317 23.6220 -11.4300 -6.1206 23.6220 -9.9060 -6.0383 25.1460 -9.9060 -6.1938 20.5740 -6.8580 -5.7823 22.0980 -6.8580 -5.8372 23.6220 -6.8580 -5.9743 23.6220 -8.3820 -5.9774 22.0980 -8.3820 -5.8646 22.0980 -5.3340 -5.9042 25.1460 -6.8580 -6.0993 20.5740 -5.3340 -5.8036 26.6700 -9.9060 -6.3431 26.6700 -8.3820 -6.2852 31.2420 -9.9060 -6.8430 28.1940 -9.9060 -6.4773 28.1940 -8.3820 -6.3919 25.1460 -8.3820 -6.1176 31.2420 -6.8580 -6.5535 29.7180 -6.8580 -6.4193 28.1940 -6.8580 -6.3340 29.7180 -8.3820 -6.5077 31.2420 -8.3820 -6.6815 29.7180 -9.9060 -6.6418 26.6700 -6.8580 -6.2334 20.5740 -9.9060 -5.8372 34.2900 -14.4780 -7.4465 32.7660 -14.4780 -7.3063 34.2900 -12.9540 -7.3307 37.3380 -14.4780 -7.6934 35.8140 -12.9540 -7.4648 34.2900 -11.4300 -7.2301 37.3380 -11.4300 -7.4770 35.8140 -9.9060 -7.2210 35.8140 -11.4300 -7.3642 37.3380 -12.9540 -7.5837 32.7660 -11.4300 -7.1082 38.8620 -14.4780 -7.7970 40.3860 -14.4780 -7.8580 43.4340 -14.4780 -7.8976 41.9100 -12.9540 -7.8489 38.8620 -12.9540 -7.7147 40.3860 -12.9540 -7.7879 40.3860 -11.4300 -7.6599 38.8620 -11.4300 -7.5593 41.9100 -11.4300 -7.7544 43.4340 -12.9540 -7.8763 43.4340 -11.4300 -7.8336 35.8140 -14.4780 -7.5715 32.7660 -8.3820 -6.8491 34.2900 -8.3820 -6.9558 34.2900 -9.9060 -7.1051 37.3380 -6.8580 -6.9985 35.8140 -8.3820 -7.0594 37.3380 -9.9060 -7.3246 34.2900 -6.8580 -6.8156 32.7660 -6.8580 -6.6906 35.8140 -6.8580 -6.9070 34.2900 -5.3340 -6.6754 37.3380 -8.3820 -7.1417 32.7660 -9.9060 -6.9954 38.8620 -8.3820 -7.2362 41.9100 -9.9060 -7.6264 40.3860 -8.3820 -7.3581 43.4340 -9.9060 -7.7147 38.8620 -9.9060 -7.4221 40.3860 -9.9060 -7.5258 40.3860 -6.8580 -7.2027 38.8620 -6.8580 -7.0838 41.9100 -8.3820 -7.5014 41.9100 -6.8580 -7.3337 43.4340 -8.3820 -7.5898 43.4340 -6.8580 -7.4465 44.9580 -11.4300 -7.8580 44.9580 -14.4780 -7.8885 20.5740 -22.0980 -6.4437 46.4820 -23.6220 -7.8946 49.5300 -23.6220 -8.0134 52.5780 -23.6220 -7.9799 48.0060 -23.6220 -7.9494 46.4820 -20.5740 -7.9708 46.4820 -22.0980 -7.9251 48.0060 -22.0980 -7.9799 49.5300 -22.0980 -7.9952 51.0540 -22.0980 -7.9830 52.5780 -22.0980 -7.9555 51.0540 -23.6220 -8.0165 57.1500 -23.6220 -7.8367 58.6740 -23.6220 -7.7544 54.1020 -20.5740 -7.8854 57.1500 -22.0980 -7.8336 58.6740 -22.0980 -7.7848 57.1500 -20.5740 -7.8489 55.6260 -22.0980 -7.8824 58.6740 -20.5740 -7.7970 60.1980 -22.0980 -7.6751 54.1020 -23.6220 -7.9342 54.1020 -22.0980 -7.9251 52.5780 -20.5740 -7.9068 46.4820 -19.0500 -7.9647 49.5300 -20.5740 -7.9769 51.0540 -20.5740 -7.9403 51.0540 -19.0500 -7.9312 48.0060 -20.5740 -7.9891 49.5300 -19.0500 -7.9677 46.4820 -17.5260 -7.9677 48.0060 -17.5260 -7.9586 48.0060 -19.0500 -7.9830 51.0540 -17.5260 -7.8885 49.5300 -17.5260 -7.9220 58.6740 -19.0500 -7.8428 55.6260 -20.5740 -7.9007 55.6260 -19.0500 -7.9129 57.1500 -19.0500 -7.9159 52.5780 -17.5260 -7.8580 54.1020 -19.0500 -7.8610 54.1020 -17.5260 -7.8763 57.1500 -17.5260 -7.9312 57.1500 -16.0020 -7.9251 58.6740 -17.5260 -7.8610 55.6260 -17.5260 -7.9220 52.5780 -19.0500 -7.8763 60.1980 -20.5740 -7.7391 60.1980 -23.6220 -7.6385 64.7700 -23.6220 -7.3551 66.2940 -23.6220 -7.2728 63.2460 -23.6220 -7.4343 66.2940 -22.0980 -7.3917 61.7220 -22.0980 -7.5837 64.7700 -22.0980 -7.4709 67.8180 -22.0980 -7.3520 63.2460 -22.0980 -7.5380 67.8180 -23.6220 -7.2789 70.8660 -23.6220 -7.1661 72.3900 -23.6220 -7.0259 70.8660 -22.0980 -7.3795 72.3900 -22.0980 -7.2149 69.3420 -22.0980 -7.3581 60.1980 -19.0500 -7.8062 61.7220 -20.5740 -7.6660 61.7220 -19.0500 -7.7848 63.2460 -20.5740 -7.6294 64.7700 -19.0500 -7.7269 64.7700 -20.5740 -7.5959 63.2460 -19.0500 -7.7452 60.1980 -17.5260 -7.8580 61.7220 -17.5260 -7.9159 64.7700 -17.5260 -7.8367 66.2940 -17.5260 -7.7605 63.2460 -17.5260 -7.8732 66.2940 -20.5740 -7.5105 67.8180 -20.5740 -7.4557 67.8180 -19.0500 -7.5502 70.8660 -20.5740 -7.3978 69.3420 -20.5740 -7.4313 69.3420 -19.0500 -7.4953 66.2940 -19.0500 -7.6385 55.6260 -23.6220 -7.8885 48.0060 -14.4780 -7.9647 46.4820 -14.4780 -7.9342 49.5300 -14.4780 -7.9372 48.0060 -16.0020 -7.9647 46.4820 -12.9540 -7.9068 44.9580 -12.9540 -7.8702 48.0060 -11.4300 -7.8946 46.4820 -11.4300 -7.8763 48.0060 -12.9540 -7.9281 49.5300 -12.9540 -7.9129 46.4820 -16.0020 -7.9586 49.5300 -16.0020 -7.9129 52.5780 -16.0020 -7.8458 54.1020 -16.0020 -7.8793 52.5780 -14.4780 -7.8946 51.0540 -12.9540 -7.8976 52.5780 -12.9540 -7.9037 52.5780 -11.4300 -7.9007 54.1020 -12.9540 -7.9129 51.0540 -11.4300 -7.8580 54.1020 -14.4780 -7.9159 55.6260 -14.4780 -7.9159 51.0540 -14.4780 -7.9037 51.0540 -16.0020 -7.8550 46.4820 -9.9060 -7.8489 44.9580 -9.9060 -7.8123 49.5300 -8.3820 -7.8885 49.5300 -9.9060 -7.9190 48.0060 -9.9060 -7.8824 48.0060 -8.3820 -7.8275 46.4820 -6.8580 -7.6324 44.9580 -6.8580 -7.5502 49.5300 -6.8580 -7.8153 48.0060 -5.3340 -7.5928 48.0060 -6.8580 -7.7330 44.9580 -8.3820 -7.6965 46.4820 -8.3820 -7.7970 52.5780 -9.9060 -7.9372 51.0540 -9.9060 -7.8946 55.6260 -9.9060 -8.0013 54.1020 -9.9060 -7.9952 54.1020 -11.4300 -7.9159 51.0540 -6.8580 -7.9342 51.0540 -8.3820 -7.9708 54.1020 -8.3820 -8.0256 52.5780 -6.8580 -7.9952 54.1020 -6.8580 -8.0470 52.5780 -8.3820 -7.9891 55.6260 -8.3820 -8.0653 49.5300 -11.4300 -7.8580 57.1500 -14.4780 -7.9433 58.6740 -16.0020 -7.8854 58.6740 -14.4780 -7.9159 55.6260 -16.0020 -7.9281 57.1500 -12.9540 -7.9586 55.6260 -12.9540 -7.9464 60.1980 -14.4780 -7.9312 60.1980 -12.9540 -7.9525 58.6740 -12.9540 -7.9494 58.6740 -11.4300 -8.0226 55.6260 -11.4300 -7.9464 57.1500 -11.4300 -7.9830 63.2460 -14.4780 -7.9068 63.2460 -16.0020 -7.9312 60.1980 -16.0020 -7.8763 61.7220 -16.0020 -7.9281 61.7220 -12.9540 -7.9159 61.7220 -14.4780 -7.9616 64.7700 -16.0020 -7.8824 57.1500 -9.9060 -8.0317 44.9580 -22.0980 -7.9342 69.3420 -23.6220 -7.2393 22.0980 -3.8100 -5.9530 23.6220 -3.8100 -6.0414 23.6220 -2.2860 -6.0505 22.0980 -2.2860 -5.9835 20.5740 0.7620 -5.9591 20.5740 -0.7620 -5.9164 20.5740 2.2860 -6.0048 22.0980 0.7620 -6.0536 23.6220 -0.7620 -6.0566 23.6220 0.7620 -6.1145 22.0980 -0.7620 -5.9926 25.1460 -5.3340 -6.0963 25.1460 -3.8100 -6.1176 26.6700 -3.8100 -6.1846 26.6700 -2.2860 -6.1633 25.1460 -2.2860 -6.1145 25.1460 0.7620 -6.1298 25.1460 -0.7620 -6.1054 26.6700 0.7620 -6.1968 26.6700 -0.7620 -6.1542 26.6700 2.2860 -6.1846 23.6220 -5.3340 -5.9987 25.1460 2.2860 -6.1511 20.5740 6.8580 -6.0810 22.0980 3.8100 -6.0444 23.6220 6.8580 -5.9957 22.0980 5.3340 -6.0414 22.0980 6.8580 -5.9560 22.0980 8.3820 -5.9195 23.6220 8.3820 -5.9408 22.0980 9.9060 -5.8859 20.5740 5.3340 -6.0444 23.6220 3.8100 -6.1298 25.1460 3.8100 -6.1603 23.6220 5.3340 -6.0963 26.6700 3.8100 -6.1603 25.1460 5.3340 -6.0932 26.6700 5.3340 -6.0932 25.1460 6.8580 -6.0475 26.6700 8.3820 -6.0140 26.6700 6.8580 -6.0444 25.1460 8.3820 -5.9957 23.6220 9.9060 -5.9347 22.0980 2.2860 -6.0810 23.6220 2.2860 -6.1206 25.1460 9.9060 -5.9743 26.6700 -5.3340 -6.1968 28.1940 -5.3340 -6.3005 29.7180 -3.8100 -6.3431 29.7180 -5.3340 -6.3797 28.1940 -2.2860 -6.2090 29.7180 -2.2860 -6.3035 28.1940 -0.7620 -6.2029 28.1940 0.7620 -6.2578 29.7180 0.7620 -6.3005 29.7180 -0.7620 -6.2791 29.7180 2.2860 -6.2852 28.1940 2.2860 -6.2365 28.1940 3.8100 -6.1938 31.2420 -3.8100 -6.4163 32.7660 -3.8100 -6.4894 32.7660 -2.2860 -6.4224 32.7660 -5.3340 -6.5687 31.2420 -2.2860 -6.3767 31.2420 -0.7620 -6.3462 32.7660 0.7620 -6.3188 32.7660 -0.7620 -6.3767 34.2900 -0.7620 -6.4132 31.2420 0.7620 -6.3066 31.2420 2.2860 -6.2822 31.2420 -5.3340 -6.4620 29.7180 3.8100 -6.2212 31.2420 5.3340 -6.1725 29.7180 5.3340 -6.1694 29.7180 6.8580 -6.0963 28.1940 8.3820 -6.0353 28.1940 6.8580 -6.0932 28.1940 9.9060 -6.0079 29.7180 8.3820 -6.0658 29.7180 9.9060 -6.0444 26.6700 9.9060 -5.9896 31.2420 6.8580 -6.1359 28.1940 5.3340 -6.1420 32.7660 5.3340 -6.2029 32.7660 3.8100 -6.2090 34.2900 3.8100 -6.2578 31.2420 9.9060 -6.0566 31.2420 8.3820 -6.0902 32.7660 8.3820 -6.1176 32.7660 6.8580 -6.1664 34.2900 5.3340 -6.2121 31.2420 3.8100 -6.2212 32.7660 2.2860 -6.2700 32.7660 9.9060 -6.0566 28.1940 -3.8100 -6.2548 20.5740 12.9540 -5.9195 20.5740 11.4300 -5.9317 22.0980 11.4300 -5.9103 22.0980 12.9540 -5.9042 22.0980 14.4780 -5.8677 20.5740 14.4780 -5.9012 22.0980 17.5260 -5.7823 20.5740 16.0020 -5.8341 22.0980 16.0020 -5.8219 20.5740 19.0500 -5.7000 23.6220 11.4300 -5.9408 23.6220 14.4780 -5.8768 23.6220 16.0020 -5.8524 25.1460 12.9540 -5.9378 25.1460 11.4300 -5.9469 26.6700 12.9540 -5.9378 25.1460 14.4780 -5.9134 23.6220 19.0500 -5.7640 23.6220 17.5260 -5.8219 25.1460 16.0020 -5.8798 23.6220 12.9540 -5.9195 22.0980 19.0500 -5.7335 22.0980 20.5740 -5.6665 20.5740 20.5740 -5.6177 28.1940 12.9540 -5.9500 28.1940 11.4300 -5.9713 29.7180 11.4300 -6.0262 26.6700 14.4780 -5.9164 28.1940 16.0020 -5.8859 26.6700 16.0020 -5.8859 26.6700 17.5260 -5.8524 28.1940 14.4780 -5.9164 26.6700 11.4300 -5.9560 29.7180 12.9540 -5.9682 32.7660 12.9540 -5.9652 32.7660 11.4300 -6.0201 31.2420 11.4300 -6.0292 35.8140 -5.3340 -6.7760 40.3860 -5.3340 -7.0716 38.8620 -5.3340 -6.9710 41.9100 -5.3340 -7.1661 40.3860 -3.8100 -6.9588 37.3380 -5.3340 -6.8704 38.8620 -3.8100 -6.8613 34.2900 -3.8100 -6.5778 35.8140 -3.8100 -6.6540 37.3380 -3.8100 -6.7516 37.3380 -2.2860 -6.6358 41.9100 -3.8100 -7.0198 43.4340 -5.3340 -7.2941 44.9580 -5.3340 -7.4069 46.4820 -5.3340 -7.4861 43.4340 -3.8100 -7.1387 44.9580 -3.8100 -7.2667 48.0060 -3.8100 -7.4404 44.9580 -2.2860 -7.1478 46.4820 -3.8100 -7.3764 48.0060 -2.2860 -7.3185 43.4340 -2.2860 -7.0015 35.8140 -2.2860 -6.5656 35.8140 -0.7620 -6.4742 38.8620 -2.2860 -6.7394 40.3860 -0.7620 -6.7302 37.3380 -0.7620 -6.5474 35.8140 0.7620 -6.4072 34.2900 0.7620 -6.3492 35.8140 2.2860 -6.3797 38.8620 0.7620 -6.5504 37.3380 0.7620 -6.4834 38.8620 -0.7620 -6.6358 41.9100 -0.7620 -6.8125 40.3860 -2.2860 -6.8369 41.9100 -2.2860 -6.8979 46.4820 -0.7620 -7.1935 48.0060 -0.7620 -7.3002 44.9580 -0.7620 -7.0228 41.9100 0.7620 -6.7516 44.9580 0.7620 -6.9070 46.4820 0.7620 -7.0625 43.4340 0.7620 -6.8064 43.4340 -0.7620 -6.8857 40.3860 0.7620 -6.6784 46.4820 -2.2860 -7.2850 34.2900 2.2860 -6.3005 51.0540 -5.3340 -7.8245 49.5300 -5.3340 -7.7147 49.5300 -3.8100 -7.5898 49.5300 -2.2860 -7.4465 35.8140 3.8100 -6.3066 38.8620 5.3340 -6.2700 37.3380 2.2860 -6.4193 37.3380 3.8100 -6.3645 35.8140 6.8580 -6.1450 34.2900 6.8580 -6.1633 37.3380 6.8580 -6.1206 37.3380 5.3340 -6.2395 35.8140 5.3340 -6.2273 35.8140 8.3820 -6.0780 34.2900 8.3820 -6.1084 38.8620 2.2860 -6.4955 40.3860 3.8100 -6.4590 41.9100 3.8100 -6.5870 40.3860 2.2860 -6.6175 40.3860 5.3340 -6.3188 38.8620 6.8580 -6.2060 38.8620 3.8100 -6.3767 34.2900 9.9060 -6.0414 41.9100 2.2860 -6.6815 43.4340 2.2860 -6.7424 34.2900 -2.2860 -6.4955 43.4340 -23.6220 -7.8915 -0.7620 -90.6780 -7.3917 -61.7220 52.5780 -1.3261 -28.1940 -67.8180 -7.5745 -26.6700 -67.8180 -7.4252 -26.6700 -69.3420 -7.1692 -20.5740 -73.9140 -6.3096 -19.0500 -75.4380 -6.0262 -17.5260 -76.9620 -6.1542 -14.4780 -78.4860 -5.4653 -12.9540 -80.0100 -4.7460 -11.4300 -81.5340 -6.2700 -9.9060 -83.0580 -7.2514 -8.3820 -84.5820 -6.9771 -6.8580 -84.5820 -7.1143 -5.3340 -86.1060 -7.0381 0.7620 -90.6780 -7.4861 0.7620 -89.1540 -7.5319 2.2860 -89.1540 -7.2819 6.8580 -84.5820 -6.5535 8.3820 -83.0580 -4.9746 9.9060 -81.5340 -5.3586 9.9060 -80.0100 -5.8311 11.4300 -80.0100 -5.4226 16.0020 -76.9620 -6.3858 17.5260 -75.4380 -6.1938 19.0500 -73.9140 -6.1755 20.5740 -72.3900 -6.3553 29.7180 -63.2460 -6.8156 31.2420 -63.2460 -7.0046 31.2420 -61.7220 -7.3307 32.7660 -61.7220 -7.1905 32.7660 -60.1980 -7.1204 34.2900 -60.1980 -6.6876 35.8140 -58.6740 -6.3614 37.3380 -57.1500 -6.4102 38.8620 -55.6260 -6.3919 40.3860 -54.1020 -6.5413 41.9100 -52.5780 -7.0564 43.4340 -51.0540 -6.7668 46.4820 -49.5300 -6.2913 48.0060 -48.0060 -6.5077 49.5300 -46.4820 -6.7302 51.0540 -44.9580 -6.9466 52.5780 -43.4340 -6.4925 61.7220 -35.8140 -6.2730 63.2460 -34.2900 -6.1145 64.7700 -31.2420 -6.4376 66.2940 -31.2420 -6.0902 66.2940 -29.7180 -6.1877 67.8180 -29.7180 -6.5413 69.3420 -28.1940 -6.7638 70.8660 -26.6700 -6.6540 72.3900 -25.1460 -6.7577 73.9140 -22.0980 -7.0960 73.9140 -23.6220 -6.7973 67.8180 -17.5260 -7.6599 66.2940 -16.0020 -7.8428 64.7700 -14.4780 -7.8824 63.2460 -12.9540 -7.8671 60.1980 -11.4300 -8.0378 58.6740 -9.9060 -8.0043 57.1500 -8.3820 -8.1079 55.6260 -6.8580 -8.1018 54.1020 -5.3340 -8.0439 52.5780 -5.3340 -7.9616 52.5780 -3.8100 -7.8397 51.0540 -3.8100 -7.6843 44.9580 2.2860 -6.8339 43.4340 3.8100 -6.6601 41.9100 5.3340 -6.4437 37.3380 8.3820 -6.0140 35.8140 9.9060 -6.0109 34.2900 11.4300 -5.9835 31.2420 12.9540 -5.9896 31.2420 14.4780 -5.9225 29.7180 14.4780 -5.9317 29.7180 16.0020 -5.9042 2.2860 32.7660 -3.9627 -0.7620 35.8140 -3.7097 -2.2860 35.8140 -3.5817 3.8100 31.2420 -4.1212 3.8100 32.7660 -4.0541 6.8580 29.7180 -4.3467 8.3820 29.7180 -4.3589 11.4300 26.6700 -4.7490 16.0020 23.6220 -5.3007 17.5260 23.6220 -5.3525 20.5740 22.0980 -5.5171 25.1460 19.0500 -5.8067 25.1460 17.5260 -5.8616 -52.5780 89.1540 -1.5730 -51.0540 87.6300 -1.5639 -11.4300 44.9580 -2.6368 -12.9540 46.4820 -2.5301 -14.4780 48.0060 -2.4600 -16.0020 49.5300 -2.3533 -17.5260 52.5780 -2.2863 -64.7700 86.1060 -1.5090 -63.2460 87.6300 -1.4999 -57.1500 87.6300 -1.5852 -57.1500 89.1540 -1.5425 -55.6260 89.1540 -1.5517 -54.1020 90.6780 -1.5212 -70.8660 72.3900 -1.3780 -69.3420 73.9140 -1.3932 -69.3420 75.4380 -1.3597 -67.8180 75.4380 -1.3414 -69.3420 76.9620 -1.3444 -67.8180 76.9620 -1.3170 -69.3420 78.4860 -1.3780 -67.8180 78.4860 -1.3840 -66.2940 78.4860 -1.3810 -67.8180 80.0100 -1.4267 -66.2940 80.0100 -1.4176 -67.8180 81.5340 -1.5334 -67.8180 83.0580 -1.5669 -66.2940 84.5820 -1.4968 -66.2940 86.1060 -1.4999 -67.8180 61.7220 -1.3414 -67.8180 63.2460 -1.3444 -69.3420 66.2940 -1.3780 -70.8660 69.3420 -1.3353 -70.8660 70.8660 -1.3658 -66.2940 58.6740 -1.3170 -63.2460 55.6260 -1.2865 -61.7220 46.4820 -1.3292 -60.1980 44.9580 -1.3871 -61.7220 44.9580 -1.3231 -61.7220 43.4340 -1.3414 -61.7220 41.9100 -1.3749 -61.7220 40.3860 -1.3688 -61.7220 48.0060 -1.3414 -67.8180 26.6700 -1.2469 -67.8180 28.1940 -1.2377 -66.2940 28.1940 -1.2195 -66.2940 31.2420 -1.2408 -64.7700 34.2900 -1.2682 -63.2460 37.3380 -1.3444 -73.9140 16.0020 -1.0975 -72.3900 19.0500 -1.1341 -70.8660 20.5740 -1.1798 -70.8660 22.0980 -1.2012 -63.2460 -12.9540 -1.3719 -64.7700 -12.9540 -1.3261 -64.7700 -11.4300 -1.3688 -66.2940 -9.9060 -1.0823 -69.3420 -5.3340 -1.0000 -67.8180 -5.3340 -1.1067 -69.3420 -3.8100 -1.0823 -70.8660 -2.2860 -1.0701 -72.3900 -0.7620 -1.0671 -51.0540 -29.7180 -1.3932 -52.5780 -28.1940 -1.2621 -44.9580 -37.3380 -1.6126 -58.6740 -20.5740 -1.3018 -60.1980 -19.0500 -1.3078 -61.7220 -17.5260 -1.3048 -43.4340 -38.8620 -1.5669 -41.9100 -40.3860 -1.6005 -40.3860 -40.3860 -1.7407 -38.8620 -41.9100 -1.7772 -37.3380 -43.4340 -1.8108 -28.1940 -52.5780 -2.7739 -26.6700 -54.1020 -2.4813</float_array>
          <technique_common><accessor source="#seabed_positions_array" count="5583" stride="3"><param name="X" type="float"/><param name="Y" type="float"/><param name="Z" type="float"/></accessor></technique_common>
        </source>
        <vertices id="seabed_vertices"><input semantic="POSITION" source="#seabed_positions"/></vertices>
        <triangles material="seabed_material" count="10664"><input semantic="VERTEX" source="#seabed_vertices" offset="0"/><p>411 412 417 411 417 416 416 417 440 416 440 418 418 440 436 418 436 437 437 436 442 437 442 441 441 442 444 441 444 1425 1425 444 1428 1425 1428 1426 1426 1428 1429 1426 1429 1427 1427 1429 1430 1427 1430 1433 1433 1430 1432 1433 1432 5557 5569 342 343 5569 343 413 413 343 414 413 414 412 412 414 419 412 419 417 417 419 421 417 421 440 440 421 438 440 438 436 436 438 445 436 445 442 442 445 446 442 446 444 444 446 443 444 443 1428 1428 443 1444 1428 1444 1429 1429 1444 1434 1429 1434 1430 1430 1434 1431 1430 1431 1432 1432 1431 1450 1432 1450 1445 1445 1450 1446 1445 1446 5558 5568 341 344 5568 344 342 342 344 346 342 346 343 343 346 415 343 415 414 414 415 420 414 420 419 419 420 462 419 462 421 421 462 460 421 460 438 438 460 439 438 439 445 445 439 453 445 453 446 446 453 1438 446 1438 443 443 1438 1435 443 1435 1444 1444 1435 1439 1444 1439 1434 1434 1439 1440 1434 1440 1431 1431 1440 1451 1431 1451 1450 1450 1451 1462 1450 1462 1446 1446 1462 1448 1446 1448 5559 5559 1448 1453 5559 1453 5560 5540 1846 1844 5540 1844 5541 5541 1844 1848 5541 1848 5522 5565 5566 326 5565 326 5567 5567 326 340 5567 340 341 341 340 345 341 345 344 344 345 434 344 434 346 346 434 433 346 433 415 415 433 424 415 424 420 420 424 435 420 435 462 462 435 461 462 461 460 460 461 448 460 448 439 439 448 454 439 454 453 453 454 463 453 463 1438 1438 463 1436 1438 1436 1435 1435 1436 1442 1435 1442 1439 1439 1442 1441 1439 1441 1440 1440 1441 1463 1440 1463 1451 1451 1463 1447 1451 1447 1462 1462 1447 1452 1462 1452 1448 1448 1452 1455 1448 1455 1453 1453 1455 1458 1453 1458 1459 1459 1458 1512 1459 1512 1460 5539 1795 1791 5539 1791 1786 1786 1791 1862 1786 1862 1846 1846 1862 1849 1846 1849 1844 1844 1849 1845 1844 1845 1848 1848 1845 1847 1848 1847 5523 5523 1847 5525 5523 5525 5524 5524 5525 5527 5524 5527 5526 5526 5527 5529 5526 5529 5528 322 323 325 322 325 5566 5566 325 351 5566 351 326 326 351 347 326 347 340 340 347 353 340 353 345 345 353 359 345 359 434 434 359 422 434 422 433 433 422 423 433 423 424 424 423 427 424 427 435 435 427 447 435 447 461 461 447 459 461 459 448 448 459 452 448 452 454 454 452 457 454 457 463 463 457 1437 463 1437 1436 1436 1437 1464 1436 1464 1442 1442 1464 1443 1442 1443 1441 1441 1443 1510 1441 1510 1463 1463 1510 1449 1463 1449 1447 1447 1449 1457 1447 1457 1452 1452 1457 1461 1452 1461 1455 1455 1461 1454 1455 1454 1458 1458 1454 1456 1458 1456 1512 1512 1456 1522 1512 1522 5551 5551 1522 5553 5551 5553 5552 5537 1780 1784 5537 1784 5538 5538 1784 1787 5538 1787 1785 1785 1787 1792 1785 1792 1795 1795 1792 1790 1795 1790 1791 1791 1790 1855 1791 1855 1862 1862 1855 1850 1862 1850 1849 1849 1850 1853 1849 1853 1845 1845 1853 1856 1845 1856 1847 1847 1856 1857 1847 1857 5525 5525 1857 1858 5525 1858 5527 5527 1858 5530 5527 5530 5529 5529 5530 5532 5529 5532 5531 5531 5532 1863 5531 1863 5533 5533 1863 1869 5533 1869 5534 5564 332 337 5564 337 324 324 337 328 324 328 323 323 328 334 323 334 325 325 334 349 325 349 351 351 349 348 351 348 347 347 348 354 347 354 353 353 354 355 353 355 359 359 355 426 359 426 422 422 426 429 422 429 423 423 429 428 423 428 427 427 428 450 427 450 447 447 450 456 447 456 459 459 456 455 459 455 452 452 455 1469 452 1469 457 457 1469 1465 457 1465 1437 1437 1465 1467 1437 1467 1464 1464 1467 1470 1464 1470 1443 1443 1470 1490 1443 1490 1510 1510 1490 1487 1510 1487 1449 1449 1487 1491 1449 1491 1457 1457 1491 1492 1457 1492 1461 1461 1492 1493 1461 1493 1454 1454 1493 1523 1454 1523 1456 1456 1523 1524 1456 1524 1522 1522 1524 1516 1522 1516 5553 5553 1516 1518 5553 1518 1517 1517 1518 1521 1517 1521 5554 5542 1777 1779 5542 1779 1774 1774 1779 1778 1774 1778 1780 1780 1778 1796 1780 1796 1784 1784 1796 1789 1784 1789 1787 1787 1789 1793 1787 1793 1792 1792 1793 1794 1792 1794 1790 1790 1794 1851 1790 1851 1855 1855 1851 1852 1855 1852 1850 1850 1852 1854 1850 1854 1853 1853 1854 1859 1853 1859 1856 1856 1859 1861 1856 1861 1857 1857 1861 1860 1857 1860 1858 1858 1860 1865 1858 1865 5530 5530 1865 1864 5530 1864 5532 5532 1864 1866 5532 1866 1863 1863 1866 1867 1863 1867 1869 1869 1867 1870 1869 1870 5535 5535 1870 5516 5535 5516 5536 5562 5561 96 5562 96 5563 5563 96 330 5563 330 332 332 330 327 332 327 337 337 327 336 337 336 328 328 336 339 328 339 334 334 339 333 334 333 349 349 333 352 349 352 348 348 352 357 348 357 354 354 357 356 354 356 355 355 356 425 355 425 426 426 425 431 426 431 429 429 431 430 429 430 428 428 430 451 428 451 450 450 451 449 450 449 456 456 449 458 456 458 455 455 458 1486 455 1486 1469 1469 1486 1466 1469 1466 1465 1465 1466 1473 1465 1473 1467 1467 1473 1472 1467 1472 1470 1470 1472 1474 1470 1474 1490 1490 1474 1488 1490 1488 1487 1487 1488 1489 1487 1489 1491 1491 1489 1495 1491 1495 1492 1492 1495 1494 1492 1494 1493 1493 1494 1514 1493 1514 1523 1523 1514 1513 1523 1513 1524 1524 1513 1515 1524 1515 1516 1516 1515 1519 1516 1519 1518 1518 1519 1520 1518 1520 1521 1521 1520 1526 1521 1526 1528 1528 1526 1527 1528 1527 5555 1777 1775 1782 1777 1782 1779 1779 1782 1781 1779 1781 1778 1778 1781 1783 1778 1783 1796 1796 1783 1788 1796 1788 1789 1789 1788 1822 1789 1822 1793 1793 1822 1824 1793 1824 1794 1794 1824 1843 1794 1843 1851 1851 1843 1920 1851 1920 1852 1852 1920 1872 1852 1872 1854 1854 1872 1875 1854 1875 1859 1859 1875 1881 1859 1881 1861 1861 1881 1876 1861 1876 1860 1860 1876 1871 1860 1871 1865 1865 1871 1907 1865 1907 1864 1864 1907 1896 1864 1896 1866 1866 1896 1868 1866 1868 1867 1867 1868 1900 1867 1900 1870 1870 1900 1901 1870 1901 5516 93 101 94 93 94 5561 5561 94 95 5561 95 96 96 95 338 96 338 330 330 338 329 330 329 327 327 329 331 327 331 336 336 331 335 336 335 339 339 335 358 339 358 333 333 358 384 333 384 352 352 384 350 352 350 357 357 350 410 357 410 356 356 410 510 356 510 425 425 510 432 425 432 431 431 432 475 431 475 430 430 475 485 430 485 451 451 485 487 451 487 449 449 487 493 449 493 458 458 493 1476 458 1476 1486 1486 1476 1468 1486 1468 1466 1466 1468 1475 1466 1475 1473 1473 1475 1471 1473 1471 1472 1472 1471 1481 1472 1481 1474 1474 1481 1499 1474 1499 1488 1488 1499 1498 1488 1498 1489 1489 1498 1501 1489 1501 1495 1495 1501 1502 1495 1502 1494 1494 1502 1504 1494 1504 1514 1514 1504 1530 1514 1530 1513 1513 1530 1529 1513 1529 1515 1515 1529 1531 1515 1531 1519 1519 1531 1533 1519 1533 1520 1520 1533 1537 1520 1537 1526 1526 1537 1535 1526 1535 1527 1527 1535 1534 1527 1534 1525 1525 1534 1536 1525 1536 5556 5543 1800 1801 5543 1801 1776 1776 1801 1804 1776 1804 1775 1775 1804 1818 1775 1818 1782 1782 1818 1816 1782 1816 1781 1781 1816 1817 1781 1817 1783 1783 1817 1820 1783 1820 1788 1788 1820 1823 1788 1823 1822 1822 1823 1821 1822 1821 1824 1824 1821 1826 1824 1826 1843 1843 1826 1874 1843 1874 1920 1920 1874 1873 1920 1873 1872 1872 1873 1880 1872 1880 1875 1875 1880 1878 1875 1878 1881 1881 1878 1877 1881 1877 1876 1876 1877 1899 1876 1899 1871 1871 1899 1894 1871 1894 1907 1907 1894 1895 1907 1895 1896 1896 1895 1905 1896 1905 1868 1868 1905 1903 1868 1903 1900 1900 1903 1902 1900 1902 1901 5575 78 79 5575 79 80 80 79 97 80 97 101 101 97 104 101 104 94 94 104 103 94 103 95 95 103 360 95 360 338 338 360 365 338 365 329 329 365 369 329 369 331 331 369 370 331 370 335 335 370 395 335 395 358 358 395 385 358 385 384 384 385 392 384 392 350 350 392 394 350 394 410 410 394 467 410 467 510 510 467 471 510 471 432 432 471 472 432 472 475 475 472 468 475 468 485 485 468 486 485 486 487 487 486 489 487 489 493 493 489 1511 493 1511 1476 1476 1511 1477 1476 1477 1468 1468 1477 1478 1468 1478 1475 1475 1478 1484 1475 1484 1471 1471 1484 1485 1471 1485 1481 1481 1485 1496 1481 1496 1499 1499 1496 1497 1499 1497 1498 1498 1497 1506 1498 1506 1501 1501 1506 1503 1501 1503 1502 1502 1503 1569 1502 1569 1504 1504 1569 1538 1504 1538 1530 1530 1538 1532 1530 1532 1529 1529 1532 1540 1529 1540 1531 1531 1540 1551 1531 1551 1533 1533 1551 1543 1533 1543 1537 1537 1543 1544 1537 1544 1535 1535 1544 1545 1535 1545 1534 1534 1545 1552 1534 1552 1536 1536 1552 1560 1536 1560 1554 1554 1560 1567 1554 1567 5549 5549 1567 1553 5549 1553 5548 5548 1553 1557 5548 1557 5547 5547 1557 5545 5547 5545 5546 5546 5545 1563 5546 1563 5544 5544 1563 1562 5544 1562 5550 5550 1562 1568 5550 1568 1555 1555 1568 1805 1555 1805 1842 1842 1805 1808 1842 1808 5420 5420 1808 1798 5420 1798 1799 1799 1798 1797 1799 1797 1800 1800 1797 1803 1800 1803 1801 1801 1803 1802 1801 1802 1804 1804 1802 1827 1804 1827 1818 1818 1827 1840 1818 1840 1816 1816 1840 1819 1816 1819 1817 1817 1819 1832 1817 1832 1820 1820 1832 1834 1820 1834 1823 1823 1834 1825 1823 1825 1821 1821 1825 1885 1821 1885 1826 1826 1885 1883 1826 1883 1874 1874 1883 1892 1874 1892 1873 1873 1892 1887 1873 1887 1880 1880 1887 1879 1880 1879 1878 1878 1879 1893 1878 1893 1877 1877 1893 1908 1877 1908 1899 1899 1908 1898 1899 1898 1894 1894 1898 1897 1894 1897 1895 1895 1897 1913 1895 1913 1905 1905 1913 1906 1905 1906 1903 1903 1906 1904 1903 1904 1902 5574 81 92 5574 92 78 78 92 87 78 87 79 79 87 98 79 98 97 97 98 108 97 108 104 104 108 105 104 105 103 103 105 361 103 361 360 360 361 363 360 363 365 365 363 366 365 366 369 369 366 390 369 390 370 370 390 386 370 386 395 395 386 391 395 391 385 385 391 393 385 393 392 392 393 464 392 464 394 394 464 465 394 465 467 467 465 470 467 470 471 471 470 469 471 469 472 472 469 488 472 488 468 468 488 492 468 492 486 486 492 490 486 490 489 489 490 1480 489 1480 1511 1511 1480 1509 1511 1509 1477 1477 1509 1479 1477 1479 1478 1478 1479 1482 1478 1482 1484 1484 1482 1483 1484 1483 1485 1485 1483 1508 1485 1508 1496 1496 1508 1500 1496 1500 1497 1497 1500 1570 1497 1570 1506 1506 1570 1505 1506 1505 1503 1503 1505 1507 1503 1507 1569 1569 1507 1539 1569 1539 1538 1538 1539 1609 1538 1609 1532 1532 1609 1542 1532 1542 1540 1540 1542 1541 1540 1541 1551 1551 1541 1550 1551 1550 1543 1543 1550 1547 1543 1547 1544 1544 1547 1548 1544 1548 1545 1545 1548 1546 1545 1546 1552 1552 1546 1559 1552 1559 1560 1560 1559 1556 1560 1556 1567 1567 1556 1558 1567 1558 1553 1553 1558 1561 1553 1561 1557 1557 1561 1564 1557 1564 5545 5545 1564 1566 5545 1566 1563 1563 1566 1565 1563 1565 1562 1562 1565 1770 1562 1770 1568 1568 1770 1807 1568 1807 1805 1805 1807 1806 1805 1806 1808 1808 1806 1810 1808 1810 1798 1798 1810 1812 1798 1812 1797 1797 1812 1811 1797 1811 1803 1803 1811 1815 1803 1815 1802 1802 1815 1831 1802 1831 1827 1827 1831 1828 1827 1828 1840 1840 1828 1830 1840 1830 1819 1819 1830 1833 1819 1833 1832 1832 1833 1835 1832 1835 1834 1834 1835 1837 1834 1837 1825 1825 1837 1921 1825 1921 1885 1885 1921 1882 1885 1882 1883 1883 1882 1886 1883 1886 1892 1892 1886 1890 1892 1890 1887 1887 1890 1888 1887 1888 1879 1879 1888 1889 1879 1889 1893 1893 1889 1909 1893 1909 1908 1908 1909 1910 1908 1910 1898 1898 1910 1912 1898 1912 1897 1897 1912 1917 1897 1917 1913 1913 1917 1914 1913 1914 1906 1906 1914 1915 1906 1915 1904 5573 21 82 5573 82 81 81 82 90 81 90 92 92 90 88 92 88 87 87 88 99 87 99 98 98 99 100 98 100 108 108 100 110 108 110 105 105 110 362 105 362 361 361 362 364 361 364 363 363 364 367 363 367 366 366 367 388 366 388 390 390 388 387 390 387 386 386 387 389 386 389 391 391 389 403 391 403 393 393 403 408 393 408 464 464 408 466 464 466 465 465 466 473 465 473 470 470 473 474 470 474 469 469 474 507 469 507 488 488 507 494 488 494 492 492 494 491 492 491 490 490 491 502 490 502 1480 1480 502 1572 1480 1572 1509 1509 1572 1571 1509 1571 1479 1479 1571 1577 1479 1577 1482 1482 1577 1574 1482 1574 1483 1483 1574 1578 1483 1578 1508 1508 1578 1583 1508 1583 1500 1500 1583 1597 1500 1597 1570 1570 1597 1598 1570 1598 1505 1505 1598 1600 1505 1600 1507 1507 1600 1602 1507 1602 1539 1539 1602 1601 1539 1601 1609 1609 1601 1603 1609 1603 1542 1542 1603 1604 1542 1604 1541 1541 1604 1680 1541 1680 1550 1550 1680 1549 1550 1549 1547 1547 1549 1674 1547 1674 1548 1548 1674 1675 1548 1675 1546 1546 1675 1673 1546 1673 1559 1559 1673 1696 1559 1696 1556 1556 1696 1706 1556 1706 1558 1558 1706 1695 1558 1695 1561 1561 1695 1705 1561 1705 1564 1564 1705 1701 1564 1701 1566 1566 1701 1700 1566 1700 1565 1565 1700 1929 1565 1929 1770 1770 1929 1933 1770 1933 1807 1807 1933 1809 1807 1809 1806 1806 1809 1814 1806 1814 1810 1810 1814 1922 1810 1922 1812 1812 1922 1923 1812 1923 1811 1811 1923 2105 1811 2105 1815 1815 2105 1813 1815 1813 1831 1831 1813 1829 1831 1829 1828 1828 1829 1949 1828 1949 1830 1830 1949 1838 1830 1838 1833 1833 1838 1839 1833 1839 1835 1835 1839 1841 1835 1841 1837 1837 1841 1836 1837 1836 1921 1921 1836 1919 1921 1919 1882 1882 1919 2058 1882 2058 1886 1886 2058 1884 1886 1884 1890 1890 1884 2019 1890 2019 1888 1888 2019 2022 1888 2022 1889 1889 2022 1891 1889 1891 1909 1909 1891 1911 1909 1911 1910 1910 1911 1918 1910 1918 1912 1912 1918 2039 1912 2039 1917 1917 2039 2045 1917 2045 1914 1914 2045 1916 1914 1916 1915 20 18 19 20 19 21 21 19 85 21 85 82 82 85 86 82 86 90 90 86 89 90 89 88 88 89 102 88 102 99 99 102 106 99 106 100 100 106 107 100 107 110 110 107 383 110 383 362 362 383 368 362 368 364 364 368 377 364 377 367 367 377 378 367 378 388 388 378 397 388 397 387 387 397 407 387 407 389 389 407 401 389 401 403 403 401 402 403 402 408 408 402 476 408 476 466 466 476 480 466 480 473 473 480 479 473 479 474 474 479 495 474 495 507 507 495 497 507 497 494 494 497 501 494 501 491 491 501 1576 491 1576 502 502 1576 1573 502 1573 1572 1572 1573 1575 1572 1575 1571 1571 1575 1581 1571 1581 1577 1577 1581 1579 1577 1579 1574 1574 1579 1580 1574 1580 1578 1578 1580 1582 1578 1582 1583 1583 1582 1599 1583 1599 1597 1597 1599 1608 1597 1608 1598 1598 1608 1607 1598 1607 1600 1600 1607 1605 1600 1605 1602 1602 1605 1606 1602 1606 1601 1601 1606 1621 1601 1621 1603 1603 1621 1672 1603 1672 1604 1604 1672 1679 1604 1679 1680 1680 1679 1671 1680 1671 1549 1549 1671 1678 1549 1678 1674 1674 1678 1676 1674 1676 1675 1675 1676 1677 1675 1677 1673 1673 1677 1699 1673 1699 1696 1696 1699 1697 1696 1697 1706 1706 1697 1698 1706 1698 1695 1695 1698 1703 1695 1703 1705 1705 1703 1704 1705 1704 1701 1701 1704 1702 1701 1702 1700 1700 1702 1945 1700 1945 1929 1929 1945 1924 1929 1924 1933 1933 1924 1925 1933 1925 1809 1809 1925 1927 1809 1927 1814 1814 1927 1930 1814 1930 1922 1922 1930 1931 1922 1931 1923 1923 1931 1932 1923 1932 2105 2105 1932 1946 2105 1946 1813 1813 1946 1947 1813 1947 1829 1829 1947 1952 1829 1952 1949 1949 1952 1953 1949 1953 1838 1838 1953 1955 1838 1955 1839 1839 1955 1950 1839 1950 1841 1841 1950 1951 1841 1951 1836 1836 1951 2018 1836 2018 1919 1919 2018 2020 1919 2020 2058 2058 2020 2021 2058 2021 1884 1884 2021 2025 1884 2025 2019 2019 2025 2023 2019 2023 2022 2022 2023 2024 2022 2024 1891 1891 2024 2026 1891 2026 1911 1911 2026 2042 1911 2042 1918 1918 2042 2040 1918 2040 2039 2039 2040 2044 2039 2044 2045 2045 2044 2041 2045 2041 1916 1916 2041 2043 1916 2043 5518 5518 2043 5520 5518 5520 5519 16 17 33 16 33 18 18 33 28 18 28 19 19 28 83 19 83 85 85 83 84 85 84 86 86 84 116 86 116 89 89 116 91 89 91 102 102 91 109 102 109 106 106 109 161 106 161 107 107 161 371 107 371 383 383 371 372 383 372 368 368 372 379 368 379 377 377 379 381 377 381 378 378 381 396 378 396 397 397 396 405 397 405 407 407 405 404 407 404 401 401 404 511 401 511 402 402 511 477 402 477 476 476 477 481 476 481 480 480 481 482 480 482 479 479 482 496 479 496 495 495 496 506 495 506 497 497 506 503 497 503 501 501 503 508 501 508 1576 1576 508 1595 1576 1595 1573 1573 1595 1584 1573 1584 1575 1575 1584 1588 1575 1588 1581 1581 1588 1590 1581 1590 1579 1579 1590 1589 1579 1589 1580 1580 1589 1596 1580 1596 1582 1582 1596 1611 1582 1611 1599 1599 1611 1610 1599 1610 1608 1608 1610 1615 1608 1615 1607 1607 1615 1617 1607 1617 1605 1605 1617 1616 1605 1616 1606 1606 1616 1618 1606 1618 1621 1621 1618 1682 1621 1682 1672 1672 1682 1681 1672 1681 1679 1679 1681 1688 1679 1688 1671 1671 1688 1768 1671 1768 1678 1678 1768 1689 1678 1689 1676 1676 1689 1690 1676 1690 1677 1677 1690 1707 1677 1707 1699 1699 1707 1708 1699 1708 1697 1697 1708 1719 1697 1719 1698 1698 1719 1717 1698 1717 1703 1703 1717 1714 1703 1714 1704 1704 1714 1713 1704 1713 1702 1702 1713 1720 1702 1720 1945 1945 1720 1926 1945 1926 1924 1924 1926 1934 1924 1934 1925 1925 1934 1928 1925 1928 1927 1927 1928 1938 1927 1938 1930 1930 1938 1939 1930 1939 1931 1931 1939 1944 1931 1944 1932 1932 1944 1956 1932 1956 1946 1946 1956 1967 1946 1967 1947 1947 1967 1948 1947 1948 1952 1952 1948 1954 1952 1954 1953 1953 1954 1961 1953 1961 1955 1955 1961 1962 1955 1962 1950 1950 1962 2031 1950 2031 1951 1951 2031 2028 1951 2028 2018 2018 2028 2027 2018 2027 2020 2020 2027 2032 2020 2032 2021 2021 2032 2037 2021 2037 2025 2025 2037 2034 2025 2034 2023 2023 2034 2035 2023 2035 2024 2024 2035 2033 2024 2033 2026 2026 2033 2051 2026 2051 2042 2042 2051 2047 2042 2047 2040 2040 2047 2046 2040 2046 2044 2044 2046 2056 2044 2056 2041 2041 2056 2055 2041 2055 2043 2043 2055 2052 2043 2052 5520 2 4 22 2 22 17 17 22 27 17 27 33 33 27 30 33 30 28 28 30 122 28 122 83 83 122 115 83 115 84 84 115 117 84 117 116 116 117 135 116 135 91 91 135 141 91 141 109 109 141 140 109 140 161 161 140 374 161 374 371 371 374 375 371 375 372 372 375 376 372 376 379 379 376 380 379 380 381 381 380 399 381 399 396 396 399 400 396 400 405 405 400 406 405 406 404 404 406 409 404 409 511 511 409 478 511 478 477 477 478 484 477 484 481 481 484 483 481 483 482 482 483 498 482 498 496 496 498 500 496 500 506 506 500 504 506 504 503 503 504 505 503 505 508 508 505 1586 508 1586 1595 1595 1586 1585 1595 1585 1584 1584 1585 1593 1584 1593 1588 1588 1593 1591 1588 1591 1590 1590 1591 1592 1590 1592 1589 1589 1592 1594 1589 1594 1596 1596 1594 1613 1596 1613 1611 1611 1613 1612 1611 1612 1610 1610 1612 1614 1610 1614 1615 1615 1614 1619 1615 1619 1617 1617 1619 1620 1617 1620 1616 1616 1620 1686 1616 1686 1618 1618 1686 1687 1618 1687 1682 1682 1687 1683 1682 1683 1681 1681 1683 1685 1681 1685 1688 1688 1685 1769 1688 1769 1768 1768 1769 1693 1768 1693 1689 1689 1693 1691 1689 1691 1690 1690 1691 1694 1690 1694 1707 1707 1694 1709 1707 1709 1708 1708 1709 1711 1708 1711 1719 1719 1711 1712 1719 1712 1717 1717 1712 1716 1717 1716 1714 1714 1716 1715 1714 1715 1713 1713 1715 2016 1713 2016 1720 1720 2016 1936 1720 1936 1926 1926 1936 1935 1926 1935 1934 1934 1935 1937 1934 1937 1928 1928 1937 1940 1928 1940 1938 1938 1940 1941 1938 1941 1939 1939 1941 1943 1939 1943 1944 1944 1943 1958 1944 1958 1956 1956 1958 1957 1956 1957 1967 1967 1957 1960 1967 1960 1948 1948 1960 1966 1948 1966 1954 1954 1966 1963 1954 1963 1961 1961 1963 1965 1961 1965 1962 1962 1965 2064 1962 2064 2031 2031 2064 2030 2031 2030 2028 2028 2030 2029 2028 2029 2027 2027 2029 2057 2027 2057 2032 2032 2057 2036 2032 2036 2037 2037 2036 2102 2037 2102 2034 2034 2102 2089 2034 2089 2035 2035 2089 2038 2035 2038 2033 2033 2038 2048 2033 2048 2051 2051 2048 2050 2051 2050 2047 2047 2050 2049 2047 2049 2046 2046 2049 2054 2046 2054 2056 2056 2054 2053 2056 2053 2055 2055 2053 5509 2055 5509 2052 5571 5 3 5571 3 1 1 3 6 1 6 4 4 6 23 4 23 22 22 23 31 22 31 27 27 31 34 27 34 30 30 34 111 30 111 122 122 111 118 122 118 115 115 118 121 115 121 117 117 121 138 117 138 135 135 138 143 135 143 141 141 143 144 141 144 140 140 144 513 140 513 374 374 513 373 374 373 375 375 373 382 375 382 376 376 382 522 376 522 380 380 522 398 380 398 399 399 398 539 399 539 400 400 539 706 400 706 406 406 706 540 406 540 409 409 540 654 409 654 478 478 654 613 478 613 484 484 613 509 484 509 483 483 509 499 483 499 498 498 499 640 498 640 500 500 640 634 500 634 504 504 634 1669 504 1669 505 505 1669 1587 505 1587 1586 1586 1587 1629 1586 1629 1585 1585 1629 1622 1585 1622 1593 1593 1622 1625 1593 1625 1591 1591 1625 1668 1591 1668 1592 1592 1668 1645 1592 1645 1594 1594 1645 1644 1594 1644 1613 1613 1644 1646 1613 1646 1612 1612 1646 1651 1612 1651 1614 1614 1651 1650 1614 1650 1619 1619 1650 1649 1619 1649 1620 1620 1649 1726 1620 1726 1686 1686 1726 1684 1686 1684 1687 1687 1684 1721 1687 1721 1683 1683 1721 1722 1683 1722 1685 1685 1722 1727 1685 1727 1769 1769 1727 1728 1769 1728 1693 1693 1728 1692 1693 1692 1691 1691 1692 1733 1691 1733 1694 1694 1733 1755 1694 1755 1709 1709 1755 1710 1709 1710 1711 1711 1710 1718 1711 1718 1712 1712 1718 1750 1712 1750 1716 1716 1750 1749 1716 1749 1715 1715 1749 2106 1715 2106 2016 2016 2106 2014 2016 2014 1936 1936 2014 2015 1936 2015 1935 1935 2015 1972 1935 1972 1937 1937 1972 1978 1937 1978 1940 1940 1978 1942 1940 1942 1941 1941 1942 1968 1941 1968 1943 1943 1968 2002 1943 2002 1958 1958 2002 1959 1958 1959 1957 1957 1959 1991 1957 1991 1960 1960 1991 1964 1960 1964 1966 1966 1964 1996 1966 1996 1963 1963 1996 1997 1963 1997 1965 1965 1997 2017 1965 2017 2064 2064 2017 2059 2064 2059 2030 2030 2059 2060 2030 2060 2029 2029 2060 2065 2029 2065 2057 2057 2065 2066 2057 2066 2036 2036 2066 2083 2036 2083 2102 2102 2083 2084 2102 2084 2089 2089 2084 2082 2089 2082 2038 2038 2082 2081 2038 2081 2048 2048 2081 2085 2048 2085 2050 2050 2085 2088 2050 2088 2049 2049 2088 2086 2049 2086 2054 2054 2086 5510 2054 5510 2053 5570 0 10 5570 10 5 5 10 9 5 9 3 3 9 15 3 15 6 6 15 25 6 25 23 23 25 26 23 26 31 31 26 29 31 29 34 34 29 114 34 114 111 111 114 120 111 120 118 118 120 119 118 119 121 121 119 136 121 136 138 138 136 139 138 139 143 143 139 142 143 142 144 144 142 512 144 512 513 513 512 514 513 514 373 373 514 517 373 517 382 382 517 534 382 534 522 522 534 546 522 546 398 398 546 543 398 543 539 539 543 538 539 538 706 706 538 610 706 610 540 540 610 616 540 616 654 654 616 611 654 611 613 613 611 612 613 612 509 509 612 630 509 630 499 499 630 635 499 635 640 640 635 636 640 636 634 634 636 1772 634 1772 1669 1669 1772 1623 1669 1623 1587 1587 1623 1624 1587 1624 1629 1629 1624 1631 1629 1631 1622 1622 1631 1627 1622 1627 1625 1625 1627 1626 1625 1626 1668 1668 1626 1628 1668 1628 1645 1645 1628 1648 1645 1648 1644 1644 1648 1647 1644 1647 1646 1646 1647 1653 1646 1653 1651 1651 1653 1652 1651 1652 1650 1650 1652 1654 1650 1654 1649 1649 1654 1667 1649 1667 1726 1726 1667 1725 1726 1725 1684 1684 1725 1724 1684 1724 1721 1721 1724 1723 1721 1723 1722 1722 1723 1731 1722 1731 1727 1727 1731 1729 1727 1729 1728 1728 1729 1732 1728 1732 1692 1692 1732 1745 1692 1745 1733 1733 1745 1746 1733 1746 1755 1755 1746 1748 1755 1748 1710 1710 1748 1753 1710 1753 1718 1718 1753 1751 1718 1751 1750 1750 1751 1752 1750 1752 1749 1749 1752 1970 1749 1970 2106 2106 1970 1969 2106 1969 2014 2014 1969 1971 2014 1971 2015 2015 1971 1973 2015 1973 1972 1972 1973 1974 1972 1974 1978 1978 1974 1976 1978 1976 1942 1942 1976 1995 1942 1995 1968 1968 1995 1990 1968 1990 2002 2002 1990 1994 2002 1994 1959 1959 1994 1992 1959 1992 1991 1991 1992 1998 1991 1998 1964 1964 1998 2000 1964 2000 1996 1996 2000 2001 1996 2001 1997 1997 2001 1999 1997 1999 2017 2017 1999 2062 2017 2062 2059 2059 2062 2061 2059 2061 2060 2060 2061 2063 2060 2063 2065 2065 2063 2075 2065 2075 2066 2066 2075 2067 2066 2067 2083 2083 2067 2093 2083 2093 2084 2084 2093 2100 2084 2100 2082 2082 2100 2091 2082 2091 2081 2081 2091 2094 2081 2094 2085 2085 2094 2095 2085 2095 2088 2088 2095 2087 2088 2087 2086 7 8 14 7 14 0 0 14 11 0 11 10 10 11 12 10 12 9 9 12 13 9 13 15 15 13 32 15 32 25 25 32 24 25 24 26 26 24 134 26 134 29 29 134 112 29 112 114 114 112 113 114 113 120 120 113 145 120 145 119 119 145 137 119 137 136 136 137 146 136 146 139 139 146 152 139 152 142 142 152 533 142 533 512 512 533 516 512 516 514 514 516 518 514 518 517 517 518 520 517 520 534 534 520 536 534 536 546 546 536 541 546 541 543 543 541 542 543 542 538 538 542 608 538 608 610 610 608 615 610 615 616 616 615 614 616 614 611 611 614 626 611 626 612 612 626 633 612 633 630 630 633 638 630 638 635 635 638 637 635 637 636 636 637 1773 636 1773 1772 1772 1773 1630 1772 1630 1623 1623 1630 1633 1623 1633 1624 1624 1633 1632 1624 1632 1631 1631 1632 1638 1631 1638 1627 1627 1638 1639 1627 1639 1626 1626 1639 1643 1626 1643 1628 1628 1643 1655 1628 1655 1648 1648 1655 1656 1648 1656 1647 1647 1656 1660 1647 1660 1653 1653 1660 1662 1653 1662 1652 1652 1662 1661 1652 1661 1654 1654 1661 1670 1654 1670 1667 1667 1670 1735 1667 1735 1725 1725 1735 1734 1725 1734 1724 1724 1734 1739 1724 1739 1723 1723 1739 1740 1723 1740 1731 1731 1740 1730 1731 1730 1729 1729 1730 1743 1729 1743 1732 1732 1743 1767 1732 1767 1745 1745 1767 1747 1745 1747 1746 1746 1747 1754 1746 1754 1748 1748 1754 1764 1748 1764 1753 1753 1764 1760 1753 1760 1751 1751 1760 1761 1751 1761 1752 1752 1761 1989 1752 1989 1970 1970 1989 1979 1970 1979 1969 1969 1979 1988 1969 1988 1971 1971 1988 1977 1971 1977 1973 1973 1977 1975 1973 1975 1974 1974 1975 1985 1974 1985 1976 1976 1985 1984 1976 1984 1995 1995 1984 2013 1995 2013 1990 1990 2013 2012 1990 2012 1994 1994 2012 1993 1994 1993 1992 1992 1993 2003 1992 2003 1998 1998 2003 2008 1998 2008 2000 2000 2008 2007 2000 2007 2001 2001 2007 2103 2001 2103 1999 1999 2103 2069 1999 2069 2062 2062 2069 2068 2062 2068 2061 2061 2068 2079 2061 2079 2063 2063 2079 2073 2063 2073 2075 2075 2073 2074 2075 2074 2067 2067 2074 2101 2067 2101 2093 2093 2101 2090 2093 2090 2100 2100 2090 2098 2100 2098 2091 2091 2098 2096 2091 2096 2094 2094 2096 2097 2094 2097 2095 36 37 39 36 39 8 8 39 59 8 59 14 14 59 54 14 54 11 11 54 56 11 56 12 12 56 61 12 61 13 13 61 60 13 60 32 32 60 62 32 62 24 24 62 160 24 160 134 134 160 133 134 133 112 112 133 128 112 128 113 113 128 129 113 129 145 145 129 150 145 150 137 137 150 157 137 157 146 146 157 153 146 153 152 152 153 515 152 515 533 533 515 521 533 521 516 516 521 519 516 519 518 518 519 535 518 535 520 520 535 545 520 545 536 536 545 537 536 537 541 541 537 544 541 544 542 542 544 609 542 609 608 608 609 607 608 607 615 615 607 617 615 617 614 614 617 632 614 632 626 626 632 631 626 631 633 633 631 641 633 641 638 638 641 639 638 639 637 637 639 1636 637 1636 1773 1773 1636 1635 1773 1635 1630 1630 1635 1634 1630 1634 1633 1633 1634 1637 1633 1637 1632 1632 1637 1641 1632 1641 1638 1638 1641 1640 1638 1640 1639 1639 1640 1642 1639 1642 1643 1643 1642 1658 1643 1658 1655 1655 1658 1657 1655 1657 1656 1656 1657 1666 1656 1666 1660 1660 1666 1663 1660 1663 1662 1662 1663 1665 1662 1665 1661 1661 1665 1664 1661 1664 1670 1670 1664 1737 1670 1737 1735 1735 1737 1736 1735 1736 1734 1734 1736 1738 1734 1738 1739 1739 1738 1742 1739 1742 1740 1740 1742 1741 1740 1741 1730 1730 1741 1744 1730 1744 1743 1743 1744 1758 1743 1758 1767 1767 1758 1757 1767 1757 1747 1747 1757 1756 1747 1756 1754 1754 1756 1759 1754 1759 1764 1764 1759 1762 1764 1762 1760 1760 1762 1763 1760 1763 1761 1761 1763 1765 1761 1765 1989 1989 1765 1980 1989 1980 1979 1979 1980 1981 1979 1981 1988 1988 1981 1983 1988 1983 1977 1977 1983 1982 1977 1982 1975 1975 1982 1986 1975 1986 1985 1985 1986 1987 1985 1987 1984 1984 1987 2006 1984 2006 2013 2013 2006 2004 2013 2004 2012 2012 2004 2005 2012 2005 1993 1993 2005 2009 1993 2009 2003 2003 2009 2010 2003 2010 2008 2008 2010 2011 2008 2011 2007 2007 2011 2072 2007 2072 2103 2103 2072 2071 2103 2071 2069 2069 2071 2070 2069 2070 2068 2068 2070 2077 2068 2077 2079 2079 2077 2076 2079 2076 2073 2073 2076 2080 2073 2080 2074 2074 2080 2631 2074 2631 2101 2101 2631 2092 2101 2092 2090 2090 2092 2099 2090 2099 2098 38 42 40 38 40 37 37 40 41 37 41 39 39 41 55 39 55 59 59 55 57 59 57 54 54 57 64 54 64 56 56 64 58 56 58 61 61 58 63 61 63 60 60 63 70 60 70 62 62 70 75 62 75 160 160 75 123 160 123 133 133 123 132 133 132 128 128 132 130 128 130 129 129 130 148 129 148 150 150 148 154 150 154 157 157 154 155 157 155 153 153 155 532 153 532 515 515 532 527 515 527 521 521 527 526 521 526 519 519 526 558 519 558 535 535 558 548 535 548 545 545 548 552 545 552 537 537 552 553 537 553 544 544 553 628 544 628 609 609 628 618 609 618 607 607 618 623 607 623 617 617 623 624 617 624 632 632 624 652 632 652 631 631 652 646 631 646 641 641 646 647 641 647 639 639 647 648 639 648 1636 1636 648 2116 1636 2116 1635 1635 2116 1771 1635 1771 1634 1634 1771 2300 1634 2300 1637 1637 2300 2112 1637 2112 1641 1641 2112 2128 1641 2128 1640 1640 2128 2151 1640 2151 1642 1642 2151 1659 1642 1659 1658 1658 1659 2137 1658 2137 1657 1657 2137 2212 1657 2212 1666 1666 2212 2204 1666 2204 1663 1663 2204 2208 1663 2208 1665 1665 2208 2210 1665 2210 1664 1664 2210 2226 1664 2226 1737 1737 2226 2228 1737 2228 1736 1736 2228 2233 1736 2233 1738 1738 2233 2234 1738 2234 1742 1742 2234 2501 1742 2501 1741 1741 2501 2511 1741 2511 1744 1744 2511 2503 1744 2503 1758 1758 2503 2550 1758 2550 1757 1757 2550 2507 1757 2507 1756 1756 2507 2510 1756 2510 1759 1759 2510 2536 1759 2536 1762 1762 2536 1766 1762 1766 1763 1763 1766 2530 1763 2530 1765 1765 2530 2532 1765 2532 1980 1980 2532 2531 1980 2531 1981 1981 2531 2535 1981 2535 1983 1983 2535 2601 1983 2601 1982 1982 2601 2600 1982 2600 1986 1986 2600 2605 1986 2605 1987 1987 2605 2608 1987 2608 2006 2006 2608 2606 2006 2606 2004 2004 2606 2607 2004 2607 2005 2005 2607 2614 2005 2614 2009 2009 2614 2104 2009 2104 2010 2010 2104 2628 2010 2628 2011 2011 2628 2625 2011 2625 2072 2072 2625 2624 2072 2624 2071 2071 2624 2626 2071 2626 2070 2070 2626 2078 2070 2078 2077 2077 2078 2630 2077 2630 2076 2076 2630 2629 2076 2629 2080 2080 2629 2632 2080 2632 2631 5572 52 44 5572 44 35 35 44 43 35 43 42 42 43 48 42 48 40 40 48 50 40 50 41 41 50 69 41 69 55 55 69 65 55 65 57 57 65 66 57 66 64 64 66 67 64 67 58 58 67 72 58 72 63 63 72 71 63 71 70 70 71 77 70 77 75 75 77 124 75 124 123 123 124 127 123 127 132 132 127 131 132 131 130 130 131 147 130 147 148 148 147 151 148 151 154 154 151 156 154 156 155 155 156 523 155 523 532 532 523 531 532 531 527 527 531 528 527 528 526 526 528 550 526 550 558 558 550 547 558 547 548 548 547 556 548 556 552 552 556 555 552 555 553 553 555 619 553 619 628 628 619 621 628 621 618 618 621 625 618 625 623 623 625 629 623 629 624 624 629 643 624 643 652 652 643 644 652 644 646 646 644 651 646 651 647 647 651 2119 647 2119 648 648 2119 2107 648 2107 2116 2116 2107 2110 2116 2110 1771 1771 2110 2111 1771 2111 2300 2300 2111 2132 2300 2132 2112 2112 2132 2131 2112 2131 2128 2128 2131 2135 2128 2135 2151 2151 2135 2133 2151 2133 1659 1659 2133 2207 1659 2207 2137 2137 2207 2202 2137 2202 2212 2212 2202 2203 2212 2203 2204 2204 2203 2209 2204 2209 2208 2208 2209 2211 2208 2211 2210 2210 2211 2227 2210 2227 2226 2226 2227 2230 2226 2230 2228 2228 2230 2232 2228 2232 2233 2233 2232 2237 2233 2237 2234 2234 2237 2504 2234 2504 2501 2501 2504 2502 2501 2502 2511 2511 2502 2506 2511 2506 2503 2503 2506 2509 2503 2509 2550 2550 2509 2508 2550 2508 2507 2507 2508 2522 2507 2522 2510 2510 2522 2526 2510 2526 2536 2536 2526 2525 2536 2525 1766 1766 2525 2528 1766 2528 2530 2530 2528 2529 2530 2529 2532 2532 2529 2533 2532 2533 2531 2531 2533 2534 2531 2534 2535 2535 2534 2602 2535 2602 2601 2601 2602 2603 2601 2603 2600 2600 2603 2613 2600 2613 2605 2605 2613 2612 2605 2612 2608 2608 2612 2609 2608 2609 2606 2606 2609 2610 2606 2610 2607 2607 2610 2611 2607 2611 2614 2614 2611 2640 2614 2640 2104 2104 2640 2647 2104 2647 2628 2628 2647 2627 2628 2627 2625 2625 2627 2636 2625 2636 2624 2624 2636 2641 2624 2641 2626 2626 2641 2633 2626 2633 2078 2078 2633 2634 2078 2634 2630 2630 2634 2642 2630 2642 2629 5576 47 45 5576 45 52 52 45 46 52 46 44 44 46 51 44 51 43 43 51 49 43 49 48 48 49 53 48 53 50 50 53 224 50 224 69 69 224 269 69 269 65 65 269 68 65 68 66 66 68 74 66 74 67 67 74 232 67 232 72 72 232 76 72 76 71 71 76 73 71 73 77 77 73 125 77 125 124 124 125 126 124 126 127 127 126 159 127 159 131 131 159 149 131 149 147 147 149 158 147 158 151 151 158 707 151 707 156 156 707 524 156 524 523 523 524 529 523 529 531 531 529 530 531 530 528 528 530 551 528 551 550 550 551 549 550 549 547 547 549 557 547 557 556 556 557 554 556 554 555 555 554 622 555 622 619 619 622 653 619 653 621 621 653 620 621 620 625 625 620 627 625 627 629 629 627 645 629 645 643 643 645 642 643 642 644 644 642 650 644 650 651 651 650 649 651 649 2119 2119 649 2109 2119 2109 2107 2107 2109 2108 2107 2108 2110 2110 2108 2114 2110 2114 2111 2111 2114 2129 2111 2129 2132 2132 2129 2130 2132 2130 2131 2131 2130 2136 2131 2136 2135 2135 2136 2134 2135 2134 2133 2133 2134 2150 2133 2150 2207 2207 2150 2205 2207 2205 2202 2202 2205 2206 2202 2206 2203 2203 2206 2220 2203 2220 2209 2209 2220 2224 2209 2224 2211 2211 2224 2229 2211 2229 2227 2227 2229 2231 2227 2231 2230 2230 2231 2235 2230 2235 2232 2232 2235 2236 2232 2236 2237 2237 2236 2523 2237 2523 2504 2504 2523 2505 2504 2505 2502 2502 2505 2512 2502 2512 2506 2506 2512 2514 2506 2514 2509 2509 2514 2518 2509 2518 2508 2508 2518 2524 2508 2524 2522 2522 2524 2527 2522 2527 2526 2526 2527 2537 2526 2537 2525 2525 2537 2546 2525 2546 2528 2528 2546 2541 2528 2541 2529 2529 2541 2542 2529 2542 2533 2533 2542 2544 2533 2544 2534 2534 2544 2604 2534 2604 2602 2602 2604 2616 2602 2616 2603 2603 2616 2615 2603 2615 2613 2613 2615 2618 2613 2618 2612 2612 2618 2621 2612 2621 2609 2609 2621 2620 2609 2620 2610 2610 2620 2619 2610 2619 2611 2611 2619 2622 2611 2622 2640 2640 2622 2635 2640 2635 2647 2647 2635 2637 2647 2637 2627 2627 2637 2646 2627 2646 2636 2636 2646 2643 2636 2643 2641 2641 2643 2645 2641 2645 2633 5577 5578 169 5577 169 47 47 169 170 47 170 45 45 170 175 45 175 46 46 175 176 46 176 51 51 176 174 51 174 49 49 174 227 49 227 53 53 227 225 53 225 224 224 225 223 224 223 269 269 223 230 269 230 68 68 230 229 68 229 74 74 229 228 74 228 232 232 228 231 232 231 76 76 231 251 76 251 73 73 251 248 73 248 125 125 248 247 125 247 126 126 247 252 126 252 159 159 252 253 159 253 149 149 253 254 149 254 158 158 254 321 158 321 707 707 321 525 707 525 524 524 525 568 524 568 529 529 568 563 529 563 530 530 563 565 530 565 551 551 565 584 551 584 549 549 584 594 549 594 557 557 594 589 557 589 554 554 589 658 554 658 622 622 658 664 622 664 653 653 664 703 653 703 620 620 703 660 620 660 627 627 660 679 627 679 645 645 679 689 645 689 642 642 689 685 642 685 650 650 685 701 650 701 649 649 701 2126 649 2126 2109 2109 2126 2115 2109 2115 2108 2108 2115 2113 2108 2113 2114 2114 2113 2125 2114 2125 2129 2129 2125 2141 2129 2141 2130 2130 2141 2143 2130 2143 2136 2136 2143 2144 2136 2144 2134 2134 2144 2142 2134 2142 2150 2150 2142 2225 2150 2225 2205 2205 2225 2218 2205 2218 2206 2206 2218 2217 2206 2217 2220 2220 2217 2219 2220 2219 2224 2224 2219 2238 2224 2238 2229 2229 2238 2240 2229 2240 2231 2231 2240 2244 2231 2244 2235 2235 2244 2517 2235 2517 2236 2236 2517 2515 2236 2515 2523 2523 2515 2516 2523 2516 2505 2505 2516 2513 2505 2513 2512 2512 2513 2521 2512 2521 2514 2514 2521 2520 2514 2520 2518 2518 2520 2519 2518 2519 2524 2524 2519 2549 2524 2549 2527 2527 2549 2539 2527 2539 2537 2537 2539 2538 2537 2538 2546 2546 2538 2543 2546 2543 2541 2541 2543 2545 2541 2545 2542 2542 2545 2547 2542 2547 2544 2544 2547 2649 2544 2649 2604 2604 2649 2659 2604 2659 2616 2616 2659 2617 2616 2617 2615 2615 2617 2653 2615 2653 2618 2618 2653 2673 2618 2673 2621 2621 2673 2695 2621 2695 2620 2620 2695 2683 2620 2683 2619 2619 2683 2623 2619 2623 2622 2622 2623 2638 2622 2638 2635 2635 2638 2678 2635 2678 2637 2637 2678 2639 2637 2639 2646 2646 2639 2644 2646 2644 2643 5578 173 179 5578 179 169 169 179 171 169 171 170 170 171 172 170 172 175 175 172 177 175 177 176 176 177 178 176 178 174 174 178 238 174 238 227 227 238 245 227 245 225 225 245 226 225 226 223 223 226 233 223 233 230 230 233 234 230 234 229 229 234 239 229 239 228 228 239 242 228 242 231 231 242 260 231 260 251 251 260 267 251 267 248 248 267 257 248 257 247 247 257 249 247 249 252 252 249 250 252 250 253 253 250 263 253 263 254 254 263 255 254 255 321 321 255 559 321 559 525 525 559 562 525 562 568 568 562 564 568 564 563 563 564 567 563 567 565 565 567 583 565 583 584 584 583 592 584 592 594 594 592 588 594 588 589 589 588 606 589 606 658 658 606 655 658 655 664 664 655 662 664 662 703 703 662 661 703 661 660 660 661 680 660 680 679 679 680 687 679 687 689 689 687 684 689 684 685 685 684 2156 685 2156 701 701 2156 2118 701 2118 2126 2126 2118 2120 2126 2120 2115 2115 2120 2121 2115 2121 2113 2113 2121 2138 2113 2138 2125 2125 2138 2139 2125 2139 2141 2141 2139 2148 2141 2148 2143 2143 2148 2147 2143 2147 2144 2144 2147 2149 2144 2149 2142 2142 2149 2213 2142 2213 2225 2225 2213 2214 2225 2214 2218 2218 2214 2221 2218 2221 2217 2217 2221 2243 2217 2243 2219 2219 2243 2239 2219 2239 2238 2238 2239 2242 2238 2242 2240 2240 2242 2249 2240 2249 2244 2244 2249 2246 2244 2246 2517 2517 2246 2552 2517 2552 2515 2515 2552 2553 2515 2553 2516 2516 2553 2551 2516 2551 2513 2513 2551 2554 2513 2554 2521 2521 2554 2558 2521 2558 2520 2520 2558 2559 2520 2559 2519 2519 2559 2574 2519 2574 2549 2549 2574 2540 2549 2540 2539 2539 2540 2548 2539 2548 2538 2538 2548 2579 2538 2579 2543 2543 2579 2580 2543 2580 2545 2545 2580 2583 2545 2583 2547 2547 2583 2650 2547 2650 2649 2649 2650 2648 2649 2648 2659 2659 2648 2652 2659 2652 2617 2617 2652 2654 2617 2654 2653 2653 2654 2656 2653 2656 2673 2673 2656 2675 2673 2675 2695 2695 2675 2676 2695 2676 2683 2683 2676 2677 2683 2677 2623 2623 2677 2681 2623 2681 2638 2638 2681 2679 2638 2679 2678 2678 2679 2680 2678 2680 2639 5579 162 168 5579 168 173 173 168 180 173 180 179 179 180 181 179 181 171 171 181 188 171 188 172 172 188 184 172 184 177 177 184 185 177 185 178 178 185 246 178 246 238 238 246 235 238 235 245 245 235 237 245 237 226 226 237 236 226 236 233 233 236 241 233 241 234 234 241 240 234 240 239 239 240 243 239 243 242 242 243 256 242 256 260 260 256 258 260 258 267 267 258 261 267 261 257 257 261 265 257 265 249 249 265 264 249 264 250 250 264 262 250 262 263 263 262 268 263 268 255 255 268 561 255 561 559 559 561 560 559 560 562 562 560 566 562 566 564 564 566 585 564 585 567 567 585 586 567 586 583 583 586 590 583 590 592 592 590 591 592 591 588 588 591 678 588 678 606 606 678 656 606 656 655 655 656 659 655 659 662 662 659 663 662 663 661 661 663 682 661 682 680 680 682 683 680 683 687 687 683 686 687 686 684 684 686 2201 684 2201 2156 2156 2201 2117 2156 2117 2118 2118 2117 2124 2118 2124 2120 2120 2124 2123 2120 2123 2121 2121 2123 2127 2121 2127 2138 2138 2127 2140 2138 2140 2139 2139 2140 2145 2139 2145 2148 2148 2145 2146 2148 2146 2147 2147 2146 2199 2147 2199 2149 2149 2199 2215 2149 2215 2213 2213 2215 2216 2213 2216 2214 2214 2216 2222 2214 2222 2221 2221 2222 2223 2221 2223 2243 2243 2223 2241 2243 2241 2239 2239 2241 2248 2239 2248 2242 2242 2248 2245 2242 2245 2249 2249 2245 2247 2249 2247 2246 2246 2247 2556 2246 2556 2552 2552 2556 2555 2552 2555 2553 2553 2555 2557 2553 2557 2551 2551 2557 2563 2551 2563 2554 2554 2563 2560 2554 2560 2558 2558 2560 2561 2558 2561 2559 2559 2561 2575 2559 2575 2574 2574 2575 2576 2574 2576 2540 2540 2576 2577 2540 2577 2548 2548 2577 2584 2548 2584 2579 2579 2584 2581 2579 2581 2580 2580 2581 2582 2580 2582 2583 2583 2582 2599 2583 2599 2650 2650 2599 2651 2650 2651 2648 2648 2651 2658 2648 2658 2652 2652 2658 2657 2652 2657 2654 2654 2657 2655 2654 2655 2656 2656 2655 2686 2656 2686 2675 2675 2686 2674 2675 2674 2676 2676 2674 2682 2676 2682 2677 2677 2682 2688 2677 2688 2681 2681 2688 2687 2681 2687 2679 5580 163 164 5580 164 162 162 164 167 162 167 168 168 167 183 168 183 180 180 183 182 180 182 181 181 182 189 181 189 188 188 189 186 188 186 184 184 186 187 184 187 185 185 187 190 185 190 246 246 190 271 246 271 235 235 271 272 235 272 237 237 272 273 237 273 236 236 273 280 236 280 241 241 280 276 241 276 240 240 276 244 240 244 243 243 244 298 243 298 256 256 298 305 256 305 258 258 305 259 258 259 261 261 259 266 261 266 265 265 266 299 265 299 264 264 299 300 264 300 262 262 300 304 262 304 268 268 304 574 268 574 561 561 574 580 561 580 560 560 580 576 560 576 566 566 576 582 566 582 585 585 582 587 585 587 586 586 587 593 586 593 590 590 593 599 590 599 591 591 599 665 591 665 678 678 665 677 678 677 656 656 677 657 656 657 659 659 657 671 659 671 663 663 671 700 663 700 682 682 700 681 682 681 683 683 681 688 683 688 686 686 688 699 686 699 2201 2201 699 2200 2201 2200 2117 2117 2200 2152 2117 2152 2124 2124 2152 2122 2124 2122 2123 2123 2122 2158 2123 2158 2127 2127 2158 2186 2127 2186 2140 2140 2186 2177 2140 2177 2145 2145 2177 2182 2145 2182 2146 2146 2182 2184 2146 2184 2199 2199 2184 2251 2199 2251 2215 2215 2251 2296 2215 2296 2216 2216 2296 2259 2216 2259 2222 2222 2259 2250 2222 2250 2223 2223 2250 2273 2223 2273 2241 2241 2273 2274 2241 2274 2248 2248 2274 2277 2248 2277 2245 2245 2277 2298 2245 2298 2247 2247 2298 2299 2247 2299 2556 2556 2299 2564 2556 2564 2555 2555 2564 2572 2555 2572 2557 2557 2572 2562 2557 2562 2563 2563 2562 2568 2563 2568 2560 2560 2568 2571 2560 2571 2561 2561 2571 2578 2561 2578 2575 2575 2578 2585 2575 2585 2576 2576 2585 2588 2576 2588 2577 2577 2588 2590 2577 2590 2584 2584 2590 2592 2584 2592 2581 2581 2592 2596 2581 2596 2582 2582 2596 2663 2582 2663 2599 2599 2663 2660 2599 2660 2651 2651 2660 2666 2651 2666 2658 2658 2666 2665 2658 2665 2657 2657 2665 2671 2657 2671 2655 2655 2671 2672 2655 2672 2686 2686 2672 2684 2686 2684 2674 2674 2684 2691 2674 2691 2682 2682 2691 2690 2682 2690 2688 165 195 199 165 199 163 163 199 200 163 200 164 164 200 166 164 166 167 167 166 191 167 191 183 183 191 207 183 207 182 182 207 205 182 205 189 189 205 204 189 204 186 186 204 208 186 208 187 187 208 222 187 222 190 190 222 274 190 274 271 271 274 270 271 270 272 272 270 275 272 275 273 273 275 278 273 278 280 280 278 277 280 277 276 276 277 292 276 292 244 244 292 296 244 296 298 298 296 297 298 297 305 305 297 294 305 294 259 259 294 295 259 295 266 266 295 303 266 303 299 299 303 301 299 301 300 300 301 302 300 302 304 304 302 581 304 581 574 574 581 569 574 569 580 580 569 575 580 575 576 576 575 579 576 579 582 582 579 595 582 595 587 587 595 600 587 600 593 593 600 602 593 602 599 599 602 666 599 666 665 665 666 667 665 667 677 677 667 670 677 670 657 657 670 690 657 690 671 671 690 691 671 691 700 700 691 694 700 694 681 681 694 695 681 695 688 688 695 2500 688 2500 699 699 2500 2153 699 2153 2200 2200 2153 2160 2200 2160 2152 2152 2160 2157 2152 2157 2122 2122 2157 2181 2122 2181 2158 2158 2181 2175 2158 2175 2186 2186 2175 2176 2186 2176 2177 2177 2176 2183 2177 2183 2182 2182 2183 2185 2182 2185 2184 2184 2185 2252 2184 2252 2251 2251 2252 2254 2251 2254 2296 2296 2254 2258 2296 2258 2259 2259 2258 2256 2259 2256 2250 2250 2256 2276 2250 2276 2273 2273 2276 2275 2273 2275 2274 2274 2275 2278 2274 2278 2277 2277 2278 2281 2277 2281 2298 2298 2281 2598 2298 2598 2299 2299 2598 2565 2299 2565 2564 2564 2565 2566 2564 2566 2572 2572 2566 2570 2572 2570 2562 2562 2570 2569 2562 2569 2568 2568 2569 2573 2568 2573 2571 2571 2573 2586 2571 2586 2578 2578 2586 2587 2578 2587 2585 2585 2587 2589 2585 2589 2588 2588 2589 2591 2588 2591 2590 2590 2591 2593 2590 2593 2592 2592 2593 2594 2592 2594 2596 2596 2594 2670 2596 2670 2663 2663 2670 2662 2663 2662 2660 2660 2662 2664 2660 2664 2666 2666 2664 2667 2666 2667 2665 2665 2667 2668 2665 2668 2671 2671 2668 2694 2671 2694 2672 2672 2694 2685 2672 2685 2684 2684 2685 2692 2684 2692 2691 2691 2692 2689 2691 2689 2690 192 194 221 192 221 195 195 221 202 195 202 199 199 202 201 199 201 200 200 201 210 200 210 166 166 210 220 166 220 191 191 220 203 191 203 207 207 203 215 207 215 205 205 215 214 205 214 204 204 214 206 204 206 208 208 206 319 208 319 222 222 319 283 222 283 274 274 283 281 274 281 270 270 281 282 270 282 275 275 282 287 275 287 278 278 287 279 278 279 277 277 279 288 277 288 292 292 288 309 292 309 296 296 309 306 296 306 297 297 306 310 297 310 294 294 310 311 294 311 295 295 311 313 295 313 303 303 313 312 303 312 301 301 312 320 301 320 302 302 320 571 302 571 581 581 571 572 581 572 569 569 572 577 569 577 575 575 577 605 575 605 579 579 605 596 579 596 595 595 596 601 595 601 600 600 601 603 600 603 602 602 603 704 602 704 666 666 704 669 666 669 667 667 669 672 667 672 670 670 672 673 670 673 690 690 673 692 690 692 691 691 692 698 691 698 694 694 698 697 694 697 695 695 697 2154 695 2154 2500 2500 2154 2155 2500 2155 2153 2153 2155 2161 2153 2161 2160 2160 2161 2159 2160 2159 2157 2157 2159 2179 2157 2179 2181 2181 2179 2178 2181 2178 2175 2175 2178 2180 2175 2180 2176 2176 2180 2192 2176 2192 2183 2183 2192 2196 2183 2196 2185 2185 2196 2253 2185 2253 2252 2252 2253 2255 2252 2255 2254 2254 2255 2257 2254 2257 2258 2258 2257 2272 2258 2272 2256 2256 2272 2294 2256 2294 2276 2276 2294 2282 2276 2282 2275 2275 2282 2279 2275 2279 2278 2278 2279 2280 2278 2280 2281 2281 2280 2696 2281 2696 2598 2598 2696 2879 2598 2879 2565 2565 2879 2567 2565 2567 2566 2566 2567 2720 2566 2720 2570 2570 2720 2729 2570 2729 2569 2569 2729 2597 2569 2597 2573 2573 2597 2792 2573 2792 2586 2586 2792 2793 2586 2793 2587 2587 2793 2839 2587 2839 2589 2589 2839 2794 2589 2794 2591 2591 2794 2595 2591 2595 2593 2593 2595 2798 2593 2798 2594 2594 2798 2803 2594 2803 2670 2670 2803 2661 2670 2661 2662 2662 2661 2669 2662 2669 2664 2664 2669 2825 2664 2825 2667 2667 2825 2826 2667 2826 2668 2668 2826 2820 2668 2820 2694 2694 2820 2822 2694 2822 2685 2685 2822 2693 2685 2693 2692 193 196 198 193 198 194 194 198 212 194 212 221 221 212 211 221 211 202 202 211 209 202 209 201 201 209 786 201 786 210 210 786 213 210 213 220 220 213 217 220 217 203 203 217 219 203 219 215 215 219 216 215 216 214 214 216 218 214 218 206 206 218 286 206 286 319 319 286 284 319 284 283 283 284 285 283 285 281 281 285 318 281 318 282 282 318 289 282 289 287 287 289 291 287 291 279 279 291 293 279 293 288 288 293 290 288 290 309 309 290 308 309 308 306 306 308 307 306 307 310 310 307 317 310 317 311 311 317 314 311 314 313 313 314 316 313 316 312 312 316 315 312 315 320 320 315 570 320 570 571 571 570 573 571 573 572 572 573 578 572 578 577 577 578 598 577 598 605 605 598 597 605 597 596 596 597 604 596 604 601 601 604 705 601 705 603 603 705 668 603 668 704 704 668 676 704 676 669 669 676 674 669 674 672 672 674 675 672 675 673 673 675 702 673 702 692 692 702 693 692 693 698 698 693 696 698 696 697 697 696 1423 697 1423 2154 2154 1423 2165 2154 2165 2155 2155 2165 2163 2155 2163 2161 2161 2163 2169 2161 2169 2159 2159 2169 2166 2159 2166 2179 2179 2166 2198 2179 2198 2178 2178 2198 2191 2178 2191 2180 2180 2191 2190 2180 2190 2192 2192 2190 2297 2192 2297 2196 2196 2297 2260 2196 2260 2253 2253 2260 2262 2253 2262 2255 2255 2262 2266 2255 2266 2257 2257 2266 2283 2257 2283 2272 2272 2283 2284 2272 2284 2294 2294 2284 2285 2294 2285 2282 2282 2285 2289 2282 2289 2279 2279 2289 2293 2279 2293 2280 2280 2293 2697 2280 2697 2696 2696 2697 2698 2696 2698 2879 2879 2698 2702 2879 2702 2567 2567 2702 2719 2567 2719 2720 2720 2719 2721 2720 2721 2729 2729 2721 2724 2729 2724 2597 2597 2724 2796 2597 2796 2792 2792 2796 2795 2792 2795 2793 2793 2795 2797 2793 2797 2839 2839 2797 2801 2839 2801 2794 2794 2801 2799 2794 2799 2595 2595 2799 2800 2595 2800 2798 2798 2800 2816 2798 2816 2803 2803 2816 2817 2803 2817 2661 2661 2817 2818 2661 2818 2669 2669 2818 2819 2669 2819 2825 2825 2819 2824 2825 2824 2826 2826 2824 2823 2826 2823 2820 2820 2823 2821 2820 2821 2822 197 764 763 197 763 196 196 763 768 196 768 198 198 768 772 198 772 212 212 772 767 212 767 211 211 767 790 211 790 209 209 790 787 209 787 786 786 787 788 786 788 213 213 788 795 213 795 217 217 795 794 217 794 219 219 794 791 219 791 216 216 791 1035 216 1035 218 218 1035 1036 218 1036 286 286 1036 1031 286 1031 284 284 1031 1030 284 1030 285 285 1030 1032 285 1032 318 318 1032 1037 318 1037 289 289 1037 1038 289 1038 291 291 1038 1041 291 1041 293 293 1041 1055 293 1055 290 290 1055 1056 290 1056 308 308 1056 1054 308 1054 307 307 1054 1057 307 1057 317 317 1057 1060 317 1060 314 314 1060 708 314 708 316 316 708 1063 316 1063 315 315 1063 1128 315 1128 570 570 1128 1127 570 1127 573 573 1127 1132 573 1132 578 578 1132 1133 578 1133 598 598 1133 1135 598 1135 597 597 1135 1140 597 1140 604 604 1140 1134 604 1134 705 705 1134 1156 705 1156 668 668 1156 1154 668 1154 676 676 1154 1152 676 1152 674 674 1152 1162 674 1162 675 675 1162 1159 675 1159 702 702 1159 1157 702 1157 693 693 1157 1158 693 1158 696 696 1158 2174 696 2174 1423 1423 2174 2162 1423 2162 2165 2165 2162 2164 2165 2164 2163 2163 2164 2167 2163 2167 2169 2169 2167 2168 2169 2168 2166 2166 2168 2188 2166 2188 2198 2198 2188 2187 2198 2187 2191 2191 2187 2195 2191 2195 2190 2190 2195 2265 2190 2265 2297 2297 2265 2261 2297 2261 2260 2260 2261 2263 2260 2263 2262 2262 2263 2268 2262 2268 2266 2266 2268 2270 2266 2270 2283 2283 2270 2288 2283 2288 2284 2284 2288 2286 2284 2286 2285 2285 2286 2292 2285 2292 2289 2289 2292 2291 2289 2291 2293 2293 2291 2701 2293 2701 2697 2697 2701 2706 2697 2706 2698 2698 2706 2705 2698 2705 2702 2702 2705 2707 2702 2707 2719 2719 2707 2723 2719 2723 2721 2721 2723 2726 2721 2726 2724 2724 2726 2727 2724 2727 2796 2796 2727 2804 2796 2804 2795 2795 2804 2815 2795 2815 2797 2797 2815 2802 2797 2802 2801 2801 2802 2811 2801 2811 2799 2799 2811 2813 2799 2813 2800 2800 2813 2833 2800 2833 2816 2816 2833 2829 2816 2829 2817 2817 2829 2836 2817 2836 2818 2818 2836 2835 2818 2835 2819 2819 2835 2834 2819 2834 2824 715 785 766 715 766 764 764 766 765 764 765 763 763 765 770 763 770 768 768 770 769 768 769 772 772 769 771 772 771 767 767 771 801 767 801 790 790 801 796 790 796 787 787 796 789 787 789 788 788 789 792 788 792 795 795 792 793 795 793 794 794 793 804 794 804 791 791 804 1052 791 1052 1035 1035 1052 1042 1035 1042 1036 1036 1042 1033 1036 1033 1031 1031 1033 1043 1031 1043 1030 1030 1043 1034 1030 1034 1032 1032 1034 1040 1032 1040 1037 1037 1040 1039 1037 1039 1038 1038 1039 1053 1038 1053 1041 1041 1053 1064 1041 1064 1055 1055 1064 1059 1055 1059 1056 1056 1059 1058 1056 1058 1054 1054 1058 1070 1054 1070 1057 1057 1070 1062 1057 1062 1060 1060 1062 1061 1060 1061 708 708 1061 1130 708 1130 1063 1063 1130 1131 1063 1131 1128 1128 1131 1139 1128 1139 1127 1127 1139 1150 1127 1150 1132 1132 1150 1129 1132 1129 1133 1133 1129 1136 1133 1136 1135 1135 1136 1138 1135 1138 1140 1140 1138 1137 1140 1137 1134 1134 1137 1153 1134 1153 1156 1156 1153 1155 1156 1155 1154 1154 1155 1163 1154 1163 1152 1152 1163 1174 1152 1174 1162 1162 1174 1161 1162 1161 1159 1159 1161 1160 1159 1160 1157 1157 1160 1169 1157 1169 1158 1158 1169 1175 1158 1175 2174 2174 1175 2173 2174 2173 2162 2162 2173 2170 2162 2170 2164 2164 2170 2171 2164 2171 2167 2167 2171 2172 2167 2172 2168 2168 2172 2197 2168 2197 2188 2188 2197 2189 2188 2189 2187 2187 2189 2193 2187 2193 2195 2195 2193 2194 2195 2194 2265 2265 2194 2264 2265 2264 2261 2261 2264 2269 2261 2269 2263 2263 2269 2271 2263 2271 2268 2268 2271 2267 2268 2267 2270 2270 2267 2295 2270 2295 2288 2288 2295 2287 2288 2287 2286 2286 2287 2290 2286 2290 2292 2292 2290 2435 2292 2435 2291 2291 2435 2699 2291 2699 2701 2701 2699 2700 2701 2700 2706 2706 2700 2703 2706 2703 2705 2705 2703 2704 2705 2704 2707 2707 2704 2722 2707 2722 2723 2723 2722 2725 2723 2725 2726 2726 2725 2808 2726 2808 2727 2727 2808 2806 2727 2806 2804 2804 2806 2805 2804 2805 2815 2815 2805 2809 2815 2809 2802 2802 2809 2810 2802 2810 2811 2811 2810 2814 2811 2814 2813 2813 2814 2827 2813 2827 2833 2833 2827 2828 2833 2828 2829 2829 2828 2837 2829 2837 2836 2836 2837 2838 2836 2838 2835 5421 5422 720 5421 720 709 709 720 716 709 716 714 5581 721 776 5581 776 785 785 776 773 785 773 766 766 773 774 766 774 765 765 774 778 765 778 770 770 778 780 770 780 769 769 780 779 769 779 771 771 779 802 771 802 801 801 802 810 801 810 796 796 810 797 796 797 789 789 797 803 789 803 792 792 803 805 792 805 793 793 805 809 793 809 804 804 809 806 804 806 1052 1052 806 1045 1052 1045 1042 1042 1045 1047 1042 1047 1033 1033 1047 1044 1033 1044 1043 1043 1044 1051 1043 1051 1034 1034 1051 1049 1034 1049 1040 1040 1049 1048 1040 1048 1039 1039 1048 1075 1039 1075 1053 1053 1075 1076 1053 1076 1064 1064 1076 1065 1064 1065 1059 1059 1065 1068 1059 1068 1058 1058 1068 1071 1058 1071 1070 1070 1071 1069 1070 1069 1062 1062 1069 1072 1062 1072 1061 1061 1072 1073 1061 1073 1130 1130 1073 1151 1130 1151 1131 1131 1151 1142 1131 1142 1139 1139 1142 1141 1139 1141 1150 1150 1141 1148 1150 1148 1129 1129 1148 1146 1129 1146 1136 1136 1146 1145 1136 1145 1138 1138 1145 1147 1138 1147 1137 1137 1147 1168 1137 1168 1153 1153 1168 1164 1153 1164 1155 1155 1164 1165 1155 1165 1163 1163 1165 1166 1163 1166 1174 1174 1166 1171 1174 1171 1161 1161 1171 1172 1161 1172 1160 1160 1172 1170 1160 1170 1169 1169 1170 2306 1169 2306 1175 1175 2306 2301 1175 2301 2173 2173 2301 2307 2173 2307 2170 2170 2307 2312 2170 2312 2171 2171 2312 2353 2171 2353 2172 2172 2353 2327 2172 2327 2197 2197 2327 2329 2197 2329 2189 2189 2329 2331 2189 2331 2193 2193 2331 2337 2193 2337 2194 2194 2337 2403 2194 2403 2264 2264 2403 2410 2264 2410 2269 2269 2410 2409 2269 2409 2271 2271 2409 2425 2271 2425 2267 2267 2425 2426 2267 2426 2295 2295 2426 2428 2295 2428 2287 2287 2428 2431 2287 2431 2290 2290 2431 2436 2290 2436 2435 2435 2436 2712 2435 2712 2699 2699 2712 2708 2699 2708 2700 2700 2708 2714 2700 2714 2703 2703 2714 2730 2703 2730 2704 2704 2730 2728 2704 2728 2722 2722 2728 2736 2722 2736 2725 2725 2736 2743 2725 2743 2808 2808 2743 2849 2808 2849 2806 2806 2849 2807 2806 2807 2805 2805 2807 2860 2805 2860 2809 2809 2860 2868 2809 2868 2810 2810 2868 2812 2810 2812 2814 2814 2812 2831 2814 2831 2827 2827 2831 2830 2827 2830 2828 2828 2830 2832 2828 2832 2837 5423 711 710 5423 710 5422 5422 710 724 5422 724 720 720 724 718 720 718 716 716 718 719 716 719 717 721 722 777 721 777 776 776 777 775 776 775 773 773 775 784 773 784 774 774 784 783 774 783 778 778 783 781 778 781 780 780 781 860 780 860 779 779 860 782 779 782 802 802 782 798 802 798 810 810 798 799 810 799 797 797 799 800 797 800 803 803 800 807 803 807 805 805 807 808 805 808 809 809 808 861 809 861 806 806 861 1081 806 1081 1045 1045 1081 1046 1045 1046 1047 1047 1046 1077 1047 1077 1044 1044 1077 1126 1044 1126 1051 1051 1126 1050 1051 1050 1049 1049 1050 1083 1049 1083 1048 1048 1083 1087 1048 1087 1075 1075 1087 1066 1075 1066 1076 1076 1066 1067 1076 1067 1065 1065 1067 1103 1065 1103 1068 1068 1103 1102 1068 1102 1071 1071 1102 1107 1071 1107 1069 1069 1107 1074 1069 1074 1072 1072 1074 1108 1072 1108 1073 1073 1108 1181 1073 1181 1151 1151 1181 1143 1151 1143 1142 1142 1143 1144 1142 1144 1141 1141 1144 1176 1141 1176 1148 1148 1176 1178 1148 1178 1146 1146 1178 1182 1146 1182 1145 1145 1182 1183 1145 1183 1147 1147 1183 1149 1147 1149 1168 1168 1149 1202 1168 1202 1164 1164 1202 1201 1164 1201 1165 1165 1201 1167 1165 1167 1166 1166 1167 1173 1166 1173 1171 1171 1173 1208 1171 1208 1172 1172 1208 1207 1172 1207 1170 1170 1207 2302 1170 2302 2306 2306 2302 2303 2306 2303 2301 2301 2303 2310 2301 2310 2307 2307 2310 2309 2307 2309 2312 2312 2309 2311 2312 2311 2353 2353 2311 2328 2353 2328 2327 2327 2328 2334 2327 2334 2329 2329 2334 2332 2329 2332 2331 2331 2332 2336 2331 2336 2337 2337 2336 2404 2337 2404 2403 2403 2404 2405 2403 2405 2410 2410 2405 2412 2410 2412 2409 2409 2412 2414 2409 2414 2425 2425 2414 2427 2425 2427 2426 2426 2427 2430 2426 2430 2428 2428 2430 2433 2428 2433 2431 2431 2433 2432 2431 2432 2436 2436 2432 2710 2436 2710 2712 2712 2710 2709 2712 2709 2708 2708 2709 2715 2708 2715 2714 2714 2715 2734 2714 2734 2730 2730 2734 2731 2730 2731 2728 2728 2731 2737 2728 2737 2736 2736 2737 2739 2736 2739 2743 2743 2739 2840 2743 2840 2849 2849 2840 2843 2849 2843 2807 2807 2843 2858 2807 2858 2860 2860 2858 2859 2860 2859 2868 2868 2859 2865 2868 2865 2812 2812 2865 2866 2812 2866 2831 2831 2866 2864 2831 2864 2830 711 712 725 711 725 710 710 725 732 710 732 724 724 732 741 724 741 718 718 741 742 718 742 719 719 742 749 719 749 723 777 812 822 777 822 775 775 822 811 775 811 784 784 811 813 784 813 783 783 813 818 783 818 781 781 818 817 781 817 860 860 817 820 860 820 782 782 820 837 782 837 798 798 837 836 798 836 799 799 836 838 799 838 800 800 838 842 800 842 807 807 842 843 807 843 808 808 843 844 808 844 861 861 844 1080 861 1080 1081 1081 1080 1078 1081 1078 1046 1046 1078 1079 1046 1079 1077 1077 1079 1082 1077 1082 1126 1126 1082 1085 1126 1085 1050 1050 1085 1084 1050 1084 1083 1083 1084 1086 1083 1086 1087 1087 1086 1106 1087 1106 1066 1066 1106 1104 1066 1104 1067 1067 1104 1101 1067 1101 1103 1103 1101 1105 1103 1105 1102 1102 1105 1110 1102 1110 1107 1107 1110 1109 1107 1109 1074 1074 1109 1124 1074 1124 1108 1108 1124 1179 1108 1179 1181 1181 1179 1180 1181 1180 1143 1143 1180 1187 1143 1187 1144 1144 1187 1177 1144 1177 1176 1176 1177 1186 1176 1186 1178 1178 1186 1185 1178 1185 1182 1182 1185 1184 1182 1184 1183 1183 1184 1205 1183 1205 1149 1149 1205 1203 1149 1203 1202 1202 1203 1204 1202 1204 1201 1201 1204 1206 1201 1206 1167 1167 1206 1211 1167 1211 1173 1173 1211 1209 1173 1209 1208 1208 1209 1210 1208 1210 1207 1207 1210 2324 1207 2324 2302 2302 2324 2304 2302 2304 2303 2303 2304 2305 2303 2305 2310 2310 2305 2326 2310 2326 2309 2309 2326 2308 2309 2308 2311 2311 2308 2330 2311 2330 2328 2328 2330 2335 2328 2335 2334 2334 2335 2333 2334 2333 2332 2332 2333 2345 2332 2345 2336 2336 2345 2406 2336 2406 2404 2404 2406 2407 2404 2407 2405 2405 2407 2413 2405 2413 2412 2412 2413 2411 2412 2411 2414 2414 2411 2429 2414 2429 2427 2427 2429 2437 2427 2437 2430 2430 2437 2434 2430 2434 2433 2433 2434 2444 2433 2444 2432 2432 2444 2717 2432 2717 2710 2710 2717 2713 2710 2713 2709 2709 2713 2716 2709 2716 2715 2715 2716 2732 2715 2732 2734 2734 2732 2733 2734 2733 2731 2731 2733 2738 2731 2738 2737 2737 2738 2740 2737 2740 2739 2739 2740 2841 2739 2841 2840 2840 2841 2844 2840 2844 2843 2843 2844 2863 2843 2863 2858 2858 2863 2861 2858 2861 2859 2859 2861 2862 2859 2862 2865 2865 2862 2867 2865 2867 2866 726 729 730 726 730 712 712 730 731 712 731 725 725 731 744 725 744 732 732 744 743 732 743 741 741 743 745 741 745 742 742 745 752 742 752 749 749 752 748 749 748 747 822 821 814 822 814 811 811 814 815 811 815 813 813 815 816 813 816 818 818 816 819 818 819 817 817 819 841 817 841 820 820 841 840 820 840 837 837 840 839 837 839 836 836 839 847 836 847 838 838 847 846 838 846 842 842 846 845 842 845 843 843 845 858 843 858 844 844 858 1088 844 1088 1080 1080 1088 1099 1080 1099 1078 1078 1099 1090 1078 1090 1079 1079 1090 1091 1079 1091 1082 1082 1091 1095 1082 1095 1085 1085 1095 1094 1085 1094 1084 1084 1094 1100 1084 1100 1086 1086 1100 1112 1086 1112 1106 1106 1112 1113 1106 1113 1104 1104 1113 1116 1104 1116 1101 1101 1116 1117 1101 1117 1105 1105 1117 1111 1105 1111 1110 1110 1111 1118 1110 1118 1109 1109 1118 1120 1109 1120 1124 1124 1120 1188 1124 1188 1179 1179 1188 1189 1179 1189 1180 1180 1189 1192 1180 1192 1187 1187 1192 1200 1187 1200 1177 1177 1200 1196 1177 1196 1186 1186 1196 1195 1186 1195 1185 1185 1195 1194 1185 1194 1184 1184 1194 1217 1184 1217 1205 1205 1217 1212 1205 1212 1203 1203 1212 1213 1203 1213 1204 1204 1213 1220 1204 1220 1206 1206 1220 1219 1206 1219 1211 1211 1219 1218 1211 1218 1209 1209 1218 1225 1209 1225 1210 1210 1225 2325 1210 2325 2324 2324 2325 2313 2324 2313 2304 2304 2313 2320 2304 2320 2305 2305 2320 2319 2305 2319 2326 2326 2319 2343 2326 2343 2308 2308 2343 2338 2308 2338 2330 2330 2338 2340 2330 2340 2335 2335 2340 2344 2335 2344 2333 2333 2344 2408 2333 2408 2345 2345 2408 2416 2345 2416 2406 2406 2416 2415 2406 2415 2407 2407 2415 2419 2407 2419 2413 2413 2419 2420 2413 2420 2411 2411 2420 2439 2411 2439 2429 2429 2439 2438 2429 2438 2437 2437 2438 2445 2437 2445 2434 2434 2445 2446 2434 2446 2444 2444 2446 2718 2444 2718 2717 2717 2718 2711 2717 2711 2713 2713 2711 2744 2713 2744 2716 2716 2744 2742 2716 2742 2732 2732 2742 2735 2732 2735 2733 2733 2735 2741 2733 2741 2738 2738 2741 2790 2738 2790 2740 2740 2790 2842 2740 2842 2841 2841 2842 2846 2841 2846 2844 2844 2846 2869 2844 2869 2863 2863 2869 2874 2863 2874 2861 2861 2874 2873 2861 2873 2862 2862 2873 2877 2862 2877 2867 728 735 727 728 727 729 729 727 734 729 734 730 730 734 739 730 739 731 731 739 762 731 762 744 744 762 753 744 753 743 743 753 746 743 746 745 745 746 761 745 761 752 752 761 757 752 757 748 748 757 750 748 750 751 821 826 823 821 823 814 814 823 833 814 833 815 815 833 830 815 830 816 816 830 829 816 829 819 819 829 834 819 834 841 841 834 848 841 848 840 840 848 849 840 849 839 839 849 853 839 853 847 847 853 854 847 854 846 846 854 857 846 857 845 845 857 859 845 859 858 858 859 1089 858 1089 1088 1088 1089 1227 1088 1227 1099 1099 1227 1092 1099 1092 1090 1090 1092 1093 1090 1093 1091 1091 1093 1097 1091 1097 1095 1095 1097 1096 1095 1096 1094 1094 1096 1098 1094 1098 1100 1100 1098 1115 1100 1115 1112 1112 1115 1114 1112 1114 1113 1113 1114 1125 1113 1125 1116 1116 1125 1123 1116 1123 1117 1117 1123 1119 1117 1119 1111 1111 1119 1122 1111 1122 1118 1118 1122 1121 1118 1121 1120 1120 1121 1191 1120 1191 1188 1188 1191 1190 1188 1190 1189 1189 1190 1193 1189 1193 1192 1192 1193 1197 1192 1197 1200 1200 1197 1226 1200 1226 1196 1196 1226 1198 1196 1198 1195 1195 1198 1199 1195 1199 1194 1194 1199 1214 1194 1214 1217 1217 1214 1216 1217 1216 1212 1212 1216 1215 1212 1215 1213 1213 1215 1224 1213 1224 1220 1220 1224 1221 1220 1221 1219 1219 1221 1223 1219 1223 1218 1218 1223 1222 1218 1222 1225 1225 1222 2314 1225 2314 2325 2325 2314 2315 2325 2315 2313 2313 2315 2318 2313 2318 2320 2320 2318 2321 2320 2321 2319 2319 2321 2350 2319 2350 2343 2343 2350 2339 2343 2339 2338 2338 2339 2342 2338 2342 2340 2340 2342 2346 2340 2346 2344 2344 2346 2351 2344 2351 2408 2408 2351 2418 2408 2418 2416 2416 2418 2424 2416 2424 2415 2415 2424 2421 2415 2421 2419 2419 2421 2423 2419 2423 2420 2420 2423 2442 2420 2442 2439 2439 2442 2443 2439 2443 2438 2438 2443 2449 2438 2449 2445 2445 2449 2450 2445 2450 2446 2446 2450 2748 2446 2748 2718 2718 2748 2751 2718 2751 2711 2711 2751 2791 2711 2791 2744 2744 2791 2768 2744 2768 2742 2742 2768 2779 2742 2779 2735 2735 2779 2774 2735 2774 2741 2741 2774 2775 2741 2775 2790 2790 2775 2847 2790 2847 2842 2842 2847 2845 2842 2845 2846 2846 2845 2872 2846 2872 2869 2869 2872 2876 2869 2876 2874 2874 2876 2875 2874 2875 2873 5424 733 738 5424 738 735 735 738 737 735 737 727 727 737 736 727 736 734 734 736 740 734 740 739 739 740 756 739 756 762 762 756 755 762 755 753 753 755 754 753 754 746 746 754 760 746 760 761 761 760 862 761 862 757 757 862 759 757 759 750 826 824 827 826 827 823 823 827 828 823 828 833 833 828 832 833 832 830 830 832 831 830 831 829 829 831 835 829 835 834 834 835 852 834 852 848 848 852 850 848 850 849 849 850 851 849 851 853 853 851 855 853 855 854 854 855 856 854 856 857 857 856 1028 857 1028 859 859 1028 1229 859 1229 1089 1089 1229 1228 1089 1228 1227 1227 1228 1230 1227 1230 1092 1092 1230 1235 1092 1235 1093 1093 1235 1234 1093 1234 1097 1097 1234 1233 1097 1233 1096 1096 1233 1248 1096 1248 1098 1098 1248 1254 1098 1254 1115 1115 1254 1250 1115 1250 1114 1114 1250 1251 1114 1251 1125 1125 1251 1255 1125 1255 1123 1123 1255 1256 1123 1256 1119 1119 1256 1258 1119 1258 1122 1122 1258 1259 1122 1259 1121 1121 1259 1323 1121 1323 1191 1191 1323 1324 1191 1324 1190 1190 1324 1325 1190 1325 1193 1193 1325 1326 1193 1326 1197 1197 1326 1328 1197 1328 1226 1226 1328 1329 1226 1329 1198 1198 1329 1331 1198 1331 1199 1199 1331 1349 1199 1349 1214 1214 1349 1354 1214 1354 1216 1216 1354 1346 1216 1346 1215 1215 1346 1344 1215 1344 1224 1224 1344 1345 1224 1345 1221 1221 1345 1350 1221 1350 1223 1223 1350 1351 1223 1351 1222 1222 1351 2316 1222 2316 2314 2314 2316 2352 2314 2352 2315 2315 2352 2317 2315 2317 2318 2318 2317 2323 2318 2323 2321 2321 2323 2322 2321 2322 2350 2350 2322 2341 2350 2341 2339 2339 2341 2347 2339 2347 2342 2342 2347 2348 2342 2348 2346 2346 2348 2349 2346 2349 2351 2351 2349 2451 2351 2451 2418 2418 2451 2417 2418 2417 2424 2424 2417 2422 2424 2422 2421 2421 2422 2498 2421 2498 2423 2423 2498 2440 2423 2440 2442 2442 2440 2441 2442 2441 2443 2443 2441 2447 2443 2447 2449 2449 2447 2448 2449 2448 2450 2450 2448 2745 2450 2745 2748 2748 2745 2753 2748 2753 2751 2751 2753 2750 2751 2750 2791 2791 2750 2769 2791 2769 2768 2768 2769 2770 2768 2770 2779 2779 2770 2778 2779 2778 2774 2774 2778 2856 2774 2856 2775 2775 2856 2848 2775 2848 2847 2847 2848 2855 2847 2855 2845 2845 2855 2871 2845 2871 2872 2872 2871 2870 2872 2870 2876 5425 865 864 5425 864 733 733 864 868 733 868 738 738 868 879 738 879 737 737 879 878 737 878 736 736 878 880 736 880 740 740 880 903 740 903 756 756 903 904 756 904 755 755 904 883 755 883 754 754 883 884 754 884 760 760 884 933 760 933 862 862 933 978 862 978 759 759 978 935 759 935 758 824 825 938 824 938 827 827 938 941 827 941 828 828 941 958 828 958 832 832 958 953 832 953 831 831 953 955 831 955 835 835 955 959 835 959 852 852 959 954 852 954 850 850 954 961 850 961 851 851 961 962 851 962 855 855 962 960 855 960 856 856 960 975 856 975 1028 1028 975 1246 1028 1246 1229 1229 1246 1231 1229 1231 1228 1228 1231 1232 1228 1232 1230 1230 1232 1236 1230 1236 1235 1235 1236 1240 1235 1240 1234 1234 1240 1241 1234 1241 1233 1233 1241 1249 1233 1249 1248 1248 1249 1252 1248 1252 1254 1254 1252 1270 1254 1270 1250 1250 1270 1253 1250 1253 1251 1251 1253 1260 1251 1260 1255 1255 1260 1257 1255 1257 1256 1256 1257 1264 1256 1264 1258 1258 1264 1267 1258 1267 1259 1259 1267 1335 1259 1335 1323 1323 1335 1327 1323 1327 1324 1324 1327 1343 1324 1343 1325 1325 1343 1334 1325 1334 1326 1326 1334 1333 1326 1333 1328 1328 1333 1330 1328 1330 1329 1329 1330 1332 1329 1332 1331 1331 1332 1359 1331 1359 1349 1349 1359 1355 1349 1355 1354 1354 1355 1347 1354 1347 1346 1346 1347 1348 1346 1348 1344 1344 1348 1361 1344 1361 1345 1345 1361 1353 1345 1353 1350 1350 1353 1352 1350 1352 1351 1351 1352 2357 1351 2357 2316 2316 2357 2354 2316 2354 2352 2352 2354 2359 2352 2359 2317 2317 2359 2360 2317 2360 2323 2323 2360 2377 2323 2377 2322 2322 2377 2376 2322 2376 2341 2341 2376 2382 2341 2382 2347 2347 2382 2381 2347 2381 2348 2348 2381 2499 2348 2499 2349 2349 2499 2452 2349 2452 2451 2451 2452 2453 2451 2453 2417 2417 2453 2456 2417 2456 2422 2422 2456 2457 2422 2457 2498 2498 2457 2475 2498 2475 2440 2440 2475 2476 2440 2476 2441 2441 2476 2480 2441 2480 2447 2447 2480 2495 2447 2495 2448 2448 2495 2747 2448 2747 2745 2745 2747 2749 2745 2749 2753 2753 2749 2752 2753 2752 2750 2750 2752 2773 2750 2773 2769 2769 2773 2772 2769 2772 2770 2770 2772 2776 2770 2776 2778 2778 2776 2851 2778 2851 2856 2856 2851 2853 2856 2853 2848 2848 2853 2854 2848 2854 2855 2855 2854 2857 2855 2857 2871 2871 2857 5515 2871 5515 2870 5426 863 874 5426 874 865 865 874 866 865 866 864 864 866 867 864 867 868 868 867 882 868 882 879 879 882 881 879 881 878 878 881 889 878 889 880 880 889 888 880 888 903 903 888 885 903 885 904 904 885 886 904 886 883 883 886 887 883 887 884 884 887 936 884 936 933 933 936 942 933 942 978 978 942 934 978 934 935 935 934 952 935 952 937 938 939 940 938 940 941 941 940 968 941 968 958 958 968 957 958 957 953 953 957 976 953 976 955 955 976 956 955 956 959 959 956 964 959 964 954 954 964 963 954 963 961 961 963 971 961 971 962 962 971 970 962 970 960 960 970 1422 960 1422 975 975 1422 1247 975 1247 1246 1246 1247 1238 1246 1238 1231 1231 1238 1237 1231 1237 1232 1232 1237 1239 1232 1239 1236 1236 1239 1243 1236 1243 1240 1240 1243 1244 1240 1244 1241 1241 1244 1245 1241 1245 1249 1249 1245 1262 1249 1262 1252 1252 1262 1261 1252 1261 1270 1270 1261 1263 1270 1263 1253 1253 1263 1269 1253 1269 1260 1260 1269 1265 1260 1265 1257 1257 1265 1266 1257 1266 1264 1264 1266 1271 1264 1271 1267 1267 1271 1338 1267 1338 1335 1335 1338 1336 1335 1336 1327 1327 1336 1337 1327 1337 1343 1343 1337 1342 1343 1342 1334 1334 1342 1341 1334 1341 1333 1333 1341 1340 1333 1340 1330 1330 1340 1339 1330 1339 1332 1332 1339 1366 1332 1366 1359 1359 1366 1358 1359 1358 1355 1355 1358 1356 1355 1356 1347 1347 1356 1364 1347 1364 1348 1348 1364 1360 1348 1360 1361 1361 1360 1363 1361 1363 1353 1353 1363 1362 1353 1362 1352 1352 1362 1367 1352 1367 2357 2357 1367 2355 2357 2355 2354 2354 2355 2363 2354 2363 2359 2359 2363 2362 2359 2362 2360 2360 2362 2379 2360 2379 2377 2377 2379 2380 2377 2380 2376 2376 2380 2385 2376 2385 2382 2382 2385 2383 2382 2383 2381 2381 2383 2455 2381 2455 2499 2499 2455 2454 2499 2454 2452 2452 2454 2460 2452 2460 2453 2453 2460 2458 2453 2458 2456 2456 2458 2461 2456 2461 2457 2457 2461 2478 2457 2478 2475 2475 2478 2479 2475 2479 2476 2476 2479 2481 2476 2481 2480 2480 2481 2483 2480 2483 2495 2495 2483 2766 2495 2766 2747 2747 2766 2746 2747 2746 2749 2749 2746 2760 2749 2760 2752 2752 2760 2767 2752 2767 2773 2773 2767 2771 2773 2771 2772 2772 2771 2777 2772 2777 2776 2776 2777 2852 2776 2852 2851 2851 2852 2850 2851 2850 2853 2853 2850 5514 2853 5514 2854 863 871 872 863 872 874 874 872 873 874 873 866 866 873 877 866 877 867 867 877 893 867 893 882 882 893 890 882 890 881 881 890 891 881 891 889 889 891 894 889 894 888 888 894 896 888 896 885 885 896 899 885 899 886 886 899 900 886 900 887 887 900 947 887 947 936 936 947 944 936 944 942 942 944 946 942 946 934 934 946 945 934 945 952 939 948 949 939 949 940 940 949 951 940 951 968 968 951 967 968 967 957 957 967 965 957 965 976 976 965 966 976 966 956 956 966 969 956 969 964 964 969 974 964 974 963 963 974 972 963 972 971 971 972 973 971 973 970 970 973 977 970 977 1422 1422 977 1273 1422 1273 1247 1247 1273 1275 1247 1275 1238 1238 1275 1278 1238 1278 1237 1237 1278 1279 1237 1279 1239 1239 1279 1280 1239 1280 1243 1243 1280 1242 1243 1242 1244 1244 1242 1272 1244 1272 1245 1245 1272 1298 1245 1298 1262 1262 1298 1297 1262 1297 1261 1261 1297 1310 1261 1310 1263 1263 1310 1302 1263 1302 1269 1269 1302 1303 1269 1303 1265 1265 1303 1304 1265 1304 1266 1266 1304 1268 1266 1268 1271 1271 1268 1384 1271 1384 1338 1338 1384 1369 1338 1369 1336 1336 1369 1368 1336 1368 1337 1337 1368 1373 1337 1373 1342 1342 1373 1374 1342 1374 1341 1341 1374 1376 1341 1376 1340 1340 1376 1378 1340 1378 1339 1339 1378 1408 1339 1408 1366 1366 1408 1357 1366 1357 1358 1358 1357 1365 1358 1365 1356 1356 1365 1396 1356 1396 1364 1364 1396 1402 1364 1402 1360 1360 1402 1401 1360 1401 1363 1363 1401 1407 1363 1407 1362 1362 1407 1420 1362 1420 1367 1367 1420 2356 1367 2356 2355 2355 2356 2358 2355 2358 2363 2363 2358 2361 2363 2361 2362 2362 2361 2388 2362 2388 2379 2379 2388 2378 2379 2378 2380 2380 2378 2386 2380 2386 2385 2385 2386 2397 2385 2397 2383 2383 2397 2384 2383 2384 2455 2455 2384 2462 2455 2462 2454 2454 2462 2473 2454 2473 2460 2460 2473 2459 2460 2459 2458 2458 2459 2468 2458 2468 2461 2461 2468 2493 2461 2493 2478 2478 2493 2477 2478 2477 2479 2479 2477 2482 2479 2482 2481 2481 2482 2880 2481 2880 2483 2483 2880 2765 2483 2765 2766 2766 2765 2755 2766 2755 2746 2746 2755 2761 2746 2761 2760 2760 2761 2784 2760 2784 2767 2767 2784 2781 2767 2781 2771 2771 2781 2786 2771 2786 2777 2777 2786 2878 2777 2878 2852 2852 2878 5513 2852 5513 2850 5427 869 870 5427 870 871 871 870 876 871 876 872 872 876 902 872 902 873 873 902 875 873 875 877 877 875 911 877 911 893 893 911 913 893 913 890 890 913 892 890 892 891 891 892 898 891 898 894 894 898 901 894 901 896 896 901 895 896 895 899 899 895 897 899 897 900 900 897 1000 900 1000 947 947 1000 979 947 979 944 944 979 980 944 980 946 946 980 981 946 981 945 945 981 982 945 982 943 948 988 950 948 950 949 949 950 1026 949 1026 951 951 1026 1005 951 1005 967 967 1005 1003 967 1003 965 965 1003 1002 965 1002 966 966 1002 1004 966 1004 969 969 1004 1011 969 1011 974 974 1011 1008 974 1008 972 972 1008 1007 972 1007 973 973 1007 1029 973 1029 977 977 1029 1274 977 1274 1273 1273 1274 1276 1273 1276 1275 1275 1276 1277 1275 1277 1278 1278 1277 1281 1278 1281 1279 1279 1281 1282 1279 1282 1280 1280 1282 1283 1280 1283 1242 1242 1283 1301 1242 1301 1272 1272 1301 1299 1272 1299 1298 1298 1299 1300 1298 1300 1297 1297 1300 1308 1297 1308 1310 1310 1308 1307 1310 1307 1302 1302 1307 1306 1302 1306 1303 1303 1306 1317 1303 1317 1304 1304 1317 1305 1304 1305 1268 1268 1305 1394 1268 1394 1384 1384 1394 1371 1384 1371 1369 1369 1371 1370 1369 1370 1368 1368 1370 1372 1368 1372 1373 1373 1372 1375 1373 1375 1374 1374 1375 1377 1374 1377 1376 1376 1377 1395 1376 1395 1378 1378 1395 1399 1378 1399 1408 1408 1399 1398 1408 1398 1357 1357 1398 1397 1357 1397 1365 1365 1397 1400 1365 1400 1396 1396 1400 1406 1396 1406 1402 1402 1406 1403 1402 1403 1401 1401 1403 1405 1401 1405 1407 1407 1405 2375 1407 2375 1420 1420 2375 2364 1420 2364 2356 2356 2364 2366 2356 2366 2358 2358 2366 2368 2358 2368 2361 2361 2368 2387 2361 2387 2388 2388 2387 2400 2388 2400 2378 2378 2400 2392 2378 2392 2386 2386 2392 2391 2386 2391 2397 2397 2391 2402 2397 2402 2384 2384 2402 2463 2384 2463 2462 2462 2463 2464 2462 2464 2473 2473 2464 2467 2473 2467 2459 2459 2467 2494 2459 2494 2468 2468 2494 2484 2468 2484 2493 2493 2484 2486 2493 2486 2477 2477 2486 2487 2477 2487 2482 2482 2487 2488 2482 2488 2880 2880 2488 2754 2880 2754 2765 2765 2754 2757 2765 2757 2755 2755 2757 2763 2755 2763 2761 2761 2763 2780 2761 2780 2784 2784 2780 2787 2784 2787 2781 2781 2787 2788 2781 2788 2786 2786 2788 5512 2786 5512 2878 5428 905 910 5428 910 869 869 910 906 869 906 870 870 906 912 870 912 876 876 912 921 876 921 902 902 921 915 902 915 875 875 915 914 875 914 911 911 914 916 911 916 913 913 916 920 913 920 892 892 920 919 892 919 898 898 919 918 898 918 901 901 918 917 901 917 895 895 917 927 895 927 897 897 927 931 897 931 1000 1000 931 987 1000 987 979 979 987 998 979 998 980 980 998 999 980 999 981 981 999 992 981 992 982 982 992 997 982 997 986 988 983 1001 988 1001 950 950 1001 1025 950 1025 1026 1026 1025 1013 1026 1013 1005 1005 1013 1015 1005 1015 1003 1003 1015 1014 1003 1014 1002 1002 1014 1006 1002 1006 1004 1004 1006 1009 1004 1009 1011 1011 1009 1019 1011 1019 1008 1008 1019 1010 1008 1010 1007 1007 1010 1012 1007 1012 1029 1029 1012 1295 1029 1295 1274 1274 1295 1296 1274 1296 1276 1276 1296 1284 1276 1284 1277 1277 1284 1294 1277 1294 1281 1281 1294 1289 1281 1289 1282 1282 1289 1290 1282 1290 1283 1283 1290 1288 1283 1288 1301 1301 1288 1313 1301 1313 1299 1299 1313 1311 1299 1311 1300 1300 1311 1309 1300 1309 1308 1308 1309 1314 1308 1314 1307 1307 1314 1316 1307 1316 1306 1306 1316 1315 1306 1315 1317 1317 1315 1322 1317 1322 1305 1305 1322 1380 1305 1380 1394 1394 1380 1379 1394 1379 1371 1371 1379 1385 1371 1385 1370 1370 1385 1386 1370 1386 1372 1372 1386 1387 1372 1387 1375 1375 1387 1388 1375 1388 1377 1377 1388 1390 1377 1390 1395 1395 1390 1419 1395 1419 1399 1399 1419 1410 1399 1410 1398 1398 1410 1409 1398 1409 1397 1397 1409 1417 1397 1417 1400 1400 1417 1413 1400 1413 1406 1406 1413 1404 1406 1404 1403 1403 1404 1416 1403 1416 1405 1405 1416 2401 1405 2401 2375 2375 2401 2365 2375 2365 2364 2364 2365 2373 2364 2373 2366 2366 2373 2372 2366 2372 2368 2368 2372 2374 2368 2374 2387 2387 2374 2390 2387 2390 2400 2400 2390 2393 2400 2393 2392 2392 2393 2394 2392 2394 2391 2391 2394 2395 2391 2395 2402 2402 2395 2465 2402 2465 2463 2463 2465 2466 2463 2466 2464 2464 2466 2469 2464 2469 2467 2467 2469 2470 2467 2470 2494 2494 2470 2485 2494 2485 2484 2484 2485 2492 2484 2492 2486 2486 2492 2489 2486 2489 2487 2487 2489 2490 2487 2490 2488 2488 2490 2758 2488 2758 2754 2754 2758 2759 2754 2759 2757 2757 2759 2764 2757 2764 2763 2763 2764 2782 2763 2782 2780 2780 2782 2785 2780 2785 2787 2787 2785 5511 2787 5511 2788 5429 908 907 5429 907 905 905 907 909 905 909 910 910 909 925 910 925 906 906 925 923 906 923 912 912 923 922 912 922 921 921 922 932 921 932 915 915 932 3049 915 3049 914 914 3049 924 914 924 916 916 924 929 916 929 920 920 929 2961 920 2961 919 919 2961 928 919 928 918 918 928 930 918 930 917 917 930 926 917 926 927 927 926 1027 927 1027 931 931 1027 2980 931 2980 987 987 2980 990 987 990 998 998 990 989 998 989 999 999 989 991 999 991 992 992 991 996 992 996 997 997 996 995 997 995 984 984 995 994 984 994 985 985 994 993 985 993 983 983 993 3241 983 3241 1001 1001 3241 3603 1001 3603 1025 1025 3603 1018 1025 1018 1013 1013 1018 1016 1013 1016 1015 1015 1016 1017 1015 1017 1014 1014 1017 1024 1014 1024 1006 1006 1024 1023 1006 1023 1009 1009 1023 1020 1009 1020 1019 1019 1020 1022 1019 1022 1010 1010 1022 2882 1010 2882 1012 1012 2882 1021 1012 1021 1295 1295 1021 1286 1295 1286 1296 1296 1286 1287 1296 1287 1284 1284 1287 1285 1284 1285 1294 1294 1285 1291 1294 1291 1289 1289 1291 1293 1289 1293 1290 1290 1293 1292 1290 1292 1288 1288 1292 1421 1288 1421 1313 1313 1421 4859 1313 4859 1311 1311 4859 1312 1311 1312 1309 1309 1312 1320 1309 1320 1314 1314 1320 1319 1314 1319 1316 1316 1319 1318 1316 1318 1315 1315 1318 1321 1315 1321 1322 1322 1321 1381 1322 1381 1380 1380 1381 1382 1380 1382 1379 1379 1382 1424 1379 1424 1385 1385 1424 1383 1385 1383 1386 1386 1383 1389 1386 1389 1387 1387 1389 1392 1387 1392 1388 1388 1392 1391 1388 1391 1390 1390 1391 1393 1390 1393 1419 1419 1393 1411 1419 1411 1410 1410 1411 1412 1410 1412 1409 1409 1412 4275 1409 4275 1417 1417 4275 4347 1417 4347 1413 1413 4347 1414 1413 1414 1404 1404 1414 1418 1404 1418 1416 1416 1418 1415 1416 1415 2401 2401 1415 2367 2401 2367 2365 2365 2367 2370 2365 2370 2373 2373 2370 2369 2373 2369 2372 2372 2369 2371 2372 2371 2374 2374 2371 2881 2374 2881 2390 2390 2881 2389 2390 2389 2393 2393 2389 2396 2393 2396 2394 2394 2396 2398 2394 2398 2395 2395 2398 2399 2395 2399 2465 2465 2399 2472 2465 2472 2466 2466 2472 2471 2466 2471 2469 2469 2471 2474 2469 2474 2470 2470 2474 4648 2470 4648 2485 2485 4648 4683 2485 4683 2492 2492 4683 2491 2492 2491 2489 2489 2491 2496 2489 2496 2490 2490 2496 2497 2490 2497 2758 2758 2497 2756 2758 2756 2759 2759 2756 2762 2759 2762 2764 2764 2762 2789 2764 2789 2782 2782 2789 2783 2782 2783 2785 5430 2886 2887 5430 2887 908 908 2887 2890 908 2890 907 907 2890 2892 907 2892 909 909 2892 2894 909 2894 925 925 2894 2891 925 2891 923 923 2891 2954 923 2954 922 922 2954 2950 922 2950 932 932 2950 2951 932 2951 3049 3049 2951 2956 3049 2956 924 924 2956 2957 924 2957 929 929 2957 2960 929 2960 2961 2961 2960 2974 2961 2974 928 928 2974 2975 928 2975 930 930 2975 2979 930 2979 926 926 2979 2981 926 2981 1027 1027 2981 2982 1027 2982 2980 2980 2982 2983 2980 2983 990 990 2983 3217 990 3217 989 989 3217 3218 989 3218 991 991 3218 3222 991 3222 996 996 3222 3223 996 3223 995 995 3223 3226 995 3226 994 994 3226 3240 994 3240 993 993 3240 3246 993 3246 3241 3241 3246 3245 3241 3245 3603 3603 3245 3248 3603 3248 1018 1018 3248 3314 1018 3314 1016 1016 3314 3312 1016 3312 1017 1017 3312 3315 1017 3315 1024 1024 3315 3317 1024 3317 1023 1023 3317 3316 1023 3316 1020 1020 3316 3323 1020 3323 1022 1022 3323 3337 1022 3337 2882 2882 3337 3338 2882 3338 1021 1021 3338 3339 1021 3339 1286 1286 3339 3341 1286 3341 1287 1287 3341 3340 1287 3340 1285 1285 3340 3344 1285 3344 1291 1291 3344 3346 1291 3346 1293 1293 3346 4160 1293 4160 1292 1292 4160 4155 1292 4155 1421 1421 4155 4156 1421 4156 4859 4859 4156 4157 4859 4157 1312 1312 4157 4176 1312 4176 1320 1320 4176 4175 1320 4175 1319 1319 4175 4179 1319 4179 1318 1318 4179 4180 1318 4180 1321 1321 4180 4178 1321 4178 1381 1381 4178 4184 1381 4184 1382 1382 4184 4248 1382 4248 1424 1424 4248 4247 1424 4247 1383 1383 4247 4252 1383 4252 1389 1389 4252 4251 1389 4251 1392 1392 4251 4271 1392 4271 1391 1391 4271 4269 1391 4269 1393 1393 4269 4272 1393 4272 1411 1411 4272 4276 1411 4276 1412 1412 4276 4277 1412 4277 4275 4275 4277 4278 4275 4278 4347 4347 4278 4547 4347 4547 1414 1414 4547 4548 1414 4548 1418 1418 4548 4546 1418 4546 1415 1415 4546 4549 1415 4549 2367 2367 4549 4551 2367 4551 2370 2370 4551 4568 2370 4568 2369 2369 4568 4578 2369 4578 2371 2371 4578 4569 2371 4569 2881 2881 4569 4574 2881 4574 2389 2389 4574 4575 2389 4575 2396 2396 4575 4577 2396 4577 2398 2398 4577 4654 2398 4654 2399 2399 4654 4643 2399 4643 2472 2472 4643 4647 2472 4647 2471 2471 4647 4649 2471 4649 2474 2474 4649 4650 2474 4650 4648 4648 4650 4651 4648 4651 4683 4683 4651 4665 4683 4665 2491 2491 4665 4666 2491 4666 2496 2496 4666 4667 2496 4667 2497 2497 4667 4673 2497 4673 2756 2756 4673 4670 2756 4670 2762 2762 4670 4671 2762 4671 2789 5431 5432 2888 5431 2888 2886 2886 2888 2896 2886 2896 2887 2887 2896 2889 2887 2889 2890 2890 2889 2893 2890 2893 2892 2892 2893 2901 2892 2901 2894 2894 2901 2895 2894 2895 2891 2891 2895 2953 2891 2953 2954 2954 2953 2952 2954 2952 2950 2950 2952 2955 2950 2955 2951 2951 2955 2959 2951 2959 2956 2956 2959 2958 2956 2958 2957 2957 2958 2972 2957 2972 2960 2960 2972 2977 2960 2977 2974 2974 2977 2976 2974 2976 2975 2975 2976 2978 2975 2978 2979 2979 2978 2984 2979 2984 2981 2981 2984 2986 2981 2986 2982 2982 2986 2999 2982 2999 2983 2983 2999 3219 2983 3219 3217 3217 3219 3221 3217 3221 3218 3218 3221 3225 3218 3225 3222 3222 3225 3224 3222 3224 3223 3223 3224 3244 3223 3244 3226 3226 3244 3243 3226 3243 3240 3240 3243 3242 3240 3242 3246 3246 3242 3249 3246 3249 3245 3245 3249 3247 3245 3247 3248 3248 3247 3262 3248 3262 3314 3314 3262 3313 3314 3313 3312 3312 3313 3322 3312 3322 3315 3315 3322 3321 3315 3321 3317 3317 3321 3318 3317 3318 3316 3316 3318 3319 3316 3319 3323 3323 3319 3336 3323 3336 3337 3337 3336 3347 3337 3347 3338 3338 3347 3358 3338 3358 3339 3339 3358 3345 3339 3345 3341 3341 3345 3343 3341 3343 3340 3340 3343 3342 3340 3342 3344 3344 3342 4154 3344 4154 3346 3346 4154 4153 3346 4153 4160 4160 4153 4152 4160 4152 4155 4155 4152 4159 4155 4159 4156 4156 4159 4174 4156 4174 4157 4157 4174 4158 4157 4158 4176 4176 4158 4177 4176 4177 4175 4175 4177 4183 4175 4183 4179 4179 4183 4181 4179 4181 4180 4180 4181 4182 4180 4182 4178 4178 4182 4260 4178 4260 4184 4184 4260 4249 4184 4249 4248 4248 4249 4250 4248 4250 4247 4247 4250 4254 4247 4254 4252 4252 4254 4253 4252 4253 4251 4251 4253 4273 4251 4273 4271 4271 4273 4270 4271 4270 4269 4269 4270 4274 4269 4274 4272 4272 4274 4280 4272 4280 4276 4276 4280 4279 4276 4279 4277 4277 4279 4559 4277 4559 4278 4278 4559 4554 4278 4554 4547 4547 4554 4555 4547 4555 4548 4548 4555 4552 4548 4552 4546 4546 4552 4550 4546 4550 4549 4549 4550 4553 4549 4553 4551 4551 4553 4572 4551 4572 4568 4568 4572 4570 4568 4570 4578 4578 4570 4573 4578 4573 4569 4569 4573 4576 4569 4576 4574 4574 4576 4586 4574 4586 4575 4575 4586 4589 4575 4589 4577 4577 4589 4645 4577 4645 4654 4654 4645 4644 4654 4644 4643 4643 4644 4646 4643 4646 4647 4647 4646 4658 4647 4658 4649 4649 4658 4652 4649 4652 4650 4650 4652 4653 4650 4653 4651 4651 4653 4668 4651 4668 4665 4665 4668 4669 4665 4669 4666 4666 4669 4674 4666 4674 4667 4667 4674 4680 4667 4680 4673 4673 4680 4672 4673 4672 4670 5432 2885 2898 5432 2898 2888 2888 2898 2897 2888 2897 2896 2896 2897 2907 2896 2907 2889 2889 2907 2905 2889 2905 2893 2893 2905 2902 2893 2902 2901 2901 2902 2903 2901 2903 2895 2895 2903 2962 2895 2962 2953 2953 2962 2963 2953 2963 2952 2952 2963 2967 2952 2967 2955 2955 2967 2968 2955 2968 2959 2959 2968 2969 2959 2969 2958 2958 2969 2998 2958 2998 2972 2972 2998 2988 2972 2988 2977 2977 2988 2987 2977 2987 2976 2976 2987 2989 2976 2989 2978 2978 2989 2985 2978 2985 2984 2984 2985 2993 2984 2993 2986 2986 2993 2994 2986 2994 2999 2999 2994 3220 2999 3220 3219 3219 3220 3227 3219 3227 3221 3221 3227 3230 3221 3230 3225 3225 3230 3235 3225 3235 3224 3224 3235 3256 3224 3256 3244 3244 3256 3264 3244 3264 3243 3243 3264 3250 3243 3250 3242 3242 3250 3253 3242 3253 3249 3249 3253 3257 3249 3257 3247 3247 3257 3335 3247 3335 3262 3262 3335 3324 3262 3324 3313 3313 3324 3325 3313 3325 3322 3322 3325 3333 3322 3333 3321 3321 3333 3329 3321 3329 3318 3318 3329 3320 3318 3320 3319 3319 3320 3330 3319 3330 3336 3336 3330 3349 3336 3349 3347 3347 3349 3348 3347 3348 3358 3358 3348 3350 3358 3350 3345 3345 3350 3357 3345 3357 3343 3343 3357 3353 3343 3353 3342 3342 3353 4173 3342 4173 4154 4154 4173 4172 4154 4172 4153 4153 4172 4162 4153 4162 4152 4152 4162 4168 4152 4168 4159 4159 4168 4167 4159 4167 4174 4174 4167 4189 4174 4189 4158 4158 4189 4185 4158 4185 4177 4177 4185 4187 4177 4187 4183 4183 4187 4191 4183 4191 4181 4181 4191 4196 4181 4196 4182 4182 4196 4261 4182 4261 4260 4260 4261 4268 4260 4268 4249 4249 4268 4257 4249 4257 4250 4250 4257 4262 4250 4262 4254 4254 4262 4267 4254 4267 4253 4253 4267 4282 4253 4282 4273 4273 4282 4281 4273 4281 4270 4270 4281 4293 4270 4293 4274 4274 4293 4287 4274 4287 4280 4280 4287 4286 4280 4286 4279 4279 4286 4566 4279 4566 4559 4559 4566 4556 4559 4556 4554 4554 4556 4560 4554 4560 4555 4555 4560 4562 4555 4562 4552 4552 4562 4561 4552 4561 4550 4550 4561 4567 4550 4567 4553 4553 4567 4590 4553 4590 4572 4572 4590 4571 4572 4571 4570 4570 4571 4583 4570 4583 4573 4573 4583 4585 4573 4585 4576 4576 4585 4584 4576 4584 4586 4586 4584 4591 4586 4591 4589 4589 4591 4664 4589 4664 4645 4645 4664 4655 4645 4655 4644 4644 4655 4656 4644 4656 4646 4646 4656 4659 4646 4659 4658 4658 4659 4660 4658 4660 4652 4652 4660 4662 4652 4662 4653 4653 4662 4675 4653 4675 4668 4668 4675 4682 4668 4682 4669 4669 4682 4677 4669 4677 4674 4674 4677 4681 4674 4681 4680 5433 2883 2884 5433 2884 2885 2885 2884 2900 2885 2900 2898 2898 2900 2899 2898 2899 2897 2897 2899 2908 2897 2908 2907 2907 2908 2906 2907 2906 2905 2905 2906 2904 2905 2904 2902 2902 2904 2932 2902 2932 2903 2903 2932 2965 2903 2965 2962 2962 2965 2964 2962 2964 2963 2963 2964 2966 2963 2966 2967 2967 2966 2971 2967 2971 2968 2968 2971 2970 2968 2970 2969 2969 2970 2973 2969 2973 2998 2998 2973 2991 2998 2991 2988 2988 2991 2990 2988 2990 2987 2987 2990 2992 2987 2992 2989 2989 2992 2997 2989 2997 2985 2985 2997 2996 2985 2996 2993 2993 2996 2995 2993 2995 2994 2994 2995 3228 2994 3228 3220 3220 3228 3229 3220 3229 3227 3227 3229 3234 3227 3234 3230 3230 3234 3236 3230 3236 3235 3235 3236 3238 3235 3238 3256 3256 3238 3251 3256 3251 3264 3264 3251 3252 3264 3252 3250 3250 3252 3261 3250 3261 3253 3253 3261 3258 3253 3258 3257 3257 3258 3327 3257 3327 3335 3335 3327 3326 3335 3326 3324 3324 3326 3328 3324 3328 3325 3325 3328 3364 3325 3364 3333 3333 3364 3332 3333 3332 3329 3329 3332 3331 3329 3331 3320 3320 3331 3334 3320 3334 3330 3330 3334 3352 3330 3352 3349 3349 3352 3351 3349 3351 3348 3348 3351 3355 3348 3355 3350 3350 3355 3354 3350 3354 3357 3357 3354 3356 3357 3356 3353 3353 3356 4165 3353 4165 4173 4173 4165 4161 4173 4161 4172 4172 4161 4166 4172 4166 4162 4162 4166 4170 4162 4170 4168 4168 4170 4169 4168 4169 4167 4167 4169 4198 4167 4198 4189 4189 4198 4186 4189 4186 4185 4185 4186 4190 4185 4190 4187 4187 4190 4195 4187 4195 4191 4191 4195 4193 4191 4193 4196 4196 4193 4255 4196 4255 4261 4261 4255 4256 4261 4256 4268 4268 4256 4258 4268 4258 4257 4257 4258 4264 4257 4264 4262 4262 4264 4266 4262 4266 4267 4267 4266 4294 4267 4294 4282 4282 4294 4283 4282 4283 4281 4281 4283 4291 4281 4291 4293 4293 4291 4290 4293 4290 4287 4287 4290 4295 4287 4295 4286 4286 4295 4592 4286 4592 4566 4566 4592 4557 4566 4557 4556 4556 4557 4558 4556 4558 4560 4560 4558 4564 4560 4564 4562 4562 4564 4563 4562 4563 4561 4561 4563 4565 4561 4565 4567 4567 4565 4579 4567 4579 4590 4590 4579 4580 4590 4580 4571 4571 4580 4581 4571 4581 4583 4583 4581 4582 4583 4582 4585 4585 4582 4587 4585 4587 4584 4584 4587 4588 4584 4588 4591 4591 4588 4657 4591 4657 4664 4664 4657 4685 4664 4685 4655 4655 4685 4714 4655 4714 4656 4656 4714 4663 4656 4663 4659 4659 4663 4661 4659 4661 4660 4660 4661 4707 4660 4707 4662 4662 4707 4678 4662 4678 4675 4675 4678 4676 4675 4676 4682 4682 4676 4679 4682 4679 4677 2911 2913 2914 2911 2914 2883 2883 2914 2918 2883 2918 2884 2884 2918 2925 2884 2925 2900 2900 2925 2924 2900 2924 2899 2899 2924 2927 2899 2927 2908 2908 2927 2930 2908 2930 2906 2906 2930 2931 2906 2931 2904 2904 2931 2948 2904 2948 2932 2932 2948 3005 2932 3005 2965 2965 3005 3000 2965 3000 2964 2964 3000 3001 2964 3001 2966 2966 3001 3006 2966 3006 2971 2971 3006 3007 2971 3007 2970 2970 3007 3009 2970 3009 2973 2973 3009 3034 2973 3034 2991 2991 3034 3024 2991 3024 2990 2990 3024 3025 2990 3025 2992 2992 3025 3030 2992 3030 2997 2997 3030 3031 2997 3031 2996 2996 3031 3047 2996 3047 2995 2995 3047 3232 2995 3232 3228 3228 3232 3231 3228 3231 3229 3229 3231 3233 3229 3233 3234 3234 3233 3237 3234 3237 3236 3236 3237 3239 3236 3239 3238 3238 3239 3254 3238 3254 3251 3251 3254 3263 3251 3263 3252 3252 3263 3259 3252 3259 3261 3261 3259 3260 3261 3260 3258 3258 3260 3360 3258 3360 3327 3327 3360 3359 3327 3359 3326 3326 3359 3362 3326 3362 3328 3328 3362 3365 3328 3365 3364 3364 3365 3407 3364 3407 3332 3332 3407 3385 3332 3385 3331 3331 3385 3387 3331 3387 3334 3334 3387 3386 3334 3386 3352 3352 3386 3390 3352 3390 3351 3351 3390 3388 3351 3388 3355 3355 3388 3389 3355 3389 3354 3354 3389 3392 3354 3392 3356 3356 3392 4163 3356 4163 4165 4165 4163 4199 4165 4199 4161 4161 4199 4244 4161 4244 4166 4166 4244 4164 4166 4164 4170 4170 4164 4171 4170 4171 4169 4169 4171 4206 4169 4206 4198 4198 4206 4188 4198 4188 4186 4186 4188 4194 4186 4194 4190 4190 4194 4197 4190 4197 4195 4195 4197 4192 4195 4192 4193 4193 4192 4297 4193 4297 4255 4255 4297 4345 4255 4345 4256 4256 4345 4259 4256 4259 4258 4258 4259 4265 4258 4265 4264 4264 4265 4263 4264 4263 4266 4266 4263 4284 4266 4284 4294 4294 4284 4292 4294 4292 4283 4283 4292 4285 4283 4285 4291 4291 4285 4288 4291 4288 4290 4290 4288 4289 4290 4289 4295 4295 4289 4597 4295 4597 4592 4592 4597 4593 4592 4593 4557 4557 4593 4594 4557 4594 4558 4558 4594 4598 4558 4598 4564 4564 4598 4599 4564 4599 4563 4563 4599 4605 4563 4605 4565 4565 4605 4604 4565 4604 4579 4579 4604 4616 4579 4616 4580 4580 4616 4617 4580 4617 4581 4581 4617 4623 4581 4623 4582 4582 4623 4621 4582 4621 4587 4587 4621 4622 4587 4622 4588 4588 4622 4699 4588 4699 4657 4657 4699 4684 4657 4684 4685 4685 4684 4690 4685 4690 4714 4714 4690 4692 4714 4692 4663 4663 4692 4694 4663 4694 4661 4661 4694 4708 4661 4708 4707 4707 4708 4711 4707 4711 4678 4678 4711 5498 4678 5498 4676 2912 2910 2920 2912 2920 2913 2913 2920 2919 2913 2919 2914 2914 2919 2915 2914 2915 2918 2918 2915 2929 2918 2929 2925 2925 2929 2926 2925 2926 2924 2924 2926 2928 2924 2928 2927 2927 2928 2933 2927 2933 2930 2930 2933 2941 2930 2941 2931 2931 2941 2946 2931 2946 2948 2948 2946 3011 2948 3011 3005 3005 3011 3003 3005 3003 3000 3000 3003 3004 3000 3004 3001 3001 3004 3002 3001 3002 3006 3006 3002 3008 3006 3008 3007 3007 3008 3010 3007 3010 3009 3009 3010 3027 3009 3027 3034 3034 3027 3026 3034 3026 3024 3024 3026 3029 3024 3029 3025 3025 3029 3033 3025 3033 3030 3030 3033 3032 3030 3032 3031 3031 3032 3044 3031 3044 3047 3047 3044 3265 3047 3265 3232 3232 3265 3274 3232 3274 3231 3231 3274 3269 3231 3269 3233 3233 3269 3270 3233 3270 3237 3237 3270 3273 3237 3273 3239 3239 3273 3289 3239 3289 3254 3254 3289 3255 3254 3255 3263 3263 3255 3298 3263 3298 3259 3259 3298 3294 3259 3294 3260 3260 3294 3311 3260 3311 3360 3360 3311 3361 3360 3361 3359 3359 3361 3367 3359 3367 3362 3362 3367 3366 3362 3366 3365 3365 3366 3369 3365 3369 3407 3390 3394 3391 3390 3391 3388 3388 3391 3406 3388 3406 3389 3389 3406 3400 3389 3400 3392 3392 3400 4219 3392 4219 4163 4163 4219 4202 4163 4202 4199 4199 4202 4200 4199 4200 4244 4244 4200 4205 4244 4205 4164 4164 4205 4208 4164 4208 4171 4171 4208 4221 4171 4221 4206 4206 4221 4222 4206 4222 4188 4188 4222 4226 4188 4226 4194 4194 4226 4225 4194 4225 4197 4197 4225 4230 4197 4230 4192 4192 4230 4298 4192 4298 4297 4297 4298 4296 4297 4296 4345 4345 4296 4301 4345 4301 4259 4259 4301 4302 4259 4302 4265 4265 4302 4305 4265 4305 4263 4263 4305 4322 4263 4322 4284 4284 4322 4323 4284 4323 4292 4292 4323 4326 4292 4326 4285 4285 4326 4327 4285 4327 4288 4288 4327 4328 4288 4328 4289 4289 4328 4331 4289 4331 4597 4597 4331 4596 4597 4596 4593 4593 4596 4595 4593 4595 4594 4594 4595 4603 4594 4603 4598 4598 4603 4601 4598 4601 4599 4599 4601 4600 4599 4600 4605 4605 4600 4620 4605 4620 4604 4604 4620 4618 4604 4618 4616 4616 4618 4619 4616 4619 4617 4617 4619 4626 4617 4626 4623 4623 4626 4624 4623 4624 4621 4621 4624 4625 4621 4625 4622 4622 4625 4688 4622 4688 4699 4699 4688 4686 4699 4686 4684 4684 4686 4689 4684 4689 4690 4690 4689 4693 4690 4693 4692 4692 4693 4691 4692 4691 4694 4694 4691 4709 4694 4709 4708 4708 4709 4710 4708 4710 4711 4711 4710 5497 4711 5497 5498 5419 5434 5435 5419 5435 2910 2910 5435 2909 2910 2909 2920 2920 2909 2916 2920 2916 2919 2919 2916 2917 2919 2917 2915 2915 2917 2947 2915 2947 2929 2929 2947 2935 2929 2935 2926 2926 2935 2934 2926 2934 2928 2928 2934 2945 2928 2945 2933 2933 2945 2940 2933 2940 2941 2941 2940 2943 2941 2943 2946 2946 2943 3013 2946 3013 3011 3011 3013 3012 3011 3012 3003 3003 3012 3017 3003 3017 3004 3004 3017 3018 3004 3018 3002 3002 3018 3016 3002 3016 3008 3008 3016 3023 3008 3023 3010 3010 3023 3028 3010 3028 3027 3027 3028 3035 3027 3035 3026 3026 3035 3040 3026 3040 3029 3029 3040 3038 3029 3038 3033 3033 3038 3039 3033 3039 3032 3032 3039 3287 3032 3287 3044 3044 3287 3266 3044 3266 3265 3265 3266 3268 3265 3268 3274 3274 3268 3272 3274 3272 3269 3269 3272 3271 3269 3271 3270 3270 3271 3288 3270 3288 3273 3273 3288 3291 3273 3291 3289 3289 3291 3292 3289 3292 3255 3255 3292 3293 3255 3293 3298 3298 3293 3295 3298 3295 3294 3294 3295 3297 3294 3297 3311 3311 3297 3363 3311 3363 3361 3361 3363 3368 3361 3368 3367 3367 3368 3377 3367 3377 3366 3366 3377 3379 3366 3379 3369 3391 3393 3399 3391 3399 3406 3406 3399 3401 3406 3401 3400 3400 3401 4203 3400 4203 4219 4219 4203 4201 4219 4201 4202 4202 4201 4204 4202 4204 4200 4200 4204 4207 4200 4207 4205 4205 4207 4213 4205 4213 4208 4208 4213 4224 4208 4224 4221 4221 4224 4223 4221 4223 4222 4222 4223 4229 4222 4229 4226 4226 4229 4227 4226 4227 4225 4225 4227 4228 4225 4228 4230 4230 4228 4299 4230 4299 4298 4298 4299 4300 4298 4300 4296 4296 4300 4306 4296 4306 4301 4301 4306 4303 4301 4303 4302 4302 4303 4304 4302 4304 4305 4305 4304 4332 4305 4332 4322 4322 4332 4324 4322 4324 4323 4323 4324 4325 4323 4325 4326 4326 4325 4330 4326 4330 4327 4327 4330 4329 4327 4329 4328 4328 4329 4642 4328 4642 4331 4331 4642 4607 4331 4607 4596 4596 4607 4606 4596 4606 4595 4595 4606 4615 4595 4615 4603 4603 4615 4602 4603 4602 4601 4601 4602 4610 4601 4610 4600 4600 4610 4628 4600 4628 4620 4620 4628 4627 4620 4627 4618 4618 4627 4641 4618 4641 4619 4619 4641 4635 4619 4635 4626 4626 4635 4634 4626 4634 4624 4624 4634 4639 4624 4639 4625 4625 4639 4706 4625 4706 4688 4688 4706 4687 4688 4687 4686 4686 4687 4696 4686 4696 4689 4689 4696 4700 4689 4700 4693 4693 4700 4701 4693 4701 4691 4691 4701 4712 4691 4712 4709 4709 4712 4713 4709 4713 4710 5435 5436 2921 5435 2921 2909 2909 2921 2922 2909 2922 2916 2916 2922 2923 2916 2923 2917 2917 2923 2938 2917 2938 2947 2947 2938 2936 2947 2936 2935 2935 2936 2937 2935 2937 2934 2934 2937 2939 2934 2939 2945 2945 2939 2942 2945 2942 2940 2940 2942 2949 2940 2949 2943 2943 2949 3015 2943 3015 3013 3013 3015 3014 3013 3014 3012 3012 3014 3022 3012 3022 3017 3017 3022 3019 3017 3019 3018 3018 3019 3021 3018 3021 3016 3016 3021 3020 3016 3020 3023 3023 3020 3045 3023 3045 3028 3028 3045 3036 3028 3036 3035 3035 3036 3042 3035 3042 3040 3040 3042 3043 3040 3043 3038 3038 3043 3041 3038 3041 3039 3039 3041 3046 3039 3046 3287 3287 3046 3267 3287 3267 3266 3266 3267 3286 3266 3286 3268 3268 3286 3276 3268 3276 3272 3272 3276 3279 3272 3279 3271 3271 3279 3309 3271 3309 3288 3288 3309 3290 3288 3290 3291 3291 3290 3300 3291 3300 3292 3292 3300 3305 3292 3305 3293 3293 3305 3296 3293 3296 3295 3295 3296 3375 3295 3375 3297 3297 3375 3370 3297 3370 3363 3363 3370 3372 3363 3372 3368 3368 3372 3378 3368 3378 3377 3393 3395 3402 3393 3402 3399 3399 3402 3404 3399 3404 3401 3401 3404 4209 3401 4209 4203 4203 4209 4218 4203 4218 4201 4201 4218 4211 4201 4211 4204 4204 4211 4212 4204 4212 4207 4207 4212 4220 4207 4220 4213 4213 4220 4232 4213 4232 4224 4224 4232 4243 4224 4243 4223 4223 4243 4234 4223 4234 4229 4229 4234 4238 4229 4238 4227 4227 4238 4246 4227 4246 4228 4228 4246 4311 4228 4311 4299 4299 4311 4319 4299 4319 4300 4300 4319 4307 4300 4307 4306 4306 4307 4312 4306 4312 4303 4303 4312 4316 4303 4316 4304 4304 4316 4321 4304 4321 4332 4332 4321 4333 4332 4333 4324 4324 4333 4334 4324 4334 4325 4325 4334 4340 4325 4340 4330 4330 4340 4337 4330 4337 4329 4329 4337 4718 4329 4718 4642 4642 4718 4608 4642 4608 4607 4607 4608 4609 4607 4609 4606 4606 4609 4613 4606 4613 4615 4615 4613 4611 4615 4611 4602 4602 4611 4612 4602 4612 4610 4610 4612 4629 4610 4629 4628 4628 4629 4630 4628 4630 4627 4627 4630 4633 4627 4633 4641 4641 4633 4636 4641 4636 4635 4635 4636 4638 4635 4638 4634 4634 4638 4637 4634 4637 4639 4639 4637 4695 4639 4695 4706 4706 4695 4697 4706 4697 4687 4687 4697 4704 4687 4704 4696 4696 4704 4702 4696 4702 4700 4700 4702 4703 4700 4703 4701 4701 4703 5496 4701 5496 4712 2922 3050 3051 2922 3051 2923 2923 3051 3055 2923 3055 2938 2938 3055 3057 2938 3057 2936 2936 3057 3056 2936 3056 2937 2937 3056 2944 2937 2944 2939 2939 2944 3061 2939 3061 2942 2942 3061 3079 2942 3079 2949 2949 3079 3048 2949 3048 3015 3015 3048 3073 3015 3073 3014 3014 3073 3074 3014 3074 3022 3022 3074 3119 3022 3119 3019 3019 3119 3166 3019 3166 3021 3021 3166 3037 3021 3037 3020 3020 3037 3127 3020 3127 3045 3045 3127 3130 3045 3130 3036 3036 3130 3140 3036 3140 3042 3042 3140 3152 3042 3152 3043 3043 3152 3146 3043 3146 3041 3041 3146 3148 3041 3148 3046 3046 3148 3275 3046 3275 3267 3267 3275 3278 3267 3278 3286 3286 3278 3283 3286 3283 3276 3276 3283 3280 3276 3280 3279 3279 3280 3284 3279 3284 3309 3309 3284 3299 3309 3299 3290 3290 3299 3302 3290 3302 3300 3300 3302 3303 3300 3303 3305 3305 3303 3304 3305 3304 3296 3296 3304 3373 3296 3373 3375 3375 3373 3371 3375 3371 3370 3370 3371 3376 3370 3376 3372 3372 3376 3381 3372 3381 3378 3395 3398 3405 3395 3405 3402 3402 3405 3403 3402 3403 3404 3404 3403 4245 3404 4245 4209 4209 4245 4210 4209 4210 4218 4218 4210 4217 4218 4217 4211 4211 4217 4214 4211 4214 4212 4212 4214 4216 4212 4216 4220 4220 4216 4233 4220 4233 4232 4232 4233 4231 4232 4231 4243 4243 4231 4236 4243 4236 4234 4234 4236 4241 4234 4241 4238 4238 4241 4240 4238 4240 4246 4246 4240 4320 4246 4320 4311 4311 4320 4309 4311 4309 4319 4319 4309 4308 4319 4308 4307 4307 4308 4317 4307 4317 4312 4312 4317 4314 4312 4314 4316 4316 4314 4313 4316 4313 4321 4321 4313 4335 4321 4335 4333 4333 4335 4336 4333 4336 4334 4334 4336 4338 4334 4338 4340 4340 4338 4339 4340 4339 4337 4337 4339 4343 4337 4343 4718 4718 4343 4857 4718 4857 4608 4608 4857 4715 4608 4715 4609 4609 4715 4614 4609 4614 4613 4613 4614 4721 4613 4721 4611 4611 4721 4748 4611 4748 4612 4612 4748 4632 4612 4632 4629 4629 4632 4631 4629 4631 4630 4630 4631 4746 4630 4746 4633 4633 4746 4763 4633 4763 4636 4636 4763 4840 4636 4840 4638 4638 4840 4640 4638 4640 4637 4637 4640 4813 4637 4813 4695 4695 4813 4823 4695 4823 4697 4697 4823 4698 4697 4698 4704 4704 4698 4705 4704 4705 4702 4702 4705 5499 4702 5499 4703 4703 5499 5500 4703 5500 5496 3051 3052 3054 3051 3054 3055 3055 3054 3059 3055 3059 3057 3057 3059 3058 3057 3058 3056 3056 3058 3066 3056 3066 2944 2944 3066 3069 2944 3069 3061 3061 3069 3070 3061 3070 3079 3079 3070 3072 3079 3072 3048 3048 3072 3075 3048 3075 3073 3073 3075 3076 3073 3076 3074 3074 3076 3121 3074 3121 3119 3119 3121 3120 3119 3120 3166 3166 3120 3125 3166 3125 3037 3037 3125 3126 3037 3126 3127 3127 3126 3141 3127 3141 3130 3130 3141 3143 3130 3143 3140 3140 3143 3145 3140 3145 3152 3152 3145 3147 3152 3147 3146 3146 3147 3216 3146 3216 3148 3148 3216 3410 3148 3410 3275 3275 3410 3285 3275 3285 3278 3278 3285 3277 3278 3277 3283 3283 3277 3281 3283 3281 3280 3280 3281 3282 3280 3282 3284 3284 3282 3301 3284 3301 3299 3299 3301 3308 3299 3308 3302 3302 3308 3307 3302 3307 3303 3303 3307 3306 3303 3306 3304 3304 3306 3310 3304 3310 3373 3373 3310 3374 3373 3374 3371 3371 3374 3384 3371 3384 3376 3376 3384 3380 3376 3380 3381 3381 3380 3382 3381 3382 3383 3398 3396 3397 3398 3397 3405 3405 3397 4352 3405 4352 3403 3403 4352 4353 3403 4353 4245 4245 4353 4348 4245 4348 4210 4210 4348 4349 4210 4349 4217 4217 4349 4215 4217 4215 4214 4214 4215 4359 4214 4359 4216 4216 4359 4237 4216 4237 4233 4233 4237 4235 4233 4235 4231 4231 4235 4242 4231 4242 4236 4236 4242 4239 4236 4239 4241 4241 4239 4346 4241 4346 4240 4240 4346 4397 4240 4397 4320 4320 4397 4310 4320 4310 4309 4309 4310 4318 4309 4318 4308 4308 4318 4456 4308 4456 4317 4317 4456 4315 4317 4315 4314 4314 4315 4344 4314 4344 4313 4313 4344 4341 4313 4341 4335 4335 4341 4342 4335 4342 4336 4336 4342 4476 4336 4476 4338 4338 4476 4481 4338 4481 4339 4339 4481 4736 4339 4736 4343 4343 4736 4716 4343 4716 4857 4857 4716 4719 4857 4719 4715 4715 4719 4720 4715 4720 4614 4614 4720 4742 4614 4742 4721 4721 4742 4738 4721 4738 4748 4748 4738 4743 4748 4743 4632 4632 4743 4745 4632 4745 4631 4631 4745 4744 4631 4744 4746 4746 4744 4817 4746 4817 4763 4763 4817 4816 4763 4816 4840 4840 4816 4818 4840 4818 4640 4640 4818 4819 4640 4819 4813 4813 4819 4821 4813 4821 4823 4823 4821 4822 4823 4822 4698 4698 4822 4837 4698 4837 4705 4705 4837 4836 4705 4836 5499 3052 5437 3053 3052 3053 3054 3054 3053 3060 3054 3060 3059 3059 3060 3067 3059 3067 3058 3058 3067 3063 3058 3063 3066 3066 3063 3092 3066 3092 3069 3069 3092 3071 3069 3071 3070 3070 3071 3077 3070 3077 3072 3072 3077 3078 3072 3078 3075 3075 3078 3093 3075 3093 3076 3076 3093 3122 3076 3122 3121 3121 3122 3123 3121 3123 3120 3120 3123 3128 3120 3128 3125 3125 3128 3129 3125 3129 3126 3126 3129 3144 3126 3144 3141 3141 3144 3151 3141 3151 3143 3143 3151 3142 3143 3142 3145 3145 3142 3150 3145 3150 3147 3147 3150 3149 3147 3149 3216 3216 3149 3413 3216 3413 3410 3410 3413 3409 3410 3409 3285 3285 3409 3415 3285 3415 3277 3277 3415 3414 3277 3414 3281 3281 3414 3419 3281 3419 3282 3282 3419 3433 3282 3433 3301 3301 3433 3434 3301 3434 3308 3308 3434 3437 3308 3437 3307 3307 3437 3440 3307 3440 3306 3306 3440 3408 3306 3408 3310 3310 3408 3441 3310 3441 3374 3374 3441 3505 3374 3505 3384 3384 3505 3506 3384 3506 3380 3380 3506 3512 3380 3512 3382 3528 3527 3532 3528 3532 3396 3396 3532 3534 3396 3534 3397 3397 3534 3533 3397 3533 4352 4352 3533 4366 4352 4366 4353 4353 4366 4351 4353 4351 4348 4348 4351 4354 4348 4354 4349 4349 4354 4355 4349 4355 4215 4215 4355 4372 4215 4372 4359 4359 4372 4382 4359 4382 4237 4237 4382 4374 4237 4374 4235 4235 4374 4375 4235 4375 4242 4242 4375 4376 4242 4376 4239 4239 4376 4377 4239 4377 4346 4346 4377 4380 4346 4380 4397 4397 4380 4448 4397 4448 4310 4310 4448 4452 4310 4452 4318 4318 4452 4451 4318 4451 4456 4456 4451 4453 4456 4453 4315 4315 4453 4473 4315 4473 4344 4344 4473 4470 4344 4470 4341 4341 4470 4475 4341 4475 4342 4342 4475 4478 4342 4478 4476 4476 4478 4477 4476 4477 4481 4481 4477 4717 4481 4717 4736 4736 4717 4724 4736 4724 4716 4716 4724 4723 4716 4723 4719 4719 4723 4722 4719 4722 4720 4720 4722 4761 4720 4761 4742 4742 4761 4739 4742 4739 4738 4738 4739 4740 4738 4740 4743 4743 4740 4741 4743 4741 4745 4745 4741 4747 4745 4747 4744 4744 4747 4815 4744 4815 4817 4817 4815 4814 4817 4814 4816 4816 4814 4825 4816 4825 4818 4818 4825 4830 4818 4830 4819 4819 4830 4820 4819 4820 4821 4821 4820 4838 4821 4838 4822 4822 4838 5501 4822 5501 4837 3053 5438 3062 3053 3062 3060 3060 3062 3065 3060 3065 3067 3067 3065 3068 3067 3068 3063 3063 3068 3080 3063 3080 3092 3092 3080 3081 3092 3081 3071 3071 3081 3086 3071 3086 3077 3077 3086 3085 3077 3085 3078 3078 3085 3089 3078 3089 3093 3093 3089 3124 3093 3124 3122 3122 3124 3139 3122 3139 3123 3123 3139 3136 3123 3136 3128 3128 3136 3134 3128 3134 3129 3129 3134 3153 3129 3153 3144 3144 3153 3154 3144 3154 3151 3151 3154 3158 3151 3158 3142 3142 3158 3159 3142 3159 3150 3150 3159 3161 3150 3161 3149 3149 3161 3411 3149 3411 3413 3413 3411 3412 3413 3412 3409 3409 3412 3418 3409 3418 3415 3415 3418 3416 3415 3416 3414 3414 3416 3417 3414 3417 3419 3419 3417 3435 3419 3435 3433 3433 3435 3436 3433 3436 3434 3434 3436 3439 3434 3439 3437 3437 3439 3443 3437 3443 3440 3440 3443 3442 3440 3442 3408 3408 3442 3507 3408 3507 3441 3441 3507 3508 3441 3508 3505 3505 3508 3510 3505 3510 3506 3506 3510 3509 3506 3509 3512 3512 3509 3513 3512 3513 3511 3511 3513 3514 3511 3514 3515 3515 3514 3540 3515 3540 3529 3529 3540 3530 3529 3530 3527 3527 3530 3531 3527 3531 3532 3532 3531 3536 3532 3536 3534 3534 3536 3535 3534 3535 3533 3533 3535 4371 3533 4371 4366 4366 4371 4350 4366 4350 4351 4351 4350 4358 4351 4358 4354 4354 4358 4357 4354 4357 4355 4355 4357 4356 4355 4356 4372 4372 4356 4388 4372 4388 4382 4382 4388 4381 4382 4381 4374 4374 4381 4373 4374 4373 4375 4375 4373 4379 4375 4379 4376 4376 4379 4378 4376 4378 4377 4377 4378 4450 4377 4450 4380 4380 4450 4449 4380 4449 4448 4448 4449 4455 4448 4455 4452 4452 4455 4454 4452 4454 4451 4451 4454 4467 4451 4467 4453 4453 4467 4474 4453 4474 4473 4473 4474 4471 4473 4471 4470 4470 4471 4472 4470 4472 4475 4475 4472 4479 4475 4479 4478 4478 4479 4480 4478 4480 4477 4477 4480 4726 4477 4726 4717 4717 4726 4725 4717 4725 4724 4724 4725 4730 4724 4730 4723 4723 4730 4731 4723 4731 4722 4722 4731 4735 4722 4735 4761 4761 4735 4749 4761 4749 4739 4739 4749 4755 4739 4755 4740 4740 4755 4754 4740 4754 4741 4741 4754 4760 4741 4760 4747 4747 4760 4757 4747 4757 4815 4815 4757 4824 4815 4824 4814 4814 4824 4827 4814 4827 4825 4825 4827 4828 4825 4828 4830 4830 4828 4829 4830 4829 4820 4820 4829 4835 4820 4835 4838 4838 4835 5502 4838 5502 5501 3062 5439 5440 3062 5440 3065 3065 5440 3064 3065 3064 3068 3068 3064 3084 3068 3084 3080 3080 3084 3082 3080 3082 3081 3081 3082 3087 3081 3087 3086 3086 3087 3088 3086 3088 3085 3085 3088 3090 3085 3090 3089 3089 3090 3131 3089 3131 3124 3124 3131 3133 3124 3133 3139 3139 3133 3135 3139 3135 3136 3136 3135 3137 3136 3137 3134 3134 3137 3156 3134 3156 3153 3153 3156 3157 3153 3157 3154 3154 3157 3162 3154 3162 3158 3158 3162 3160 3158 3160 3159 3159 3160 3164 3159 3164 3161 3161 3164 3421 3161 3421 3411 3411 3421 3430 3411 3430 3412 3412 3430 3423 3412 3423 3418 3418 3423 3427 3418 3427 3416 3416 3427 3431 3416 3431 3417 3417 3431 3445 3417 3445 3435 3435 3445 3455 3435 3455 3436 3436 3455 3438 3436 3438 3439 3439 3438 3444 3439 3444 3443 3443 3444 3450 3443 3450 3442 3442 3450 3456 3442 3456 3507 3507 3456 3516 3507 3516 3508 3508 3516 3518 3508 3518 3510 3510 3518 3519 3510 3519 3509 3509 3519 3521 3509 3521 3513 3513 3521 3525 3513 3525 3514 3514 3525 3541 3514 3541 3540 3540 3541 3537 3540 3537 3530 3530 3537 3542 3530 3542 3531 3531 3542 3544 3531 3544 3536 3536 3544 3547 3536 3547 3535 3535 3547 4402 3535 4402 4371 4371 4402 4360 4371 4360 4350 4350 4360 4362 4350 4362 4358 4358 4362 4368 4358 4368 4357 4357 4368 4367 4357 4367 4356 4356 4367 4384 4356 4384 4388 4388 4384 4383 4388 4383 4381 4381 4383 4390 4381 4390 4373 4373 4390 4391 4373 4391 4379 4379 4391 4389 4379 4389 4378 4378 4389 4457 4378 4457 4450 4450 4457 4469 4450 4469 4449 4449 4469 4458 4449 4458 4455 4455 4458 4463 4455 4463 4454 4454 4463 4464 4454 4464 4467 4467 4464 4482 4467 4482 4474 4474 4482 4493 4474 4493 4471 4471 4493 4484 4471 4484 4472 4472 4484 4491 4472 4491 4479 4479 4491 4487 4479 4487 4480 4480 4487 4545 4480 4545 4726 4726 4545 4727 4726 4727 4725 4725 4727 4734 4725 4734 4730 4730 4734 4729 4730 4729 4731 4731 4729 4737 4731 4737 4735 4735 4737 4750 4735 4750 4749 4749 4750 4751 4749 4751 4755 4755 4751 4756 4755 4756 4754 4754 4756 4758 4754 4758 4760 4760 4758 4834 4760 4834 4757 4757 4834 4826 4757 4826 4824 4824 4826 4839 4824 4839 4827 4827 4839 4833 4827 4833 4828 4828 4833 4831 4828 4831 4829 4829 4831 4832 4829 4832 4835 5440 5441 3094 5440 3094 3064 3064 3094 3117 3064 3117 3084 3084 3117 3083 3084 3083 3082 3082 3083 3091 3082 3091 3087 3087 3091 3105 3087 3105 3088 3088 3105 3116 3088 3116 3090 3090 3116 3132 3090 3132 3131 3131 3132 3165 3131 3165 3133 3133 3165 3169 3133 3169 3135 3135 3169 3173 3135 3173 3137 3137 3173 3138 3137 3138 3156 3156 3138 3155 3156 3155 3157 3157 3155 3191 3157 3191 3162 3162 3191 3163 3162 3163 3160 3160 3163 3214 3160 3214 3164 3164 3214 3422 3164 3422 3421 3421 3422 3420 3421 3420 3430 3430 3420 3426 3430 3426 3423 3423 3426 3428 3423 3428 3427 3427 3428 3432 3427 3432 3431 3431 3432 3446 3431 3446 3445 3445 3446 3447 3445 3447 3455 3455 3447 3449 3455 3449 3438 3438 3449 3451 3438 3451 3444 3444 3451 3452 3444 3452 3450 3450 3452 3454 3450 3454 3456 3456 3454 3520 3456 3520 3516 3516 3520 3517 3516 3517 3518 3518 3517 3524 3518 3524 3519 3519 3524 3523 3519 3523 3521 3521 3523 3522 3521 3522 3525 3525 3522 3551 3525 3551 3541 3541 3551 3538 3541 3538 3537 3537 3538 3543 3537 3543 3542 3542 3543 3546 3542 3546 3544 3544 3546 3548 3544 3548 3547 3547 3548 4361 3547 4361 4402 4402 4361 4363 4402 4363 4360 4360 4363 4365 4360 4365 4362 4362 4365 4369 4362 4369 4368 4368 4369 4370 4368 4370 4367 4367 4370 4386 4367 4386 4384 4384 4386 4387 4384 4387 4383 4383 4387 4392 4383 4392 4390 4390 4392 4394 4390 4394 4391 4391 4394 4396 4391 4396 4389 4389 4396 4461 4389 4461 4457 4457 4461 4459 4457 4459 4469 4469 4459 4462 4469 4462 4458 4458 4462 4466 4458 4466 4463 4463 4466 4465 4463 4465 4464 4464 4465 4485 4464 4485 4482 4482 4485 4483 4482 4483 4493 4493 4483 4486 4493 4486 4484 4484 4486 4488 4484 4488 4491 4491 4488 4489 4491 4489 4487 4487 4489 4492 4487 4492 4545 4545 4492 4762 4545 4762 4727 4727 4762 4728 4727 4728 4734 4734 4728 4732 4734 4732 4729 4729 4732 4733 4729 4733 4737 4737 4733 4753 4737 4753 4750 4750 4753 4752 4750 4752 4751 4751 4752 4793 4751 4793 4756 4756 4793 4759 4756 4759 4758 4758 4759 4812 4758 4812 4834 4834 4812 4850 4834 4850 4826 4826 4850 4842 4826 4842 4839 4839 4842 4846 4839 4846 4833 4833 4846 5503 4833 5503 4831 3094 3096 3095 3094 3095 3117 3117 3095 3097 3117 3097 3083 3083 3097 3103 3083 3103 3091 3091 3103 3102 3091 3102 3105 3105 3102 3104 3105 3104 3116 3116 3104 3168 3116 3168 3132 3132 3168 3167 3132 3167 3165 3165 3167 3176 3165 3176 3169 3169 3176 3177 3169 3177 3173 3173 3177 3172 3173 3172 3138 3138 3172 3190 3138 3190 3155 3155 3190 3199 3155 3199 3191 3191 3199 3197 3191 3197 3163 3163 3197 3196 3163 3196 3214 3214 3196 3463 3214 3463 3422 3422 3463 3429 3422 3429 3420 3420 3429 3424 3420 3424 3426 3426 3424 3425 3426 3425 3428 3428 3425 3457 3428 3457 3432 3432 3457 3490 3432 3490 3446 3446 3490 3448 3446 3448 3447 3447 3448 3483 3447 3483 3449 3449 3483 3486 3449 3486 3451 3451 3486 3453 3451 3453 3452 3452 3453 3557 3452 3557 3454 3454 3557 3554 3454 3554 3520 3520 3554 3552 3520 3552 3517 3517 3552 3600 3517 3600 3524 3524 3600 3559 3524 3559 3523 3523 3559 3526 3523 3526 3522 3522 3526 3579 3522 3579 3551 3551 3579 3539 3551 3539 3538 3538 3539 3550 3538 3550 3543 3543 3550 3549 3543 3549 3546 3546 3549 3545 3546 3545 3548 3548 3545 4399 3548 4399 4361 4361 4399 4447 4361 4447 4363 4363 4447 4364 4363 4364 4365 4365 4364 4404 4365 4404 4369 4369 4404 4406 4369 4406 4370 4370 4406 4385 4370 4385 4386 4386 4385 4395 4386 4395 4387 4387 4395 4426 4387 4426 4392 4392 4426 4393 4392 4393 4394 4394 4393 4432 4394 4432 4396 4396 4432 4543 4396 4543 4461 4461 4543 4460 4461 4460 4459 4459 4460 4497 4459 4497 4462 4462 4497 4468 4462 4468 4466 4466 4468 4504 4466 4504 4465 4465 4504 4518 4465 4518 4485 4485 4518 4517 4485 4517 4483 4483 4517 4522 4483 4522 4486 4486 4522 4523 4486 4523 4488 4488 4523 4490 4488 4490 4489 4489 4490 4542 4489 4542 4492 4492 4542 4764 4492 4764 4762 4762 4764 4766 4762 4766 4728 4728 4766 4770 4728 4770 4732 4732 4770 4773 4732 4773 4733 4733 4773 4787 4733 4787 4753 4753 4787 4788 4753 4788 4752 4752 4788 4794 4752 4794 4793 4793 4794 4795 4793 4795 4759 4759 4795 4797 4759 4797 4812 4812 4797 4841 4812 4841 4850 4850 4841 4845 4850 4845 4842 4842 4845 4848 4842 4848 4846 4846 4848 4849 4846 4849 5503 3095 3099 3100 3095 3100 3097 3097 3100 3101 3097 3101 3103 3103 3101 3106 3103 3106 3102 3102 3106 3118 3102 3118 3104 3104 3118 3171 3104 3171 3168 3168 3171 3170 3168 3170 3167 3167 3170 3175 3167 3175 3176 3176 3175 3174 3176 3174 3177 3177 3174 3194 3177 3194 3172 3172 3194 3192 3172 3192 3190 3190 3192 3195 3190 3195 3199 3199 3195 3198 3199 3198 3197 3197 3198 3458 3197 3458 3196 3196 3458 3459 3196 3459 3463 3463 3459 3460 3463 3460 3429 3429 3460 3464 3429 3464 3424 3424 3464 3465 3424 3465 3425 3425 3465 3468 3425 3468 3457 3457 3468 3480 3457 3480 3490 3490 3480 3481 3490 3481 3448 3448 3481 3485 3448 3485 3483 3483 3485 3484 3483 3484 3486 3486 3484 3487 3486 3487 3453 3453 3487 3601 3453 3601 3557 3557 3601 3553 3557 3553 3554 3554 3553 3558 3554 3558 3552 3552 3558 3561 3552 3561 3600 3600 3561 3560 3600 3560 3559 3559 3560 3581 3559 3581 3526 3526 3581 3577 3526 3577 3579 3579 3577 3578 3579 3578 3539 3539 3578 3582 3539 3582 3550 3550 3582 3583 3550 3583 3549 3549 3583 3599 3549 3599 3545 3545 3599 4400 3545 4400 4399 4399 4400 4398 4399 4398 4447 4447 4398 4407 4447 4407 4364 4364 4407 4405 4364 4405 4404 4404 4405 4408 4404 4408 4406 4406 4408 4423 4406 4423 4385 4385 4423 4424 4385 4424 4395 4395 4424 4427 4395 4427 4426 4426 4427 4428 4426 4428 4393 4393 4428 4430 4393 4430 4432 4432 4430 4494 4432 4494 4543 4543 4494 4495 4543 4495 4460 4460 4495 4498 4460 4498 4497 4497 4498 4499 4497 4499 4468 4468 4499 4500 4468 4500 4504 4504 4500 4521 4504 4521 4518 4518 4521 4519 4518 4519 4517 4517 4519 4520 4517 4520 4522 4522 4520 4526 4522 4526 4523 4523 4526 4524 4523 4524 4490 4490 4524 4779 4490 4779 4542 4542 4779 4765 4542 4765 4764 4764 4765 4769 4764 4769 4766 4766 4769 4772 4766 4772 4770 4770 4772 4774 4770 4774 4773 4773 4774 4790 4773 4790 4787 4787 4790 4791 4787 4791 4788 4788 4791 4792 4788 4792 4794 4794 4792 4796 4794 4796 4795 4795 4796 4854 4795 4854 4797 4797 4854 4843 4797 4843 4841 4841 4843 4844 4841 4844 4845 4845 4844 4847 4845 4847 4848 3099 5442 3115 3099 3115 3100 3100 3115 3098 3100 3098 3101 3101 3098 3107 3101 3107 3106 3106 3107 3109 3106 3109 3118 3118 3109 3181 3118 3181 3171 3171 3181 3189 3171 3189 3170 3170 3189 3184 3170 3184 3175 3175 3184 3183 3175 3183 3174 3174 3183 3213 3174 3213 3194 3194 3213 3200 3194 3200 3192 3192 3200 3193 3192 3193 3195 3195 3193 3205 3195 3205 3198 3198 3205 3210 3198 3210 3458 3458 3210 3461 3458 3461 3459 3459 3461 3469 3459 3469 3460 3460 3469 3462 3460 3462 3464 3464 3462 3466 3464 3466 3465 3465 3466 3467 3465 3467 3468 3468 3467 3482 3468 3482 3480 3480 3482 3489 3480 3489 3481 3481 3489 3502 3481 3502 3485 3485 3502 3488 3485 3488 3484 3484 3488 3500 3484 3500 3487 3487 3500 3501 3487 3501 3601 3601 3501 3555 3601 3555 3553 3553 3555 3556 3553 3556 3558 3558 3556 3562 3558 3562 3561 3561 3562 3569 3561 3569 3560 3560 3569 3591 3560 3591 3581 3581 3591 3580 3581 3580 3577 3577 3580 3586 3577 3586 3578 3578 3586 3585 3578 3585 3582 3582 3585 3584 3582 3584 3583 3583 3584 3598 3583 3598 3599 3599 3598 4401 3599 4401 4400 4400 4401 4403 4400 4403 4398 4398 4403 4409 4398 4409 4407 4407 4409 4416 4407 4416 4405 4405 4416 4420 4405 4420 4408 4408 4420 4433 4408 4433 4423 4423 4433 4434 4423 4434 4424 4424 4434 4425 4424 4425 4427 4427 4425 4429 4427 4429 4428 4428 4429 4431 4428 4431 4430 4430 4431 4441 4430 4441 4494 4494 4441 4503 4494 4503 4495 4495 4503 4496 4495 4496 4498 4498 4496 4501 4498 4501 4499 4499 4501 4502 4499 4502 4500 4500 4502 4515 4500 4515 4521 4521 4515 4527 4521 4527 4519 4519 4527 4540 4519 4540 4520 4520 4540 4525 4520 4525 4526 4526 4525 4533 4526 4533 4524 4524 4533 4539 4524 4539 4779 4779 4539 4775 4779 4775 4765 4765 4775 4767 4765 4767 4769 4769 4767 4768 4769 4768 4772 4772 4768 4771 4772 4771 4774 4774 4771 4800 4774 4800 4790 4790 4800 4789 4790 4789 4791 4791 4789 4808 4791 4808 4792 4792 4808 4801 4792 4801 4796 4796 4801 4810 4796 4810 4854 4854 4810 4851 4854 4851 4843 4843 4851 5504 4843 5504 4844 3115 5443 3108 3115 3108 3098 3098 3108 3110 3098 3110 3107 3107 3110 3114 3107 3114 3109 3109 3114 3178 3109 3178 3181 3181 3178 3182 3181 3182 3189 3189 3182 3186 3189 3186 3184 3184 3186 3187 3184 3187 3183 3183 3187 3204 3183 3204 3213 3213 3204 3201 3213 3201 3200 3200 3201 3207 3200 3207 3193 3193 3207 3206 3193 3206 3205 3205 3206 3208 3205 3208 3210 3210 3208 3471 3210 3471 3461 3461 3471 3470 3461 3470 3469 3469 3470 3479 3469 3479 3462 3462 3479 3475 3462 3475 3466 3466 3475 3474 3466 3474 3467 3467 3474 3504 3467 3504 3482 3482 3504 3491 3482 3491 3489 3489 3491 3503 3489 3503 3502 3502 3503 3499 3502 3499 3488 3488 3499 3497 3488 3497 3500 3500 3497 3575 3500 3575 3501 3501 3575 3563 3501 3563 3555 3555 3563 3565 3555 3565 3556 3556 3565 3571 3556 3571 3562 3562 3571 3568 3562 3568 3569 3569 3568 3576 3569 3576 3591 3591 3576 3587 3591 3587 3580 3580 3587 3588 3580 3588 3586 3586 3588 3592 3586 3592 3585 3585 3592 3593 3585 3593 3584 3584 3593 3596 3584 3596 3598 3598 3596 4413 3598 4413 4401 4401 4413 4410 4401 4410 4403 4403 4410 4414 4403 4414 4409 4409 4414 4415 4409 4415 4416 4416 4415 4418 4416 4418 4420 4420 4418 4436 4420 4436 4433 4433 4436 4435 4433 4435 4434 4434 4435 4437 4434 4437 4425 4425 4437 4445 4425 4445 4429 4429 4445 4440 4429 4440 4431 4431 4440 4506 4431 4506 4441 4441 4506 4505 4441 4505 4503 4503 4505 4507 4503 4507 4496 4496 4507 4512 4496 4512 4501 4501 4512 4511 4501 4511 4502 4502 4511 4541 4502 4541 4515 4515 4541 4528 4515 4528 4527 4527 4528 4530 4527 4530 4540 4540 4530 4538 4540 4538 4525 4525 4538 4536 4525 4536 4533 4533 4536 4544 4533 4544 4539 4539 4544 4776 4539 4776 4775 4775 4776 4784 4775 4784 4767 4767 4784 4781 4767 4781 4768 4768 4781 4785 4768 4785 4771 4771 4785 4786 4771 4786 4800 4800 4786 4798 4800 4798 4789 4789 4798 4804 4789 4804 4808 4808 4804 4802 4808 4802 4801 4801 4802 4805 4801 4805 4810 4810 4805 4852 4810 4852 4851 4851 4852 5505 4851 5505 5504 3108 5444 3113 3108 3113 3110 3110 3113 3111 3110 3111 3114 3114 3111 3180 3114 3180 3178 3178 3180 3179 3178 3179 3182 3182 3179 3185 3182 3185 3186 3186 3185 3188 3186 3188 3187 3187 3188 3203 3187 3203 3204 3204 3203 3202 3204 3202 3201 3201 3202 3211 3201 3211 3207 3207 3211 3209 3207 3209 3206 3206 3209 3215 3206 3215 3208 3208 3215 3473 3208 3473 3471 3471 3473 3472 3471 3472 3470 3470 3472 3478 3470 3478 3479 3479 3478 3476 3479 3476 3475 3475 3476 3477 3475 3477 3474 3474 3477 3493 3474 3493 3504 3504 3493 3492 3504 3492 3491 3491 3492 3494 3491 3494 3503 3503 3494 3495 3503 3495 3499 3499 3495 3498 3499 3498 3497 3497 3498 3567 3497 3567 3575 3575 3567 3564 3575 3564 3563 3563 3564 3566 3563 3566 3565 3565 3566 3570 3565 3570 3571 3571 3570 3573 3571 3573 3568 3568 3573 3572 3568 3572 3576 3576 3572 3589 3576 3589 3587 3587 3589 3590 3587 3590 3588 3588 3590 3597 3588 3597 3592 3592 3597 3595 3592 3595 3593 3593 3595 3594 3593 3594 3596 3596 3594 4421 3596 4421 4413 4413 4421 4412 4413 4412 4410 4410 4412 4411 4410 4411 4414 4414 4411 4419 4414 4419 4415 4415 4419 4422 4415 4422 4418 4418 4422 4439 4418 4439 4436 4436 4439 4438 4436 4438 4435 4435 4438 4443 4435 4443 4437 4437 4443 4442 4437 4442 4445 4445 4442 4444 4445 4444 4440 4440 4444 4509 4440 4509 4506 4506 4509 4508 4506 4508 4505 4505 4508 4510 4505 4510 4507 4507 4510 4513 4507 4513 4512 4512 4513 4514 4512 4514 4511 4511 4514 4531 4511 4531 4541 4541 4531 4529 4541 4529 4528 4528 4529 4532 4528 4532 4530 4530 4532 4534 4530 4534 4538 4538 4534 4537 4538 4537 4536 4536 4537 4811 4536 4811 4544 4544 4811 4780 4544 4780 4776 4776 4780 4778 4776 4778 4784 4784 4778 4782 4784 4782 4781 4781 4782 4783 4781 4783 4785 4785 4783 4809 4785 4809 4786 4786 4809 4799 4786 4799 4798 4798 4799 4806 4798 4806 4804 4804 4806 4803 4804 4803 4802 4802 4803 4855 4802 4855 4805 4805 4855 4853 4805 4853 4852 3113 5445 3604 3113 3604 3111 3111 3604 3112 3111 3112 3180 3180 3112 3607 3180 3607 3179 3179 3607 3608 3179 3608 3185 3185 3608 3609 3185 3609 3188 3188 3609 3617 3188 3617 3203 3203 3617 3613 3203 3613 3202 3202 3613 3212 3202 3212 3211 3211 3212 3616 3211 3616 3209 3209 3616 3656 3209 3656 3215 3215 3656 3646 3215 3646 3473 3473 3646 3651 3473 3651 3472 3472 3651 3652 3472 3652 3478 3478 3652 3655 3478 3655 3476 3476 3655 3681 3476 3681 3477 3477 3681 3671 3477 3671 3493 3493 3671 3672 3493 3672 3492 3492 3672 3676 3492 3676 3494 3494 3676 3496 3494 3496 3495 3495 3496 3602 3495 3602 3498 3498 3602 3829 3498 3829 3567 3567 3829 3830 3567 3830 3564 3564 3830 3847 3564 3847 3566 3566 3847 3857 3566 3857 3570 3570 3857 3574 3570 3574 3573 3573 3574 3854 3573 3854 3572 3572 3854 3929 3572 3929 3589 3589 3929 3924 3589 3924 3590 3590 3924 3945 3590 3945 3597 3597 3945 3944 3597 3944 3595 3595 3944 3952 3595 3952 3594 3594 3952 4860 3594 4860 4421 4421 4860 5058 4421 5058 4412 4412 5058 4866 4412 4866 4411 4411 4866 4885 4411 4885 4419 4419 4885 4417 4419 4417 4422 4422 4417 4909 4422 4909 4439 4439 4909 4959 4439 4959 4438 4438 4959 4961 4438 4961 4443 4443 4961 4965 4443 4965 4442 4442 4965 5008 4442 5008 4444 4444 5008 4446 4444 4446 4509 4509 4446 4987 4509 4987 4508 4508 4987 4994 4508 4994 4510 4510 4994 4516 4510 4516 4513 4513 4516 4858 4513 4858 4514 4514 4858 5218 4514 5218 4531 4531 5218 5217 4531 5217 4529 4529 5217 5219 4529 5219 4532 4532 5219 4535 4532 4535 4534 4534 4535 5244 4534 5244 4537 4537 5244 5236 4537 5236 4811 4811 5236 4777 4811 4777 4780 4780 4777 4856 4780 4856 4778 4778 4856 5309 4778 5309 4782 4782 5309 5308 4782 5308 4783 4783 5308 5313 4783 5313 4809 4809 5313 5315 4809 5315 4799 4799 5315 4807 4799 4807 4806 4806 4807 5317 4806 5317 4803 4803 5317 5331 4803 5331 4855 4855 5331 5506 4855 5506 4853 3604 3605 3606 3604 3606 3112 3112 3606 3611 3112 3611 3607 3607 3611 3610 3607 3610 3608 3608 3610 3612 3608 3612 3609 3609 3612 3623 3609 3623 3617 3617 3623 3614 3617 3614 3613 3613 3614 3615 3613 3615 3212 3212 3615 3650 3212 3650 3616 3616 3650 3645 3616 3645 3656 3656 3645 3647 3656 3647 3646 3646 3647 3649 3646 3649 3651 3651 3649 3653 3651 3653 3652 3652 3653 3654 3652 3654 3655 3655 3654 3686 3655 3686 3681 3681 3686 3673 3681 3673 3671 3671 3673 3675 3671 3675 3672 3672 3675 3678 3672 3678 3676 3676 3678 3679 3676 3679 3496 3496 3679 3680 3496 3680 3602 3602 3680 3831 3602 3831 3829 3829 3831 3828 3829 3828 3830 3830 3828 3848 3830 3848 3847 3847 3848 3849 3847 3849 3857 3857 3849 3853 3857 3853 3574 3574 3853 3920 3574 3920 3854 3854 3920 3919 3854 3919 3929 3929 3919 3925 3929 3925 3924 3924 3925 3947 3924 3947 3945 3945 3947 3946 3945 3946 3944 3944 3946 3951 3944 3951 3952 3952 3951 4861 3952 4861 4860 4860 4861 4862 4860 4862 5058 5058 4862 4867 5058 4867 4866 4866 4867 4887 4866 4887 4885 4885 4887 4884 4885 4884 4417 4417 4884 4889 4417 4889 4909 4909 4889 4960 4909 4960 4959 4959 4960 4964 4959 4964 4961 4961 4964 4968 4961 4968 4965 4965 4968 4983 4965 4983 5008 5008 4983 4991 5008 4991 4446 4446 4991 4988 4446 4988 4987 4987 4988 4992 4987 4992 4994 4994 4992 5213 4994 5213 4516 4516 5213 5216 4516 5216 4858 4858 5216 5223 4858 5223 5218 5218 5223 5220 5218 5220 5217 5217 5220 5256 5217 5256 5219 5219 5256 5237 5219 5237 4535 4535 5237 5239 4535 5239 5244 5244 5239 5240 5244 5240 5236 5236 5240 5241 5236 5241 4777 4777 5241 5243 4777 5243 4856 4856 5243 5310 4856 5310 5309 5309 5310 5311 5309 5311 5308 5308 5311 5312 5308 5312 5313 5313 5312 5316 5313 5316 5315 5315 5316 5314 5315 5314 4807 4807 5314 5329 4807 5329 5317 5317 5329 5330 5317 5330 5331 3606 3630 3621 3606 3621 3611 3611 3621 3618 3611 3618 3610 3610 3618 3619 3610 3619 3612 3612 3619 3624 3612 3624 3623 3623 3624 3625 3623 3625 3614 3614 3625 3628 3614 3628 3615 3615 3628 3669 3615 3669 3650 3650 3669 3648 3650 3648 3645 3645 3648 3658 3645 3658 3647 3647 3658 3659 3647 3659 3649 3649 3659 3663 3649 3663 3653 3653 3663 3666 3653 3666 3654 3654 3666 3670 3654 3670 3686 3686 3670 3682 3686 3682 3673 3673 3682 3683 3673 3683 3675 3675 3683 3674 3675 3674 3678 3678 3674 3677 3678 3677 3679 3679 3677 3688 3679 3688 3680 3680 3688 3827 3680 3827 3831 3831 3827 3834 3831 3834 3828 3828 3834 3851 3828 3851 3848 3848 3851 3852 3848 3852 3849 3849 3852 3855 3849 3855 3853 3853 3855 3922 3853 3922 3920 3920 3922 3921 3920 3921 3919 3919 3921 3927 3919 3927 3925 3925 3927 3928 3925 3928 3947 3947 3928 3949 3947 3949 3946 3946 3949 3955 3946 3955 3951 3951 3955 4864 3951 4864 4861 4861 4864 4865 4861 4865 4862 4862 4865 4869 4862 4869 4867 4867 4869 4886 4867 4886 4887 4887 4886 4892 4887 4892 4884 4884 4892 4893 4884 4893 4889 4889 4893 4963 4889 4963 4960 4960 4963 4966 4960 4966 4964 4964 4966 4984 4964 4984 4968 4968 4984 4985 4968 4985 4983 4983 4985 4990 4983 4990 4991 4991 4990 4989 4991 4989 4988 4988 4989 5234 4988 5234 4992 4992 5234 5214 4992 5214 5213 5213 5214 5215 5213 5215 5216 5216 5215 5221 5216 5221 5223 5223 5221 5222 5223 5222 5220 5220 5222 5257 5220 5257 5256 5256 5257 5245 5256 5245 5237 5237 5245 5247 5237 5247 5239 5239 5247 5238 5239 5238 5240 5240 5238 5242 5240 5242 5241 5241 5242 5255 5241 5255 5243 5243 5255 5318 5243 5318 5310 5310 5318 5328 5310 5328 5311 5311 5328 5319 5311 5319 5312 5312 5319 5320 5312 5320 5316 5316 5320 5326 5316 5326 5314 5314 5326 5325 5314 5325 5329 3621 3622 3620 3621 3620 3618 3618 3620 3631 3618 3631 3619 3619 3631 3629 3619 3629 3624 3624 3629 3627 3624 3627 3625 3625 3627 3626 3625 3626 3628 3628 3626 3644 3628 3644 3669 3669 3644 3657 3669 3657 3648 3648 3657 3662 3648 3662 3658 3658 3662 3665 3658 3665 3659 3659 3665 3664 3659 3664 3663 3663 3664 3667 3663 3667 3666 3666 3667 3694 3666 3694 3670 3670 3694 3684 3670 3684 3682 3682 3684 3687 3682 3687 3683 3683 3687 3689 3683 3689 3674 3674 3689 3692 3674 3692 3677 3677 3692 3693 3677 3693 3688 3688 3693 3826 3688 3826 3827 3827 3826 3832 3827 3832 3834 3834 3832 3833 3834 3833 3851 3851 3833 3850 3851 3850 3852 3852 3850 3856 3852 3856 3855 3855 3856 3868 3855 3868 3922 3922 3868 3923 3922 3923 3921 3921 3923 3926 3921 3926 3927 3927 3926 3950 3927 3950 3928 3928 3950 3948 3928 3948 3949 3949 3948 3953 3949 3953 3955 3955 3953 4863 3955 4863 4864 4864 4863 4868 4864 4868 4865 4865 4868 4870 4865 4870 4869 4869 4870 4888 4869 4888 4886 4886 4888 4890 4886 4890 4892 4892 4890 4894 4892 4894 4893 4893 4894 4962 4893 4962 4963 4963 4962 4967 4963 4967 4966 4966 4967 4969 4966 4969 4984 4984 4969 4986 4984 4986 4985 4985 4986 5000 4985 5000 4990 4990 5000 4993 4990 4993 4989 4989 4993 5224 4989 5224 5234 5234 5224 5225 5234 5225 5214 5214 5225 5228 5214 5228 5215 5215 5228 5230 5215 5230 5221 5221 5230 5229 5221 5229 5222 5222 5229 5235 5222 5235 5257 5257 5235 5246 5257 5246 5245 5245 5246 5249 5245 5249 5247 5247 5249 5251 5247 5251 5238 5238 5251 5254 5238 5254 5242 5242 5254 5258 5242 5258 5255 5255 5258 5322 5255 5322 5318 5318 5322 5321 5318 5321 5328 5328 5321 5324 5328 5324 5319 5319 5324 5327 5319 5327 5320 5320 5327 5508 5320 5508 5326 5326 5508 5507 5326 5507 5325 3620 3633 3632 3620 3632 3631 3631 3632 3634 3631 3634 3629 3629 3634 3638 3629 3638 3627 3627 3638 3637 3627 3637 3626 3626 3637 3700 3626 3700 3644 3644 3700 3661 3644 3661 3657 3657 3661 3660 3657 3660 3662 3662 3660 3701 3662 3701 3665 3665 3701 3746 3665 3746 3664 3664 3746 3668 3664 3668 3667 3667 3668 3732 3667 3732 3694 3694 3732 3723 3694 3723 3684 3684 3723 3685 3684 3685 3687 3687 3685 3691 3687 3691 3689 3689 3691 3727 3689 3727 3692 3692 3727 3690 3692 3690 3693 3693 3690 3835 3693 3835 3826 3826 3835 3825 3826 3825 3832 3832 3825 3844 3832 3844 3833 3833 3844 3870 3833 3870 3850 3850 3870 3862 3850 3862 3856 3856 3862 3942 3856 3942 3868 3868 3942 3936 3868 3936 3923 3923 3936 3937 3923 3937 3926 3926 3937 3956 3926 3956 3950 3950 3956 3965 3950 3965 3948 3948 3965 3954 3948 3954 3953 3953 3954 4872 3953 4872 4863 4863 4872 4883 4863 4883 4868 4868 4883 4881 4868 4881 4870 4870 4881 4895 4870 4895 4888 4888 4895 4907 4888 4907 4890 4890 4907 4891 4890 4891 4894 4894 4891 4973 4894 4973 4962 4962 4973 4970 4962 4970 4967 4967 4970 4976 4967 4976 4969 4969 4976 4995 4969 4995 4986 4986 4995 4996 4986 4996 5000 5000 4996 5007 5000 5007 4993 4993 5007 5259 4993 5259 5224 5224 5259 5226 5224 5226 5225 5225 5226 5227 5225 5227 5228 5228 5227 5232 5228 5232 5230 5230 5232 5231 5230 5231 5229 5229 5231 5233 5229 5233 5235 5235 5233 5248 5235 5248 5246 5246 5248 5250 5246 5250 5249 5249 5250 5253 5249 5253 5251 5251 5253 5252 5251 5252 5254 5254 5252 5293 5254 5293 5258 5258 5293 5340 5258 5340 5322 5322 5340 5323 5322 5323 5321 5321 5323 5335 5321 5335 5324 5324 5335 5337 5324 5337 5327 5327 5337 5338 5327 5338 5508 3632 3635 3636 3632 3636 3634 3634 3636 3639 3634 3639 3638 3638 3639 3640 3638 3640 3637 3637 3640 3696 3637 3696 3700 3700 3696 3695 3700 3695 3661 3661 3695 3697 3661 3697 3660 3660 3697 3704 3660 3704 3701 3701 3704 3702 3701 3702 3746 3746 3702 3706 3746 3706 3668 3668 3706 3721 3668 3721 3732 3732 3721 3722 3732 3722 3723 3723 3722 3728 3723 3728 3685 3685 3728 3729 3685 3729 3691 3691 3729 3726 3691 3726 3727 3727 3726 3846 3727 3846 3690 3690 3846 3836 3690 3836 3835 3835 3836 3841 3835 3841 3825 3825 3841 3860 3825 3860 3844 3844 3860 3864 3844 3864 3870 3870 3864 3863 3870 3863 3862 3862 3863 3930 3862 3930 3942 3942 3930 3931 3942 3931 3936 3936 3931 3943 3936 3943 3937 3937 3943 3957 3937 3957 3956 3956 3957 3958 3956 3958 3965 3965 3958 3960 3965 3960 3954 3954 3960 4871 3954 4871 4872 4872 4871 4873 4872 4873 4883 4883 4873 4876 4883 4876 4881 4881 4876 4896 4881 4896 4895 4895 4896 4902 4895 4902 4907 4907 4902 4901 4907 4901 4891 4891 4901 4971 4891 4971 4973 4973 4971 4972 4973 4972 4970 4970 4972 4977 4970 4977 4976 4976 4977 4998 4976 4998 4995 4995 4998 4999 4995 4999 4996 4996 4999 5003 4996 5003 5007 5007 5003 5260 5007 5260 5259 5259 5260 5307 5259 5307 5226 5226 5307 5263 5226 5263 5227 5227 5263 5265 5227 5265 5232 5232 5265 5266 5232 5266 5231 5231 5266 5270 5231 5270 5233 5233 5270 5271 5233 5271 5248 5248 5271 5295 5248 5295 5250 5250 5295 5289 5250 5289 5253 5253 5289 5288 5253 5288 5252 5252 5288 5290 5252 5290 5293 5293 5290 5333 5293 5333 5340 5340 5333 5332 5340 5332 5323 5323 5332 5339 5323 5339 5335 5335 5339 5336 5335 5336 5337 3636 5446 3641 3636 3641 3639 3639 3641 3643 3639 3643 3640 3640 3643 3708 3640 3708 3696 3696 3708 3698 3696 3698 3695 3695 3698 3699 3695 3699 3697 3697 3699 3705 3697 3705 3704 3704 3705 3703 3704 3703 3702 3702 3703 3718 3702 3718 3706 3706 3718 3725 3706 3725 3721 3721 3725 3724 3721 3724 3722 3722 3724 3731 3722 3731 3728 3728 3731 3730 3728 3730 3729 3729 3730 3738 3729 3738 3726 3726 3738 3838 3726 3838 3846 3846 3838 3837 3846 3837 3836 3836 3837 3843 3836 3843 3841 3841 3843 3859 3841 3859 3860 3860 3859 3861 3860 3861 3864 3864 3861 3865 3864 3865 3863 3863 3865 3932 3863 3932 3930 3930 3932 3935 3930 3935 3931 3931 3935 3940 3931 3940 3943 3943 3940 3959 3943 3959 3957 3957 3959 3961 3957 3961 3958 3958 3961 3962 3958 3962 3960 3960 3962 4958 3960 4958 4871 4871 4958 4880 4871 4880 4873 4873 4880 4899 4873 4899 4876 4876 4899 4900 4876 4900 4896 4896 4900 4904 4896 4904 4902 4902 4904 4905 4902 4905 4901 4901 4905 4975 4901 4975 4971 4971 4975 4974 4971 4974 4972 4972 4974 4978 4972 4978 4977 4977 4978 5006 4977 5006 4998 4998 5006 5004 4998 5004 4999 4999 5004 5002 4999 5002 5003 5003 5002 5262 5003 5262 5260 5260 5262 5261 5260 5261 5307 5307 5261 5264 5307 5264 5263 5263 5264 5268 5263 5268 5265 5265 5268 5267 5265 5267 5266 5266 5267 5269 5266 5269 5270 5270 5269 5284 5270 5284 5271 5271 5284 5286 5271 5286 5295 5295 5286 5287 5295 5287 5289 5289 5287 5291 5289 5291 5288 5288 5291 5292 5288 5292 5290 5290 5292 5334 5290 5334 5333 5333 5334 5341 5333 5341 5332 5332 5341 5494 5332 5494 5339 5339 5494 5495 5339 5495 5336 5446 5447 5448 5446 5448 3641 3641 5448 3642 3641 3642 3643 3643 3642 3719 3643 3719 3708 3708 3719 3707 3708 3707 3698 3698 3707 3711 3698 3711 3699 3699 3711 3717 3699 3717 3705 3705 3717 3713 3705 3713 3703 3703 3713 3733 3703 3733 3718 3718 3733 3734 3718 3734 3725 3725 3734 3735 3725 3735 3724 3724 3735 3741 3724 3741 3731 3731 3741 3739 3731 3739 3730 3730 3739 3744 3730 3744 3738 3738 3744 3745 3738 3745 3838 3838 3745 3840 3838 3840 3837 3837 3840 3842 3837 3842 3843 3843 3842 3871 3843 3871 3859 3859 3871 3858 3859 3858 3861 3861 3858 3866 3861 3866 3865 3865 3866 3933 3865 3933 3932 3932 3933 3938 3932 3938 3935 3935 3938 3941 3935 3941 3940 3940 3941 3966 3940 3966 3959 3959 3966 3964 3959 3964 3961 3961 3964 4874 3961 4874 3962 3962 4874 4875 3962 4875 4958 4958 4875 4877 4958 4877 4880 4880 4877 4879 4880 4879 4899 4899 4879 4898 4899 4898 4900 4900 4898 4897 4900 4897 4904 4904 4897 4903 4904 4903 4905 4905 4903 4982 4905 4982 4975 4975 4982 4980 4975 4980 4974 4974 4980 4979 4974 4979 4978 4978 4979 4997 4978 4997 5006 5006 4997 5005 5006 5005 5004 5004 5005 5001 5004 5001 5002 5002 5001 5283 5002 5283 5262 5262 5283 5272 5262 5272 5261 5261 5272 5276 5261 5276 5264 5264 5276 5277 5264 5277 5268 5268 5277 5281 5268 5281 5267 5267 5281 5282 5267 5282 5269 5269 5282 5304 5269 5304 5284 5284 5304 5285 5284 5285 5286 5286 5285 5294 5286 5294 5287 5287 5294 5300 5287 5300 5291 5291 5300 5299 5291 5299 5292 5292 5299 5344 5292 5344 5334 5334 5344 5492 5334 5492 5341 5341 5492 5493 5341 5493 5494 5448 5449 5450 5448 5450 3642 3642 5450 3710 3642 3710 3719 3719 3710 3709 3719 3709 3707 3707 3709 3712 3707 3712 3711 3711 3712 3714 3711 3714 3717 3717 3714 3715 3717 3715 3713 3713 3715 3720 3713 3720 3733 3733 3720 3736 3733 3736 3734 3734 3736 3743 3734 3743 3735 3735 3743 3737 3735 3737 3741 3741 3737 3740 3741 3740 3739 3739 3740 3742 3739 3742 3744 3744 3742 3839 3744 3839 3745 3745 3839 3872 3745 3872 3840 3840 3872 3918 3840 3918 3842 3842 3918 3845 3842 3845 3871 3871 3845 3869 3871 3869 3858 3858 3869 3867 3858 3867 3866 3866 3867 3934 3866 3934 3933 3933 3934 3967 3933 3967 3938 3938 3967 3939 3938 3939 3941 3941 3939 3974 3941 3974 3966 3966 3974 4005 3966 4005 3964 3964 4005 3963 3964 3963 4874 4874 3963 4911 4874 4911 4875 4875 4911 4882 4875 4882 4877 4877 4882 4878 4877 4878 4879 4879 4878 4908 4879 4908 4898 4898 4908 4942 4898 4942 4897 4897 4942 4906 4897 4906 4903 4903 4906 5010 4903 5010 4982 4982 5010 4981 4982 4981 4980 4980 4981 5019 4980 5019 4979 4979 5019 5043 4979 5043 4997 4997 5043 5032 4997 5032 5005 5005 5032 5039 5005 5039 5001 5001 5039 5275 5001 5275 5283 5283 5275 5273 5283 5273 5272 5272 5273 5274 5272 5274 5276 5276 5274 5279 5276 5279 5277 5277 5279 5278 5277 5278 5281 5281 5278 5305 5281 5305 5282 5282 5305 5297 5282 5297 5304 5304 5297 5296 5304 5296 5285 5285 5296 5302 5285 5302 5294 5294 5302 5301 5294 5301 5300 5300 5301 5306 5300 5306 5299 5299 5306 5343 5299 5343 5344 5344 5343 5342 5344 5342 5492 5450 5451 3747 5450 3747 3710 3710 3747 3748 3710 3748 3709 3709 3748 3751 3709 3751 3712 3712 3751 3753 3712 3753 3714 3714 3753 3716 3714 3716 3715 3715 3716 3752 3715 3752 3720 3720 3752 3767 3720 3767 3736 3736 3767 3771 3736 3771 3743 3743 3771 3790 3743 3790 3737 3737 3790 3789 3737 3789 3740 3740 3789 3794 3740 3794 3742 3742 3794 3824 3742 3824 3839 3839 3824 3873 3839 3873 3872 3872 3873 3877 3872 3877 3918 3918 3877 3896 3918 3896 3845 3845 3896 3899 3845 3899 3869 3869 3899 3900 3869 3900 3867 3867 3900 3971 3867 3971 3934 3934 3971 3968 3934 3968 3967 3967 3968 3973 3967 3973 3939 3939 3973 3993 3939 3993 3974 3974 3993 3995 3974 3995 4005 4005 3995 3999 4005 3999 3963 3963 3999 4910 3963 4910 4911 4911 4910 4912 4911 4912 4882 4882 4912 4917 4882 4917 4878 4878 4917 4933 4878 4933 4908 4908 4933 4935 4908 4935 4942 4942 4935 4937 4942 4937 4906 4906 4937 5009 4906 5009 5010 5010 5009 5011 5010 5011 4981 4981 5011 5014 4981 5014 5019 5019 5014 5034 5019 5034 5043 5043 5034 5033 5043 5033 5032 5032 5033 5038 5032 5038 5039 5039 5038 5041 5039 5041 5275 5275 5041 5352 5275 5352 5273 5273 5352 5417 5273 5417 5274 5274 5417 5280 5274 5280 5279 5279 5280 5373 5279 5373 5278 5278 5373 5391 5278 5391 5305 5305 5391 5298 5305 5298 5297 5297 5298 5303 5297 5303 5296 5296 5303 5401 5296 5401 5302 5302 5401 5406 5302 5406 5301 5301 5406 5414 5301 5414 5306 5306 5414 5491 5306 5491 5343 3747 5452 3749 3747 3749 3748 3748 3749 3750 3748 3750 3751 3751 3750 3756 3751 3756 3753 3753 3756 3754 3753 3754 3716 3716 3754 3755 3716 3755 3752 3752 3755 3768 3752 3768 3767 3767 3768 3772 3767 3772 3771 3771 3772 3777 3771 3777 3790 3790 3777 3791 3790 3791 3789 3789 3791 3795 3789 3795 3794 3794 3795 3797 3794 3797 3824 3824 3797 3876 3824 3876 3873 3873 3876 3878 3873 3878 3877 3877 3878 3897 3877 3897 3896 3896 3897 3895 3896 3895 3899 3899 3895 3901 3899 3901 3900 3900 3901 3970 3900 3970 3971 3971 3970 3969 3971 3969 3968 3968 3969 3976 3968 3976 3973 3973 3976 3997 3973 3997 3993 3993 3997 3998 3993 3998 3995 3995 3998 4002 3995 4002 3999 3999 4002 4003 3999 4003 4910 4910 4003 4915 4910 4915 4912 4912 4915 4916 4912 4916 4917 4917 4916 4934 4917 4934 4933 4933 4934 4940 4933 4940 4935 4935 4940 4939 4935 4939 4937 4937 4939 5031 4937 5031 5009 5009 5031 5013 5009 5013 5011 5011 5013 5017 5011 5017 5014 5014 5017 5016 5014 5016 5034 5034 5016 5036 5034 5036 5033 5033 5036 5040 5033 5040 5038 5038 5040 5345 5038 5345 5041 5041 5345 5353 5041 5353 5352 5352 5353 5367 5352 5367 5417 5417 5367 5368 5417 5368 5280 5280 5368 5372 5280 5372 5373 5373 5372 5374 5373 5374 5391 5391 5374 5396 5391 5396 5298 5298 5396 5404 5298 5404 5303 5303 5404 5400 5303 5400 5401 5401 5400 5405 5401 5405 5406 5406 5405 5490 5406 5490 5414 3749 5453 3758 3749 3758 3750 3750 3758 3757 3750 3757 3756 3756 3757 3759 3756 3759 3754 3754 3759 3760 3754 3760 3755 3755 3760 3770 3755 3770 3768 3768 3770 3776 3768 3776 3772 3772 3776 3773 3772 3773 3777 3777 3773 3792 3777 3792 3791 3791 3792 3796 3791 3796 3795 3795 3796 3893 3795 3893 3797 3797 3893 3874 3797 3874 3876 3876 3874 3880 3876 3880 3878 3878 3880 3881 3878 3881 3897 3897 3881 3898 3897 3898 3895 3895 3898 3902 3895 3902 3901 3901 3902 3904 3901 3904 3970 3970 3904 3972 3970 3972 3969 3969 3972 3975 3969 3975 3976 3976 3975 3994 3976 3994 3997 3997 3994 3996 3997 3996 3998 3998 3996 4000 3998 4000 4002 4002 4000 4913 4002 4913 4003 4003 4913 4920 4003 4920 4915 4915 4920 4918 4915 4918 4916 4916 4918 4936 4916 4936 4934 4934 4936 4938 4934 4938 4940 4940 4938 4941 4940 4941 4939 4939 4941 5012 4939 5012 5031 5031 5012 5018 5031 5018 5013 5013 5018 5015 5013 5015 5017 5017 5015 5037 5017 5037 5016 5016 5037 5042 5016 5042 5036 5036 5042 5035 5036 5035 5040 5040 5035 5350 5040 5350 5345 5345 5350 5354 5345 5354 5353 5353 5354 5355 5353 5355 5367 5367 5355 5371 5367 5371 5368 5368 5371 5376 5368 5376 5372 5372 5376 5398 5372 5398 5374 5374 5398 5399 5374 5399 5396 5396 5399 5403 5396 5403 5404 5404 5403 5402 5404 5402 5400 5400 5402 5489 5400 5489 5405 3758 5454 3761 3758 3761 3757 3757 3761 3763 3757 3763 3759 3759 3763 3762 3759 3762 3760 3760 3762 3769 3760 3769 3770 3770 3769 3774 3770 3774 3776 3776 3774 3775 3776 3775 3773 3773 3775 3793 3773 3793 3792 3792 3793 3798 3792 3798 3796 3796 3798 3811 3796 3811 3893 3893 3811 3875 3893 3875 3874 3874 3875 3879 3874 3879 3880 3880 3879 3894 3880 3894 3881 3881 3894 3905 3881 3905 3898 3898 3905 3903 3898 3903 3902 3902 3903 3983 3902 3983 3904 3904 3983 3978 3904 3978 3972 3972 3978 3977 3972 3977 3975 3975 3977 4007 3975 4007 3994 3994 4007 4004 3994 4004 3996 3996 4004 4001 3996 4001 4000 4000 4001 4914 4000 4914 4913 4913 4914 4921 4913 4921 4920 4920 4921 4919 4920 4919 4918 4918 4919 4944 4918 4944 4936 4936 4944 4956 4936 4956 4938 4938 4956 4950 4938 4950 4941 4941 4950 5020 4941 5020 5012 5012 5020 5024 5012 5024 5018 5018 5024 5027 5018 5027 5015 5015 5027 5048 5015 5048 5037 5037 5048 5044 5037 5044 5042 5042 5044 5051 5042 5051 5035 5035 5051 5347 5035 5347 5350 5350 5347 5351 5350 5351 5354 5354 5351 5369 5354 5369 5355 5355 5369 5377 5355 5377 5371 5371 5377 5375 5371 5375 5376 5376 5375 5407 5376 5407 5398 5398 5407 5413 5398 5413 5399 5399 5413 5397 5399 5397 5403 5403 5397 5412 5403 5412 5402 3761 5455 3765 3761 3765 3763 3763 3765 3766 3763 3766 3762 3762 3766 3778 3762 3778 3769 3769 3778 3787 3769 3787 3774 3774 3787 3788 3774 3788 3775 3775 3788 3810 3775 3810 3793 3793 3810 3799 3793 3799 3798 3798 3799 3804 3798 3804 3811 3811 3804 3892 3811 3892 3875 3875 3892 3887 3875 3887 3879 3879 3887 3909 3879 3909 3894 3894 3909 3907 3894 3907 3905 3905 3907 3912 3905 3912 3903 3903 3912 3982 3903 3982 3983 3983 3982 3985 3983 3985 3978 3978 3985 3986 3978 3986 3977 3977 3986 4006 3977 4006 4007 4007 4006 4012 4007 4012 4004 4004 4012 4013 4004 4013 4001 4001 4013 4923 4001 4923 4914 4914 4923 4924 4914 4924 4921 4921 4924 4928 4921 4928 4919 4919 4928 4943 4919 4943 4944 4944 4943 4949 4944 4949 4956 4956 4949 4948 4956 4948 4950 4950 4948 5021 4950 5021 5020 5020 5021 5025 5020 5025 5024 5024 5025 5026 5024 5026 5027 5027 5026 5049 5027 5049 5048 5048 5049 5046 5048 5046 5044 5044 5046 5050 5044 5050 5051 5051 5050 5346 5051 5346 5347 5347 5346 5349 5347 5349 5351 5351 5349 5379 5351 5379 5369 5369 5379 5370 5369 5370 5377 5377 5370 5389 5377 5389 5375 5375 5389 5410 5375 5410 5407 5407 5410 5408 5407 5408 5413 5413 5408 5411 5413 5411 5397 3765 5456 3764 3765 3764 3766 3766 3764 3779 3766 3779 3778 3778 3779 3782 3778 3782 3787 3787 3782 3783 3787 3783 3788 3788 3783 3800 3788 3800 3810 3810 3800 3806 3810 3806 3799 3799 3806 3886 3799 3886 3804 3804 3886 3882 3804 3882 3892 3892 3882 3888 3892 3888 3887 3887 3888 3906 3887 3906 3909 3909 3906 3908 3909 3908 3907 3907 3908 3913 3907 3913 3912 3912 3913 3992 3912 3992 3982 3982 3992 3980 3982 3980 3985 3985 3980 3987 3985 3987 3986 3986 3987 4008 3986 4008 4006 4006 4008 4014 4006 4014 4012 4012 4014 4015 4012 4015 4013 4013 4015 4922 4013 4922 4923 4923 4922 4926 4923 4926 4924 4924 4926 4927 4924 4927 4928 4928 4927 4932 4928 4932 4943 4943 4932 4947 4943 4947 4949 4949 4947 4954 4949 4954 4948 4948 4954 4953 4948 4953 5021 5021 4953 5023 5021 5023 5025 5025 5023 5028 5025 5028 5026 5026 5028 5045 5026 5045 5049 5049 5045 5052 5049 5052 5046 5046 5052 5053 5046 5053 5050 5050 5053 5348 5050 5348 5346 5346 5348 5356 5346 5356 5349 5349 5356 5380 5349 5380 5379 5379 5380 5378 5379 5378 5370 5370 5378 5384 5370 5384 5389 5389 5384 5415 5389 5415 5410 5410 5415 5409 5410 5409 5408 5408 5409 5488 5408 5488 5411 3764 5457 3780 3764 3780 3779 3779 3780 3785 3779 3785 3782 3782 3785 3803 3782 3803 3783 3783 3803 3801 3783 3801 3800 3800 3801 3805 3800 3805 3806 3806 3805 3884 3806 3884 3886 3886 3884 3885 3886 3885 3882 3882 3885 3890 3882 3890 3888 3888 3890 3891 3888 3891 3906 3906 3891 3911 3906 3911 3908 3908 3911 3914 3908 3914 3913 3913 3914 3979 3913 3979 3992 3992 3979 3984 3992 3984 3980 3980 3984 3988 3980 3988 3987 3987 3988 4010 3987 4010 4008 4008 4010 4016 4008 4016 4014 4014 4016 4018 4014 4018 4015 4015 4018 5418 4015 5418 4922 4922 5418 4930 4922 4930 4926 4926 4930 4929 4926 4929 4927 4927 4929 4946 4927 4946 4932 4932 4946 4945 4932 4945 4947 4947 4945 4951 4947 4951 4954 4954 4951 5022 4954 5022 4953 4953 5022 5029 4953 5029 5023 5023 5029 5030 5023 5030 5028 5028 5030 5047 5028 5047 5045 5045 5047 5054 5045 5054 5052 5052 5054 5055 5052 5055 5053 5053 5055 5357 5053 5357 5348 5348 5357 5360 5348 5360 5356 5356 5360 5366 5356 5366 5380 5380 5366 5388 5380 5388 5378 5378 5388 5387 5378 5387 5384 5384 5387 5416 5384 5416 5415 5415 5416 5487 5415 5487 5409 3780 3781 3784 3780 3784 3785 3785 3784 3786 3785 3786 3803 3803 3786 3802 3803 3802 3801 3801 3802 3808 3801 3808 3805 3805 3808 3807 3805 3807 3884 3884 3807 3883 3884 3883 3885 3885 3883 3889 3885 3889 3890 3890 3889 3916 3890 3916 3891 3891 3916 3910 3891 3910 3911 3911 3910 3915 3911 3915 3914 3914 3915 3981 3914 3981 3979 3979 3981 3990 3979 3990 3984 3984 3990 3991 3984 3991 3988 3988 3991 4009 3988 4009 4010 4010 4009 4011 4010 4011 4016 4016 4011 4019 4016 4019 4018 4018 4019 4931 4018 4931 5418 5418 4931 5211 5418 5211 4930 4930 5211 4925 4930 4925 4929 4929 4925 4957 4929 4957 4946 4946 4957 4955 4946 4955 4945 4945 4955 4952 4945 4952 4951 4951 4952 5057 4951 5057 5022 5022 5057 5146 5022 5146 5029 5029 5146 5056 5029 5056 5030 5030 5056 5166 5030 5166 5047 5047 5166 5176 5047 5176 5054 5054 5176 5172 5054 5172 5055 5055 5172 5358 5055 5358 5357 5357 5358 5361 5357 5361 5360 5360 5361 5363 5360 5363 5366 5366 5363 5383 5366 5383 5388 5388 5383 5385 5388 5385 5387 5387 5385 5486 5387 5486 5416 3781 5458 3822 3781 3822 3784 3784 3822 3823 3784 3823 3786 3786 3823 3813 3786 3813 3802 3802 3813 3809 3802 3809 3808 3808 3809 4150 3808 4150 3807 3807 4150 4020 3807 4020 3883 3883 4020 4023 3883 4023 3889 3889 4023 4028 3889 4028 3916 3916 4028 4055 3916 4055 3910 3910 4055 3917 3910 3917 3915 3915 3917 4068 3915 4068 3981 3981 4068 4049 3981 4049 3990 3990 4049 3989 3990 3989 3991 3991 3989 4017 3991 4017 4009 4009 4017 4106 4009 4106 4011 4011 4106 4112 4011 4112 4019 4019 4112 5059 4019 5059 4931 4931 5059 5064 4931 5064 5211 5211 5064 5063 5211 5063 4925 4925 5063 5082 4925 5082 4957 4957 5082 5088 4957 5088 4955 4955 5088 5151 4955 5151 4952 4952 5151 5142 4952 5142 5057 5057 5142 5145 5057 5145 5146 5146 5145 5148 5146 5148 5056 5056 5148 5165 5056 5165 5166 5166 5165 5177 5166 5177 5176 5176 5177 5171 5176 5171 5172 5172 5171 5359 5172 5359 5358 5358 5359 5364 5358 5364 5361 5361 5364 5390 5361 5390 5363 5363 5390 5381 5363 5381 5383 5383 5381 5386 5383 5386 5385 3822 5459 3812 3822 3812 3823 3823 3812 3814 3823 3814 3813 3813 3814 3815 3813 3815 3809 3809 3815 4022 3809 4022 4150 4150 4022 4021 4150 4021 4020 4020 4021 4026 4020 4026 4023 4023 4026 4027 4023 4027 4028 4028 4027 4044 4028 4044 4055 4055 4044 4052 4055 4052 3917 3917 4052 4048 3917 4048 4068 4068 4048 4053 4068 4053 4049 4049 4053 4086 4049 4086 3989 3989 4086 4107 3989 4107 4017 4017 4107 4108 4017 4108 4106 4106 4108 4111 4106 4111 4112 4112 4111 5062 4112 5062 5059 5059 5062 5065 5059 5065 5064 5064 5065 5086 5064 5086 5063 5063 5086 5090 5063 5090 5082 5082 5090 5089 5082 5089 5088 5088 5089 5144 5088 5144 5151 5151 5144 5141 5151 5141 5142 5142 5141 5149 5142 5149 5145 5145 5149 5147 5145 5147 5148 5148 5147 5169 5148 5169 5165 5165 5169 5170 5165 5170 5177 5177 5170 5175 5177 5175 5171 5171 5175 5174 5171 5174 5359 5359 5174 5362 5359 5362 5364 5364 5362 5365 5364 5365 5390 5390 5365 5382 5390 5382 5381 3812 5460 3816 3812 3816 3814 3814 3816 3817 3814 3817 3815 3815 3817 3820 3815 3820 4022 4022 3820 4024 4022 4024 4021 4021 4024 4032 4021 4032 4026 4026 4032 4045 4026 4045 4027 4027 4045 4047 4027 4047 4044 4044 4047 4051 4044 4051 4052 4052 4051 4050 4052 4050 4048 4048 4050 4082 4048 4082 4053 4053 4082 4087 4053 4087 4086 4086 4087 4088 4086 4088 4107 4107 4088 4110 4107 4110 4108 4108 4110 4114 4108 4114 4111 4111 4114 5060 4111 5060 5062 5062 5060 5066 5062 5066 5065 5065 5066 5083 5065 5083 5086 5086 5083 5087 5086 5087 5090 5090 5087 5092 5090 5092 5089 5089 5092 5152 5089 5152 5144 5144 5152 5143 5144 5143 5141 5141 5143 5150 5141 5150 5149 5149 5150 5190 5149 5190 5147 5147 5190 5168 5147 5168 5169 5169 5168 5167 5169 5167 5170 5170 5167 5173 5170 5173 5175 5175 5173 5393 5175 5393 5174 5174 5393 5394 5174 5394 5362 5362 5394 5395 5362 5395 5365 3816 5461 3818 3816 3818 3817 3817 3818 3821 3817 3821 3820 3820 3821 4025 3820 4025 4024 4024 4025 4029 4024 4029 4032 4032 4029 4031 4032 4031 4045 4045 4031 4046 4045 4046 4047 4047 4046 4054 4047 4054 4051 4051 4054 4060 4051 4060 4050 4050 4060 4084 4050 4084 4082 4082 4084 4090 4082 4090 4087 4087 4090 4091 4087 4091 4088 4088 4091 4109 4088 4109 4110 4110 4109 4113 4110 4113 4114 4114 4113 5069 4114 5069 5060 5060 5069 5067 5060 5067 5066 5066 5067 5084 5066 5084 5083 5083 5084 5085 5083 5085 5087 5087 5085 5091 5087 5091 5092 5092 5091 5164 5092 5164 5152 5152 5164 5163 5152 5163 5143 5143 5163 5156 5143 5156 5150 5150 5156 5160 5150 5160 5190 5190 5160 5179 5190 5179 5168 5168 5179 5184 5168 5184 5167 5167 5184 5183 5167 5183 5173 5173 5183 5392 5173 5392 5393 5393 5392 5485 5393 5485 5394 3818 5462 3819 3818 3819 3821 3821 3819 4042 3821 4042 4025 4025 4042 4030 4025 4030 4029 4029 4030 4037 4029 4037 4031 4031 4037 4056 4031 4056 4046 4046 4056 4061 4046 4061 4054 4054 4061 4067 4054 4067 4060 4060 4067 4083 4060 4083 4084 4084 4083 4085 4084 4085 4090 4090 4085 4089 4090 4089 4091 4091 4089 4115 4091 4115 4109 4109 4115 4124 4109 4124 4113 4113 4124 5061 4113 5061 5069 5069 5061 5068 5069 5068 5067 5067 5068 5081 5067 5081 5084 5084 5081 5104 5084 5104 5085 5085 5104 5097 5085 5097 5091 5091 5097 5153 5091 5153 5164 5164 5153 5155 5164 5155 5163 5163 5155 5157 5163 5157 5156 5156 5157 5158 5156 5158 5160 5160 5158 5178 5160 5178 5179 5179 5178 5188 5179 5188 5184 5184 5188 5186 5184 5186 5183 5183 5186 5483 5183 5483 5392 5392 5483 5484 5392 5484 5485 3819 4035 4033 3819 4033 4042 4042 4033 4036 4042 4036 4030 4030 4036 4043 4030 4043 4037 4037 4043 4057 4037 4057 4056 4056 4057 4062 4056 4062 4061 4061 4062 4063 4061 4063 4067 4067 4063 4103 4067 4103 4083 4083 4103 4092 4083 4092 4085 4085 4092 4104 4085 4104 4089 4089 4104 4125 4089 4125 4115 4115 4125 4120 4115 4120 4124 4124 4120 5079 4124 5079 5061 5061 5079 5080 5061 5080 5068 5068 5080 5072 5068 5072 5081 5081 5072 5098 5081 5098 5104 5104 5098 5099 5104 5099 5097 5097 5099 5154 5097 5154 5153 5153 5154 5161 5153 5161 5155 5155 5161 5159 5155 5159 5157 5157 5159 5182 5157 5182 5158 5158 5182 5181 5158 5181 5178 5178 5181 5185 5178 5185 5188 5188 5185 5187 5188 5187 5186 5186 5187 5482 5186 5482 5483 4033 4034 4041 4033 4041 4036 4036 4041 4038 4036 4038 4043 4043 4038 4058 4043 4058 4057 4057 4058 4065 4057 4065 4062 4062 4065 4064 4062 4064 4063 4063 4064 4093 4063 4093 4103 4103 4093 4096 4103 4096 4092 4092 4096 4105 4092 4105 4104 4104 4105 4116 4104 4116 4125 4125 4116 4122 4125 4122 4120 4120 4122 5140 4120 5140 5079 5079 5140 5076 5079 5076 5080 5080 5076 5094 5080 5094 5072 5072 5094 5095 5072 5095 5098 5098 5095 5103 5098 5103 5099 5099 5103 5194 5099 5194 5154 5154 5194 5162 5154 5162 5161 5161 5162 5196 5161 5196 5159 5159 5196 5201 5159 5201 5182 5182 5201 5180 5182 5180 5181 5181 5180 5189 5181 5189 5185 5185 5189 5481 5185 5481 5187 4041 4040 4039 4041 4039 4038 4038 4039 4059 4038 4059 4058 4058 4059 4066 4058 4066 4065 4065 4066 4075 4065 4075 4064 4064 4075 4094 4064 4094 4093 4093 4094 4101 4093 4101 4096 4096 4101 4100 4096 4100 4105 4105 4100 4118 4105 4118 4116 4116 4118 4151 4116 4151 4122 4122 4151 5070 4122 5070 5140 5140 5070 5073 5140 5073 5076 5076 5073 5075 5076 5075 5094 5094 5075 5096 5094 5096 5095 5095 5096 5100 5095 5100 5103 5103 5100 5101 5103 5101 5194 5194 5101 5191 5194 5191 5162 5162 5191 5195 5162 5195 5196 5196 5195 5202 5196 5202 5201 5201 5202 5210 5201 5210 5180 5180 5210 5480 5180 5480 5189 4039 4069 4070 4039 4070 4059 4059 4070 4078 4059 4078 4066 4066 4078 4074 4066 4074 4075 4075 4074 4095 4075 4095 4094 4094 4095 4098 4094 4098 4101 4101 4098 4097 4101 4097 4100 4100 4097 4117 4100 4117 4118 4118 4117 4121 4118 4121 4151 4151 4121 5071 4151 5071 5070 5070 5071 5074 5070 5074 5073 5073 5074 5077 5073 5077 5075 5075 5077 5093 5075 5093 5096 5096 5093 5102 5096 5102 5100 5100 5102 5192 5100 5192 5101 5101 5192 5193 5101 5193 5191 5191 5193 5199 5191 5199 5195 5195 5199 5200 5195 5200 5202 5202 5200 5479 5202 5479 5210 4070 4073 4071 4070 4071 4078 4078 4071 4080 4078 4080 4074 4074 4080 4081 4074 4081 4095 4095 4081 4099 4095 4099 4098 4098 4099 4102 4098 4102 4097 4097 4102 4119 4097 4119 4117 4117 4119 4123 4117 4123 4121 4121 4123 5106 4121 5106 5071 5071 5106 5078 5071 5078 5074 5074 5078 5105 5074 5105 5077 5077 5105 5121 5077 5121 5093 5093 5121 5128 5093 5128 5102 5102 5128 5205 5102 5205 5192 5192 5205 5197 5192 5197 5193 5193 5197 5198 5193 5198 5199 5199 5198 5478 5199 5478 5200 4073 5463 4072 4073 4072 4071 4071 4072 4077 4071 4077 4080 4080 4077 4127 4080 4127 4081 4081 4127 4130 4081 4130 4099 4099 4130 4134 4099 4134 4102 4102 4134 4136 4102 4136 4119 4119 4136 4142 4119 4142 4123 4123 4142 4149 4123 4149 5106 5106 4149 5111 5106 5111 5078 5078 5111 5122 5078 5122 5105 5105 5122 5123 5105 5123 5121 5121 5123 5129 5121 5129 5128 5128 5129 5206 5128 5206 5205 5205 5206 5208 5205 5208 5197 5197 5208 5207 5197 5207 5198 4072 5464 4076 4072 4076 4077 4077 4076 4126 4077 4126 4127 4127 4126 4129 4127 4129 4130 4130 4129 4131 4130 4131 4134 4134 4131 4135 4134 4135 4136 4136 4135 4141 4136 4141 4142 4142 4141 5109 4142 5109 4149 4149 5109 5114 4149 5114 5111 5111 5114 5124 5111 5124 5122 5122 5124 5127 5122 5127 5123 5123 5127 5132 5123 5132 5129 5129 5132 5204 5129 5204 5206 5206 5204 5203 5206 5203 5208 5208 5203 5477 5208 5477 5207 4076 4079 5465 4076 5465 4126 4126 5465 4128 4126 4128 4129 4129 4128 4132 4129 4132 4131 4131 4132 4144 4131 4144 4135 4135 4144 4143 4135 4143 4141 4141 4143 5107 4141 5107 5109 5109 5107 5112 5109 5112 5114 5114 5112 5126 5114 5126 5124 5124 5126 5125 5124 5125 5127 5127 5125 5130 5127 5130 5132 5132 5130 5209 5132 5209 5204 5204 5209 5476 5204 5476 5203 5465 5466 5467 5465 5467 4128 4128 5467 4133 4128 4133 4132 4132 4133 4139 4132 4139 4144 4144 4139 4145 4144 4145 4143 4143 4145 5108 4143 5108 5107 5107 5108 5110 5107 5110 5112 5112 5110 5133 5112 5133 5126 5126 5133 5139 5126 5139 5125 5125 5139 5131 5125 5131 5130 5130 5131 5475 5130 5475 5209 5467 5468 4137 5467 4137 4133 4133 4137 4138 4133 4138 4139 4139 4138 4140 4139 4140 4145 4145 4140 5115 4145 5115 5108 5108 5115 5113 5108 5113 5110 5110 5113 5134 5110 5134 5133 5133 5134 5135 5133 5135 5139 5139 5135 5474 5139 5474 5131 4137 5469 4146 4137 4146 4138 4138 4146 4148 4138 4148 4140 4140 4148 5212 4140 5212 5115 5115 5212 5120 5115 5120 5113 5113 5120 5137 5113 5137 5134 5134 5137 5138 5134 5138 5135 4146 5470 4147 4146 4147 4148 4148 4147 5116 4148 5116 5212 5212 5116 5118 5212 5118 5120 5120 5118 5136 5120 5136 5137 4147 5471 5117 4147 5117 5116 5116 5117 5119 5116 5119 5118 5117 5473 5472 5117 5472 5119</p></triangles>
      </mesh>
    </geometry>
  </library_geometries>
  <library_visual_scenes>
    <visual_scene id="Scene" name="Scene"><node id="seabed_node" name="seabed"><instance_geometry url="#seabed_mesh"><bind_material><technique_common><instance_material symbol="seabed_material" target="#seabed_material"/></technique_common></bind_material></instance_geometry></node></visual_scene>
  </library_visual_scenes>
  <scene><instance_visual_scene url="#Scene"/></scene>
</COLLADA>
