<?xml version="1.0" encoding="utf-8"?>
<COLLADA xmlns="http://www.collada.org/2005/11/COLLADASchema" version="1.4.1">
  <asset>
    <contributor>
      <authoring_tool>generated from USGS Missouri River I-64 CUBE bathymetry</authoring_tool>
    </contributor>
    <unit name="meter" meter="1"/>
    <up_axis>Z_UP</up_axis>
  </asset>

  <library_effects>
    <effect id="seabed_effect">
      <profile_COMMON>
        <technique sid="common">
          <lambert>
            <ambient>
              <color>0.35 0.35 0.35 1</color>
            </ambient>
            <diffuse>
              <color>0.62 0.62 0.62 1</color>
            </diffuse>
          </lambert>
        </technique>
      </profile_COMMON>
    </effect>
  </library_effects>

  <library_materials>
    <material id="seabed_material" name="seabed_material">
      <instance_effect url="#seabed_effect"/>
    </material>
  </library_materials>

  <library_geometries>
    <geometry id="seabed_mesh" name="MissouriI64FeaturedSeabed">
      <mesh>
        <source id="seabed_positions">
          <float_array id="seabed_positions_array" count="21816">
            -49.985000 -35.405000 -2.129041 -48.985000 -35.405000 -2.129041 -47.985000 -35.405000 -2.129041 -46.985000 -35.405000 -2.129041 -45.985000 -35.405000 -2.129041 -44.985000 -35.405000 -1.759041 -43.985000 -35.405000 -1.759041 -42.985000 -35.405000 -1.759041 -41.985000 -35.405000 -1.759041 -40.985000 -35.405000 -1.759041 -39.985000 -35.405000 -1.759041 -38.985000 -35.405000 -1.759041 -37.985000 -35.405000 -1.669041 -36.985000 -35.405000 -1.669041 -35.985000 -35.405000 -1.799041 -34.985000 -35.405000 -1.799041 -33.985000 -35.405000 -1.799041 -32.985000 -35.405000 -1.799041 -31.985000 -35.405000 -1.799041 -30.985000 -35.405000 -1.799041 -29.985000 -35.405000 -1.799041 -28.985000 -35.405000 -1.799041 -27.985000 -35.405000 -1.799041 -26.985000 -35.405000 -1.659041 -25.985000 -35.405000 -1.659041 -24.985000 -35.405000 -1.699041 -23.985000 -35.405000 -1.699041 -22.985000 -35.405000 -2.299041 -21.985000 -35.405000 -2.299041 -20.985000 -35.405000 -2.299041 -19.985000 -35.405000 -2.299041 -18.985000 -35.405000 -2.299041 -17.985000 -35.405000 -2.299041 -16.985000 -35.405000 -2.299041 -15.985000 -35.405000 -2.299041 -14.985000 -35.405000 -2.299041 -13.985000 -35.405000 -2.299041 -12.985000 -35.405000 -2.189041 -11.985000 -35.405000 -2.189041 -10.985000 -35.405000 -2.189041 -9.985000 -35.405000 -2.629041 -8.985000 -35.405000 -2.739041 -7.985000 -35.405000 -2.459041 -6.985000 -35.405000 -2.899041 -5.985000 -35.405000 -2.899041 -4.985000 -35.405000 -2.899041 -3.985000 -35.405000 -2.609041 -2.985000 -35.405000 -3.889041 -1.985000 -35.405000 -3.759041 -0.985000 -35.405000 -3.929041 0.015000 -35.405000 -4.039041 1.015000 -35.405000 -4.449041 2.015000 -35.405000 -4.379041 3.015000 -35.405000 -5.289041 4.015000 -35.405000 -5.879041 5.015000 -35.405000 -6.319041 6.015000 -35.405000 -6.629041 7.015000 -35.405000 -7.059041 8.015000 -35.405000 -7.059041 9.015000 -35.405000 -7.059041 10.015000 -35.405000 -5.809041 11.015000 -35.405000 -5.809041 12.015000 -35.405000 -5.809041 13.015000 -35.405000 -8.179041 14.015000 -35.405000 -8.329041 15.015000 -35.405000 -8.499041 16.015000 -35.405000 -8.559041 17.015000 -35.405000 -8.559041 18.015000 -35.405000 -7.789041 19.015000 -35.405000 -7.789041 20.015000 -35.405000 -7.779041 21.015000 -35.405000 -7.779041 22.015000 -35.405000 -7.779041 23.015000 -35.405000 -7.779041 24.015000 -35.405000 -7.209041 25.015000 -35.405000 -7.209041 26.015000 -35.405000 -7.209041 27.015000 -35.405000 -7.209041 28.015000 -35.405000 -7.209041 29.015000 -35.405000 -7.209041 30.015000 -35.405000 -7.209041 31.015000 -35.405000 -7.209041 32.015000 -35.405000 -7.389041 33.015000 -35.405000 -7.389041 34.015000 -35.405000 -7.389041 35.015000 -35.405000 -7.389041 36.015000 -35.405000 -7.389041 37.015000 -35.405000 -7.389041 38.015000 -35.405000 -7.389041 39.015000 -35.405000 -7.389041 40.015000 -35.405000 -7.389041 41.015000 -35.405000 -7.389041 42.015000 -35.405000 -7.389041 43.015000 -35.405000 -8.149041 44.015000 -35.405000 -8.149041 45.015000 -35.405000 -8.149041 46.015000 -35.405000 -8.149041 47.015000 -35.405000 -8.409041 48.015000 -35.405000 -8.409041 49.015000 -35.405000 -8.409041 50.015000 -35.405000 -8.409041 -49.985000 -34.405000 -2.129041 -48.985000 -34.405000 -2.129041 -47.985000 -34.405000 -2.129041 -46.985000 -34.405000 -2.129041 -45.985000 -34.405000 -2.129041 -44.985000 -34.405000 -1.759041 -43.985000 -34.405000 -1.759041 -42.985000 -34.405000 -1.759041 -41.985000 -34.405000 -1.759041 -40.985000 -34.405000 -1.759041 -39.985000 -34.405000 -1.759041 -38.985000 -34.405000 -1.669041 -37.985000 -34.405000 -1.669041 -36.985000 -34.405000 -1.669041 -35.985000 -34.405000 -1.799041 -34.985000 -34.405000 -1.799041 -33.985000 -34.405000 -1.799041 -32.985000 -34.405000 -1.799041 -31.985000 -34.405000 -1.799041 -30.985000 -34.405000 -1.799041 -29.985000 -34.405000 -1.799041 -28.985000 -34.405000 -1.799041 -27.985000 -34.405000 -1.799041 -26.985000 -34.405000 -1.659041 -25.985000 -34.405000 -1.659041 -24.985000 -34.405000 -1.699041 -23.985000 -34.405000 -1.699041 -22.985000 -34.405000 -1.699041 -21.985000 -34.405000 -2.299041 -20.985000 -34.405000 -2.299041 -19.985000 -34.405000 -2.299041 -18.985000 -34.405000 -2.299041 -17.985000 -34.405000 -2.299041 -16.985000 -34.405000 -2.299041 -15.985000 -34.405000 -2.176853 -14.985000 -34.405000 -2.139020 -13.985000 -34.405000 -2.147514 -12.985000 -34.405000 -2.156008 -11.985000 -34.405000 -2.202251 -10.985000 -34.405000 -2.459778 -9.985000 -34.405000 -2.668089 -8.985000 -34.405000 -2.949853 -7.985000 -34.405000 -3.174426 -6.985000 -34.405000 -3.145686 -5.985000 -34.405000 -3.308705 -4.985000 -34.405000 -4.044399 -3.985000 -34.405000 -4.085540 -2.985000 -34.405000 -4.173526 -1.985000 -34.405000 -3.987970 -0.985000 -34.405000 -4.077752 0.015000 -34.405000 -4.142693 1.015000 -34.405000 -4.469041 2.015000 -34.405000 -5.059041 3.015000 -34.405000 -5.629041 4.015000 -34.405000 -6.069041 5.015000 -34.405000 -6.319041 6.015000 -34.405000 -6.629041 7.015000 -34.405000 -7.059041 8.015000 -34.405000 -7.059041 9.015000 -34.405000 -5.809041 10.015000 -34.405000 -5.809041 11.015000 -34.405000 -5.809041 12.015000 -34.405000 -5.809041 13.015000 -34.405000 -8.289041 14.015000 -34.405000 -8.459041 15.015000 -34.405000 -8.559041 16.015000 -34.405000 -8.559041 17.015000 -34.405000 -8.559041 18.015000 -34.405000 -7.789041 19.015000 -34.405000 -7.789041 20.015000 -34.405000 -7.779041 21.015000 -34.405000 -7.779041 22.015000 -34.405000 -7.779041 23.015000 -34.405000 -7.209041 24.015000 -34.405000 -7.209041 25.015000 -34.405000 -7.209041 26.015000 -34.405000 -7.209041 27.015000 -34.405000 -7.209041 28.015000 -34.405000 -7.209041 29.015000 -34.405000 -7.209041 30.015000 -34.405000 -7.209041 31.015000 -34.405000 -7.209041 32.015000 -34.405000 -7.389041 33.015000 -34.405000 -7.389041 34.015000 -34.405000 -7.389041 35.015000 -34.405000 -7.389041 36.015000 -34.405000 -7.389041 37.015000 -34.405000 -7.389041 38.015000 -34.405000 -7.389041 39.015000 -34.405000 -7.389041 40.015000 -34.405000 -7.389041 41.015000 -34.405000 -7.389041 42.015000 -34.405000 -8.149041 43.015000 -34.405000 -8.149041 44.015000 -34.405000 -8.149041 45.015000 -34.405000 -8.149041 46.015000 -34.405000 -8.409041 47.015000 -34.405000 -8.409041 48.015000 -34.405000 -8.409041 49.015000 -34.405000 -8.409041 50.015000 -34.405000 -8.079041 -49.985000 -33.405000 -2.129041 -48.985000 -33.405000 -2.129041 -47.985000 -33.405000 -2.129041 -46.985000 -33.405000 -2.129041 -45.985000 -33.405000 -2.129041 -44.985000 -33.405000 -1.759041 -43.985000 -33.405000 -1.759041 -42.985000 -33.405000 -1.759041 -41.985000 -33.405000 -1.759041 -40.985000 -33.405000 -1.759041 -39.985000 -33.405000 -1.759041 -38.985000 -33.405000 -1.669041 -37.985000 -33.405000 -1.669041 -36.985000 -33.405000 -1.669041 -35.985000 -33.405000 -1.799041 -34.985000 -33.405000 -1.799041 -33.985000 -33.405000 -1.799041 -32.985000 -33.405000 -1.799041 -31.985000 -33.405000 -1.799041 -30.985000 -33.405000 -1.799041 -29.985000 -33.405000 -1.799041 -28.985000 -33.405000 -1.799041 -27.985000 -33.405000 -1.799041 -26.985000 -33.405000 -1.659041 -25.985000 -33.405000 -1.659041 -24.985000 -33.405000 -1.699041 -23.985000 -33.405000 -1.699041 -22.985000 -33.405000 -1.699041 -21.985000 -33.405000 -1.699041 -20.985000 -33.405000 -2.133474 -19.985000 -33.405000 -2.086962 -18.985000 -33.405000 -2.084807 -17.985000 -33.405000 -2.093301 -16.985000 -33.405000 -2.101794 -15.985000 -33.405000 -2.110288 -14.985000 -33.405000 -2.118533 -13.985000 -33.405000 -2.105735 -12.985000 -33.405000 -2.214191 -11.985000 -33.405000 -2.399277 -10.985000 -33.405000 -3.145414 -9.985000 -33.405000 -3.464073 -8.985000 -33.405000 -3.677457 -7.985000 -33.405000 -3.969117 -6.985000 -33.405000 -4.157366 -5.985000 -33.405000 -4.571073 -4.985000 -33.405000 -4.619771 -3.985000 -33.405000 -4.686476 -2.985000 -33.405000 -4.824802 -1.985000 -33.405000 -4.634489 -0.985000 -33.405000 -4.588473 0.015000 -33.405000 -4.641476 1.015000 -33.405000 -4.823501 2.015000 -33.405000 -5.209853 3.015000 -33.405000 -5.738537 4.015000 -33.405000 -6.067280 5.015000 -33.405000 -6.257064 6.015000 -33.405000 -6.849041 7.015000 -33.405000 -7.059041 8.015000 -33.405000 -7.059041 9.015000 -33.405000 -7.549041 10.015000 -33.405000 -5.809041 11.015000 -33.405000 -5.809041 12.015000 -33.405000 -8.059041 13.015000 -33.405000 -8.289041 14.015000 -33.405000 -8.459041 15.015000 -33.405000 -8.559041 16.015000 -33.405000 -8.559041 17.015000 -33.405000 -7.789041 18.015000 -33.405000 -7.789041 19.015000 -33.405000 -7.789041 20.015000 -33.405000 -7.779041 21.015000 -33.405000 -7.779041 22.015000 -33.405000 -7.779041 23.015000 -33.405000 -7.209041 24.015000 -33.405000 -7.209041 25.015000 -33.405000 -7.209041 26.015000 -33.405000 -7.209041 27.015000 -33.405000 -7.209041 28.015000 -33.405000 -7.209041 29.015000 -33.405000 -7.209041 30.015000 -33.405000 -7.209041 31.015000 -33.405000 -7.389041 32.015000 -33.405000 -7.389041 33.015000 -33.405000 -7.389041 34.015000 -33.405000 -7.389041 35.015000 -33.405000 -7.389041 36.015000 -33.405000 -7.389041 37.015000 -33.405000 -7.389041 38.015000 -33.405000 -7.389041 39.015000 -33.405000 -7.389041 40.015000 -33.405000 -7.389041 41.015000 -33.405000 -7.389041 42.015000 -33.405000 -8.149041 43.015000 -33.405000 -8.149041 44.015000 -33.405000 -8.149041 45.015000 -33.405000 -8.149041 46.015000 -33.405000 -8.409041 47.015000 -33.405000 -8.409041 48.015000 -33.405000 -8.409041 49.015000 -33.405000 -8.409041 50.015000 -33.405000 -8.079041 -49.985000 -32.405000 -2.129041 -48.985000 -32.405000 -2.129041 -47.985000 -32.405000 -2.129041 -46.985000 -32.405000 -2.129041 -45.985000 -32.405000 -2.129041 -44.985000 -32.405000 -1.759041 -43.985000 -32.405000 -1.759041 -42.985000 -32.405000 -1.759041 -41.985000 -32.405000 -1.759041 -40.985000 -32.405000 -1.759041 -39.985000 -32.405000 -1.669041 -38.985000 -32.405000 -1.669041 -37.985000 -32.405000 -1.669041 -36.985000 -32.405000 -1.669041 -35.985000 -32.405000 -1.799041 -34.985000 -32.405000 -1.799041 -33.985000 -32.405000 -1.799041 -32.985000 -32.405000 -1.799041 -31.985000 -32.405000 -1.799041 -30.985000 -32.405000 -1.799041 -29.985000 -32.405000 -1.799041 -28.985000 -32.405000 -1.799041 -27.985000 -32.405000 -1.659041 -26.985000 -32.405000 -2.136609 -25.985000 -32.405000 -2.090096 -24.985000 -32.405000 -2.043584 -23.985000 -32.405000 -2.022100 -22.985000 -32.405000 -2.030594 -21.985000 -32.405000 -2.039088 -20.985000 -32.405000 -2.047581 -19.985000 -32.405000 -2.056075 -18.985000 -32.405000 -2.064569 -17.985000 -32.405000 -2.073062 -16.985000 -32.405000 -2.079799 -15.985000 -32.405000 -2.067001 -14.985000 -32.405000 -2.079059 -13.985000 -32.405000 -2.188804 -12.985000 -32.405000 -2.414154 -11.985000 -32.405000 -2.662287 -10.985000 -32.405000 -3.559621 -9.985000 -32.405000 -4.055809 -8.985000 -32.405000 -4.339601 -7.985000 -32.405000 -4.574340 -6.985000 -32.405000 -4.936742 -5.985000 -32.405000 -5.013233 -4.985000 -32.405000 -5.274873 -3.985000 -32.405000 -5.440558 -2.985000 -32.405000 -5.487275 -1.985000 -32.405000 -5.316721 -0.985000 -32.405000 -5.238758 0.015000 -32.405000 -5.245191 1.015000 -32.405000 -5.437362 2.015000 -32.405000 -5.674674 3.015000 -32.405000 -6.145883 4.015000 -32.405000 -6.565891 5.015000 -32.405000 -6.761041 6.015000 -32.405000 -7.040944 7.015000 -32.405000 -7.251569 8.015000 -32.405000 -7.061963 9.015000 -32.405000 -7.549041 10.015000 -32.405000 -5.809041 11.015000 -32.405000 -7.979041 12.015000 -32.405000 -8.179041 13.015000 -32.405000 -8.329041 14.015000 -32.405000 -8.499041 15.015000 -32.405000 -8.559041 16.015000 -32.405000 -8.559041 17.015000 -32.405000 -7.789041 18.015000 -32.405000 -7.789041 19.015000 -32.405000 -7.789041 20.015000 -32.405000 -7.779041 21.015000 -32.405000 -7.779041 22.015000 -32.405000 -7.079041 23.015000 -32.405000 -7.209041 24.015000 -32.405000 -7.209041 25.015000 -32.405000 -7.209041 26.015000 -32.405000 -7.209041 27.015000 -32.405000 -7.209041 28.015000 -32.405000 -7.209041 29.015000 -32.405000 -7.209041 30.015000 -32.405000 -7.209041 31.015000 -32.405000 -7.389041 32.015000 -32.405000 -7.389041 33.015000 -32.405000 -7.389041 34.015000 -32.405000 -7.389041 35.015000 -32.405000 -7.389041 36.015000 -32.405000 -7.389041 37.015000 -32.405000 -7.389041 38.015000 -32.405000 -7.389041 39.015000 -32.405000 -7.389041 40.015000 -32.405000 -7.389041 41.015000 -32.405000 -8.149041 42.015000 -32.405000 -8.149041 43.015000 -32.405000 -8.149041 44.015000 -32.405000 -8.149041 45.015000 -32.405000 -8.409041 46.015000 -32.405000 -8.409041 47.015000 -32.405000 -8.409041 48.015000 -32.405000 -8.409041 49.015000 -32.405000 -9.019041 50.015000 -32.405000 -8.079041 -49.985000 -31.405000 -2.129041 -48.985000 -31.405000 -2.129041 -47.985000 -31.405000 -2.129041 -46.985000 -31.405000 -2.129041 -45.985000 -31.405000 -1.759041 -44.985000 -31.405000 -1.759041 -43.985000 -31.405000 -1.759041 -42.985000 -31.405000 -1.759041 -41.985000 -31.405000 -1.759041 -40.985000 -31.405000 -1.669041 -39.985000 -31.405000 -1.669041 -38.985000 -31.405000 -1.669041 -37.985000 -31.405000 -1.669041 -36.985000 -31.405000 -1.669041 -35.985000 -31.405000 -1.799041 -34.985000 -31.405000 -1.799041 -33.985000 -31.405000 -1.799041 -32.985000 -31.405000 -2.139743 -31.985000 -31.405000 -2.093230 -30.985000 -31.405000 -2.046718 -29.985000 -31.405000 -2.000205 -28.985000 -31.405000 -1.959394 -27.985000 -31.405000 -1.967887 -26.985000 -31.405000 -1.976381 -25.985000 -31.405000 -1.984875 -24.985000 -31.405000 -1.993368 -23.985000 -31.405000 -2.001862 -22.985000 -31.405000 -2.010355 -21.985000 -31.405000 -2.018849 -20.985000 -31.405000 -2.027343 -19.985000 -31.405000 -2.035836 -18.985000 -31.405000 -2.041066 -17.985000 -31.405000 -2.028268 -16.985000 -31.405000 -2.015470 -15.985000 -31.405000 -2.090999 -14.985000 -31.405000 -2.180899 -13.985000 -31.405000 -2.429032 -12.985000 -31.405000 -2.677164 -11.985000 -31.405000 -2.925297 -10.985000 -31.405000 -3.669694 -9.985000 -31.405000 -4.473274 -8.985000 -31.405000 -4.905784 -7.985000 -31.405000 -5.275689 -6.985000 -31.405000 -5.788063 -5.985000 -31.405000 -6.235008 -4.985000 -31.405000 -6.639361 -3.985000 -31.405000 -6.861297 -2.985000 -31.405000 -6.260664 -1.985000 -31.405000 -6.034380 -0.985000 -31.405000 -5.901070 0.015000 -31.405000 -5.833288 1.015000 -31.405000 -5.925780 2.015000 -31.405000 -6.179471 3.015000 -31.405000 -6.626941 4.015000 -31.405000 -6.969462 5.015000 -31.405000 -7.155113 6.015000 -31.405000 -7.298576 7.015000 -31.405000 -7.494801 8.015000 -31.405000 -7.553099 9.015000 -31.405000 -7.639582 10.015000 -31.405000 -7.804149 11.015000 -31.405000 -7.389041 12.015000 -31.405000 -8.289041 13.015000 -31.405000 -8.459041 14.015000 -31.405000 -8.499041 15.015000 -31.405000 -8.559041 16.015000 -31.405000 -8.779041 17.015000 -31.405000 -7.789041 18.015000 -31.405000 -7.789041 19.015000 -31.405000 -7.779041 20.015000 -31.405000 -7.779041 21.015000 -31.405000 -6.859041 22.015000 -31.405000 -7.209041 23.015000 -31.405000 -7.209041 24.015000 -31.405000 -7.209041 25.015000 -31.405000 -7.209041 26.015000 -31.405000 -7.209041 27.015000 -31.405000 -7.209041 28.015000 -31.405000 -7.209041 29.015000 -31.405000 -7.209041 30.015000 -31.405000 -7.389041 31.015000 -31.405000 -7.389041 32.015000 -31.405000 -7.389041 33.015000 -31.405000 -7.389041 34.015000 -31.405000 -7.389041 35.015000 -31.405000 -7.389041 36.015000 -31.405000 -7.389041 37.015000 -31.405000 -7.389041 38.015000 -31.405000 -7.389041 39.015000 -31.405000 -7.389041 40.015000 -31.405000 -8.149041 41.015000 -31.405000 -8.149041 42.015000 -31.405000 -8.149041 43.015000 -31.405000 -8.149041 44.015000 -31.405000 -8.409041 45.015000 -31.405000 -8.409041 46.015000 -31.405000 -8.409041 47.015000 -31.405000 -8.409041 48.015000 -31.405000 -8.409041 49.015000 -31.405000 -9.049041 50.015000 -31.405000 -8.079041 -49.985000 -30.405000 -2.129041 -48.985000 -30.405000 -2.129041 -47.985000 -30.405000 -2.129041 -46.985000 -30.405000 -2.129041 -45.985000 -30.405000 -1.759041 -44.985000 -30.405000 -1.759041 -43.985000 -30.405000 -1.759041 -42.985000 -30.405000 -1.759041 -41.985000 -30.405000 -1.669041 -40.985000 -30.405000 -1.669041 -39.985000 -30.405000 -1.669041 -38.985000 -30.405000 -2.142877 -37.985000 -30.405000 -2.096365 -36.985000 -30.405000 -2.049852 -35.985000 -30.405000 -2.003340 -34.985000 -30.405000 -1.956827 -33.985000 -30.405000 -1.910315 -32.985000 -30.405000 -1.905181 -31.985000 -30.405000 -1.913674 -30.985000 -30.405000 -1.922168 -29.985000 -30.405000 -1.930661 -28.985000 -30.405000 -1.939155 -27.985000 -30.405000 -1.947649 -26.985000 -30.405000 -1.956142 -25.985000 -30.405000 -1.964636 -24.985000 -30.405000 -1.973129 -23.985000 -30.405000 -1.981623 -22.985000 -30.405000 -1.990117 -21.985000 -30.405000 -1.998610 -20.985000 -30.405000 -2.002332 -19.985000 -30.405000 -1.989534 -18.985000 -30.405000 -1.976736 -17.985000 -30.405000 -1.963938 -16.985000 -30.405000 -2.066217 -15.985000 -30.405000 -2.195776 -14.985000 -30.405000 -2.443909 -13.985000 -30.405000 -2.692042 -12.985000 -30.405000 -2.844909 -11.985000 -30.405000 -2.946489 -10.985000 -30.405000 -3.869374 -9.985000 -30.405000 -4.558150 -8.985000 -30.405000 -5.124316 -7.985000 -30.405000 -5.737179 -6.985000 -30.405000 -6.235528 -5.985000 -30.405000 -6.952196 -4.985000 -30.405000 -7.261617 -3.985000 -30.405000 -7.398519 -2.985000 -30.405000 -7.110781 -1.985000 -30.405000 -6.708943 -0.985000 -30.405000 -6.485531 0.015000 -30.405000 -6.398770 1.015000 -30.405000 -6.526218 2.015000 -30.405000 -6.698177 3.015000 -30.405000 -7.044842 4.015000 -30.405000 -7.310220 5.015000 -30.405000 -7.553297 6.015000 -30.405000 -7.658512 7.015000 -30.405000 -7.732073 8.015000 -30.405000 -7.776879 9.015000 -30.405000 -7.889177 10.015000 -30.405000 -8.193094 11.015000 -30.405000 -8.411135 12.015000 -30.405000 -8.445465 13.015000 -30.405000 -8.488017 14.015000 -30.405000 -8.051231 15.015000 -30.405000 -8.759041 16.015000 -30.405000 -8.779041 17.015000 -30.405000 -7.789041 18.015000 -30.405000 -7.789041 19.015000 -30.405000 -7.779041 20.015000 -30.405000 -7.779041 21.015000 -30.405000 -6.859041 22.015000 -30.405000 -7.209041 23.015000 -30.405000 -7.209041 24.015000 -30.405000 -7.209041 25.015000 -30.405000 -7.209041 26.015000 -30.405000 -7.209041 27.015000 -30.405000 -7.209041 28.015000 -30.405000 -7.209041 29.015000 -30.405000 -7.209041 30.015000 -30.405000 -7.389041 31.015000 -30.405000 -7.389041 32.015000 -30.405000 -7.389041 33.015000 -30.405000 -7.389041 34.015000 -30.405000 -7.389041 35.015000 -30.405000 -7.389041 36.015000 -30.405000 -7.389041 37.015000 -30.405000 -7.389041 38.015000 -30.405000 -7.389041 39.015000 -30.405000 -7.389041 40.015000 -30.405000 -8.149041 41.015000 -30.405000 -8.149041 42.015000 -30.405000 -8.149041 43.015000 -30.405000 -8.149041 44.015000 -30.405000 -8.409041 45.015000 -30.405000 -8.409041 46.015000 -30.405000 -8.409041 47.015000 -30.405000 -8.409041 48.015000 -30.405000 -9.019041 49.015000 -30.405000 -9.049041 50.015000 -30.405000 -8.079041 -49.985000 -29.405000 -2.129041 -48.985000 -29.405000 -2.129041 -47.985000 -29.405000 -2.129041 -46.985000 -29.405000 -2.129041 -45.985000 -29.405000 -1.759041 -44.985000 -29.405000 -1.759041 -43.985000 -29.405000 -2.099499 -42.985000 -29.405000 -2.052986 -41.985000 -29.405000 -2.006474 -40.985000 -29.405000 -1.959961 -39.985000 -29.405000 -1.913449 -38.985000 -29.405000 -1.866936 -37.985000 -29.405000 -1.842474 -36.985000 -29.405000 -1.850967 -35.985000 -29.405000 -1.859461 -34.985000 -29.405000 -1.867955 -33.985000 -29.405000 -1.876448 -32.985000 -29.405000 -1.884942 -31.985000 -29.405000 -1.893435 -30.985000 -29.405000 -1.901929 -29.985000 -29.405000 -1.910423 -28.985000 -29.405000 -1.918916 -27.985000 -29.405000 -1.927410 -26.985000 -29.405000 -1.935903 -25.985000 -29.405000 -1.944397 -24.985000 -29.405000 -1.952891 -23.985000 -29.405000 -1.961384 -22.985000 -29.405000 -1.963599 -21.985000 -29.405000 -1.950801 -20.985000 -29.405000 -1.938002 -19.985000 -29.405000 -1.925204 -18.985000 -29.405000 -1.967807 -17.985000 -29.405000 -2.015292 -16.985000 -29.405000 -2.210653 -15.985000 -29.405000 -2.458786 -14.985000 -29.405000 -2.677660 -13.985000 -29.405000 -2.660020 -12.985000 -29.405000 -2.785517 -11.985000 -29.405000 -2.911014 -10.985000 -29.405000 -3.918739 -9.985000 -29.405000 -4.301580 -8.985000 -29.405000 -5.167105 -7.985000 -29.405000 -5.712977 -6.985000 -29.405000 -6.386678 -5.985000 -29.405000 -7.334393 -4.985000 -29.405000 -7.595209 -3.985000 -29.405000 -7.784066 -2.985000 -29.405000 -7.726481 -1.985000 -29.405000 -7.428537 -0.985000 -29.405000 -7.044117 0.015000 -29.405000 -6.924005 1.015000 -29.405000 -6.958425 2.015000 -29.405000 -7.183817 3.015000 -29.405000 -7.369318 4.015000 -29.405000 -7.604165 5.015000 -29.405000 -7.861810 6.015000 -29.405000 -7.925185 7.015000 -29.405000 -7.990481 8.015000 -29.405000 -8.035405 9.015000 -29.405000 -8.260385 10.015000 -29.405000 -8.586561 11.015000 -29.405000 -8.783030 12.015000 -29.405000 -8.832565 13.015000 -29.405000 -8.809081 14.015000 -29.405000 -8.788409 15.015000 -29.405000 -8.784992 16.015000 -29.405000 -8.454360 17.015000 -29.405000 -7.977939 18.015000 -29.405000 -7.789041 19.015000 -29.405000 -7.779041 20.015000 -29.405000 -6.859041 21.015000 -29.405000 -7.079041 22.015000 -29.405000 -7.209041 23.015000 -29.405000 -7.209041 24.015000 -29.405000 -7.209041 25.015000 -29.405000 -7.209041 26.015000 -29.405000 -7.209041 27.015000 -29.405000 -7.209041 28.015000 -29.405000 -7.209041 29.015000 -29.405000 -6.859041 30.015000 -29.405000 -7.389041 31.015000 -29.405000 -7.389041 32.015000 -29.405000 -7.389041 33.015000 -29.405000 -7.389041 34.015000 -29.405000 -7.389041 35.015000 -29.405000 -7.389041 36.015000 -29.405000 -7.389041 37.015000 -29.405000 -7.389041 38.015000 -29.405000 -7.389041 39.015000 -29.405000 -8.149041 40.015000 -29.405000 -8.149041 41.015000 -29.405000 -8.149041 42.015000 -29.405000 -8.149041 43.015000 -29.405000 -8.409041 44.015000 -29.405000 -8.409041 45.015000 -29.405000 -8.409041 46.015000 -29.405000 -8.409041 47.015000 -29.405000 -8.409041 48.015000 -29.405000 -9.019041 49.015000 -29.405000 -8.079041 50.015000 -29.405000 -8.079041 -49.985000 -28.405000 -2.069041 -48.985000 -28.405000 -2.112328 -47.985000 -28.405000 -2.084888 -46.985000 -28.405000 -1.982625 -45.985000 -28.405000 -1.916583 -44.985000 -28.405000 -1.870071 -43.985000 -28.405000 -1.823558 -42.985000 -28.405000 -1.779767 -41.985000 -28.405000 -1.788261 -40.985000 -28.405000 -1.796754 -39.985000 -28.405000 -1.805248 -38.985000 -28.405000 -1.813741 -37.985000 -28.405000 -1.822235 -36.985000 -28.405000 -1.830729 -35.985000 -28.405000 -1.839222 -34.985000 -28.405000 -1.847716 -33.985000 -28.405000 -1.856209 -32.985000 -28.405000 -1.864703 -31.985000 -28.405000 -1.873197 -30.985000 -28.405000 -1.881690 -29.985000 -28.405000 -1.890184 -28.985000 -28.405000 -1.898677 -27.985000 -28.405000 -1.907171 -26.985000 -28.405000 -1.915665 -25.985000 -28.405000 -1.924158 -24.985000 -28.405000 -1.924865 -23.985000 -28.405000 -1.912067 -22.985000 -28.405000 -1.899269 -21.985000 -28.405000 -1.886471 -20.985000 -28.405000 -1.873673 -19.985000 -28.405000 -1.943630 -18.985000 -28.405000 -1.977397 -17.985000 -28.405000 -2.225530 -16.985000 -28.405000 -2.473663 -15.985000 -28.405000 -2.505189 -14.985000 -28.405000 -2.499048 -13.985000 -28.405000 -2.624546 -12.985000 -28.405000 -2.750043 -11.985000 -28.405000 -2.875540 -10.985000 -28.405000 -3.685467 -9.985000 -28.405000 -4.432880 -8.985000 -28.405000 -5.362375 -7.985000 -28.405000 -6.019996 -6.985000 -28.405000 -6.472940 -5.985000 -28.405000 -7.317225 -4.985000 -28.405000 -7.665161 -3.985000 -28.405000 -7.893202 -2.985000 -28.405000 -8.036329 -1.985000 -28.405000 -7.907554 -0.985000 -28.405000 -7.506632 0.015000 -28.405000 -7.446403 1.015000 -28.405000 -7.426860 2.015000 -28.405000 -7.606473 3.015000 -28.405000 -7.835721 4.015000 -28.405000 -7.918050 5.015000 -28.405000 -8.079447 6.015000 -28.405000 -8.171481 7.015000 -28.405000 -8.268760 8.015000 -28.405000 -8.294520 9.015000 -28.405000 -8.684437 10.015000 -28.405000 -8.981865 11.015000 -28.405000 -9.140290 12.015000 -28.405000 -9.137741 13.015000 -28.405000 -9.104321 14.015000 -28.405000 -9.079917 15.015000 -28.405000 -9.030938 16.015000 -28.405000 -8.677972 17.015000 -28.405000 -8.452477 18.015000 -28.405000 -8.126335 19.015000 -28.405000 -7.490175 20.015000 -28.405000 -6.859041 21.015000 -28.405000 -7.209041 22.015000 -28.405000 -7.209041 23.015000 -28.405000 -7.209041 24.015000 -28.405000 -7.209041 25.015000 -28.405000 -7.209041 26.015000 -28.405000 -7.209041 27.015000 -28.405000 -7.209041 28.015000 -28.405000 -6.859041 29.015000 -28.405000 -6.859041 30.015000 -28.405000 -7.389041 31.015000 -28.405000 -7.389041 32.015000 -28.405000 -7.389041 33.015000 -28.405000 -7.389041 34.015000 -28.405000 -7.389041 35.015000 -28.405000 -7.389041 36.015000 -28.405000 -7.389041 37.015000 -28.405000 -7.389041 38.015000 -28.405000 -8.149041 39.015000 -28.405000 -8.149041 40.015000 -28.405000 -8.149041 41.015000 -28.405000 -8.149041 42.015000 -28.405000 -8.149041 43.015000 -28.405000 -8.409041 44.015000 -28.405000 -8.409041 45.015000 -28.405000 -8.409041 46.015000 -28.405000 -8.409041 47.015000 -28.405000 -9.019041 48.015000 -28.405000 -9.029041 49.015000 -28.405000 -8.079041 50.015000 -28.405000 -8.079041 -49.985000 -27.405000 -2.069041 -48.985000 -27.405000 -2.070891 -47.985000 -27.405000 -2.129041 -46.985000 -27.405000 -2.037858 -45.985000 -27.405000 -1.963049 -44.985000 -27.405000 -1.931522 -43.985000 -27.405000 -1.765270 -42.985000 -27.405000 -1.725066 -41.985000 -27.405000 -1.768022 -40.985000 -27.405000 -1.776515 -39.985000 -27.405000 -1.785009 -38.985000 -27.405000 -1.793503 -37.985000 -27.405000 -1.801996 -36.985000 -27.405000 -1.810490 -35.985000 -27.405000 -1.818983 -34.985000 -27.405000 -1.827477 -33.985000 -27.405000 -1.835971 -32.985000 -27.405000 -1.844464 -31.985000 -27.405000 -1.852958 -30.985000 -27.405000 -1.861452 -29.985000 -27.405000 -1.869945 -28.985000 -27.405000 -1.878439 -27.985000 -27.405000 -1.886932 -26.985000 -27.405000 -1.886132 -25.985000 -27.405000 -1.873333 -24.985000 -27.405000 -1.860535 -23.985000 -27.405000 -1.847737 -22.985000 -27.405000 -1.834939 -21.985000 -27.405000 -1.844615 -20.985000 -27.405000 -1.892704 -19.985000 -27.405000 -1.992274 -18.985000 -27.405000 -2.240407 -17.985000 -27.405000 -2.345935 -16.985000 -27.405000 -2.319811 -15.985000 -27.405000 -2.338077 -14.985000 -27.405000 -2.463574 -13.985000 -27.405000 -2.589071 -12.985000 -27.405000 -2.714568 -11.985000 -27.405000 -2.852445 -10.985000 -27.405000 -3.672134 -9.985000 -27.405000 -4.222095 -8.985000 -27.405000 -5.176769 -7.985000 -27.405000 -6.221575 -6.985000 -27.405000 -6.645115 -5.985000 -27.405000 -7.180693 -4.985000 -27.405000 -7.720255 -3.985000 -27.405000 -7.975581 -2.985000 -27.405000 -8.138709 -1.985000 -27.405000 -8.013646 -0.985000 -27.405000 -8.002155 0.015000 -27.405000 -8.009955 1.015000 -27.405000 -7.931018 2.015000 -27.405000 -8.024411 3.015000 -27.405000 -8.162031 4.015000 -27.405000 -8.242719 5.015000 -27.405000 -8.316090 6.015000 -27.405000 -8.404260 7.015000 -27.405000 -8.509436 8.015000 -27.405000 -8.656587 9.015000 -27.405000 -9.019101 10.015000 -27.405000 -9.274363 11.015000 -27.405000 -9.369243 12.015000 -27.405000 -9.352143 13.015000 -27.405000 -9.325593 14.015000 -27.405000 -9.289023 15.015000 -27.405000 -9.135898 16.015000 -27.405000 -8.757168 17.015000 -27.405000 -8.685935 18.015000 -27.405000 -8.462487 19.015000 -27.405000 -7.667840 20.015000 -27.405000 -7.076090 21.015000 -27.405000 -7.241576 22.015000 -27.405000 -7.209041 23.015000 -27.405000 -7.209041 24.015000 -27.405000 -7.209041 25.015000 -27.405000 -7.209041 26.015000 -27.405000 -7.209041 27.015000 -27.405000 -6.859041 28.015000 -27.405000 -6.859041 29.015000 -27.405000 -6.859041 30.015000 -27.405000 -7.389041 31.015000 -27.405000 -7.389041 32.015000 -27.405000 -7.389041 33.015000 -27.405000 -7.389041 34.015000 -27.405000 -7.389041 35.015000 -27.405000 -7.389041 36.015000 -27.405000 -7.389041 37.015000 -27.405000 -7.389041 38.015000 -27.405000 -8.149041 39.015000 -27.405000 -8.149041 40.015000 -27.405000 -8.149041 41.015000 -27.405000 -8.149041 42.015000 -27.405000 -8.409041 43.015000 -27.405000 -8.409041 44.015000 -27.405000 -8.409041 45.015000 -27.405000 -8.409041 46.015000 -27.405000 -8.409041 47.015000 -27.405000 -9.019041 48.015000 -27.405000 -9.049041 49.015000 -27.405000 -8.079041 50.015000 -27.405000 -8.079041 -49.985000 -26.405000 -2.389041 -48.985000 -26.405000 -2.282728 -47.985000 -26.405000 -2.128515 -46.985000 -26.405000 -2.065462 -45.985000 -26.405000 -2.023621 -44.985000 -26.405000 -1.988092 -43.985000 -26.405000 -1.798277 -42.985000 -26.405000 -1.809076 -41.985000 -26.405000 -1.682738 -40.985000 -26.405000 -1.683406 -39.985000 -26.405000 -1.697822 -38.985000 -26.405000 -1.742566 -37.985000 -26.405000 -1.781758 -36.985000 -26.405000 -1.790251 -35.985000 -26.405000 -1.798745 -34.985000 -26.405000 -1.807238 -33.985000 -26.405000 -1.815732 -32.985000 -26.405000 -1.824226 -31.985000 -26.405000 -1.832719 -30.985000 -26.405000 -1.841213 -29.985000 -26.405000 -1.849706 -28.985000 -26.405000 -1.847398 -27.985000 -26.405000 -1.834600 -26.985000 -26.405000 -1.821802 -25.985000 -26.405000 -1.809004 -24.985000 -26.405000 -1.796206 -23.985000 -26.405000 -1.783408 -22.985000 -26.405000 -1.821042 -21.985000 -26.405000 -1.841779 -20.985000 -26.405000 -2.007152 -19.985000 -26.405000 -2.166416 -18.985000 -26.405000 -2.165470 -17.985000 -26.405000 -2.134432 -16.985000 -26.405000 -2.177105 -15.985000 -26.405000 -2.302602 -14.985000 -26.405000 -2.428099 -13.985000 -26.405000 -2.553596 -12.985000 -26.405000 -2.563570 -11.985000 -26.405000 -2.771068 -10.985000 -26.405000 -3.767323 -9.985000 -26.405000 -4.492113 -8.985000 -26.405000 -5.025233 -7.985000 -26.405000 -5.985663 -6.985000 -26.405000 -6.663539 -5.985000 -26.405000 -7.389837 -4.985000 -26.405000 -7.549801 -3.985000 -26.405000 -8.026893 -2.985000 -26.405000 -8.212263 -1.985000 -26.405000 -8.212332 -0.985000 -26.405000 -8.397251 0.015000 -26.405000 -8.563910 1.015000 -26.405000 -8.437867 2.015000 -26.405000 -8.382801 3.015000 -26.405000 -8.413233 4.015000 -26.405000 -8.486427 5.015000 -26.405000 -8.541921 6.015000 -26.405000 -8.757744 7.015000 -26.405000 -9.009089 8.015000 -26.405000 -9.175249 9.015000 -26.405000 -9.336041 10.015000 -26.405000 -9.448973 11.015000 -26.405000 -9.532086 12.015000 -26.405000 -9.528337 13.015000 -26.405000 -9.528866 14.015000 -26.405000 -9.432412 15.015000 -26.405000 -9.208325 16.015000 -26.405000 -9.088297 17.015000 -26.405000 -8.506062 18.015000 -26.405000 -8.319093 19.015000 -26.405000 -8.322082 20.015000 -26.405000 -7.910361 21.015000 -26.405000 -7.596476 22.015000 -26.405000 -7.156515 23.015000 -26.405000 -7.169694 24.015000 -26.405000 -7.279041 25.015000 -26.405000 -7.209041 26.015000 -26.405000 -7.209041 27.015000 -26.405000 -6.859041 28.015000 -26.405000 -6.859041 29.015000 -26.405000 -6.859041 30.015000 -26.405000 -7.389041 31.015000 -26.405000 -7.389041 32.015000 -26.405000 -7.389041 33.015000 -26.405000 -7.389041 34.015000 -26.405000 -7.389041 35.015000 -26.405000 -7.389041 36.015000 -26.405000 -7.389041 37.015000 -26.405000 -8.149041 38.015000 -26.405000 -8.149041 39.015000 -26.405000 -8.149041 40.015000 -26.405000 -8.149041 41.015000 -26.405000 -8.409041 42.015000 -26.405000 -8.409041 43.015000 -26.405000 -8.409041 44.015000 -26.405000 -8.409041 45.015000 -26.405000 -8.409041 46.015000 -26.405000 -9.029041 47.015000 -26.405000 -9.019041 48.015000 -26.405000 -9.049041 49.015000 -26.405000 -8.079041 50.015000 -26.405000 -8.079041 -49.985000 -25.405000 -2.449041 -48.985000 -25.405000 -2.406169 -47.985000 -25.405000 -2.686764 -46.985000 -25.405000 -2.127809 -45.985000 -25.405000 -2.449013 -44.985000 -25.405000 -2.022410 -43.985000 -25.405000 -1.923854 -42.985000 -25.405000 -1.875886 -41.985000 -25.405000 -1.878158 -40.985000 -25.405000 -1.700475 -39.985000 -25.405000 -1.701143 -38.985000 -25.405000 -1.701812 -37.985000 -25.405000 -1.702480 -36.985000 -25.405000 -1.703148 -35.985000 -25.405000 -1.716190 -34.985000 -25.405000 -1.760324 -33.985000 -25.405000 -1.795493 -32.985000 -25.405000 -1.803987 -31.985000 -25.405000 -1.812480 -30.985000 -25.405000 -1.808664 -29.985000 -25.405000 -1.795866 -28.985000 -25.405000 -1.783068 -27.985000 -25.405000 -1.770270 -26.985000 -25.405000 -1.757472 -25.985000 -25.405000 -1.744674 -24.985000 -25.405000 -1.731876 -23.985000 -25.405000 -1.770117 -22.985000 -25.405000 -1.790853 -21.985000 -25.405000 -1.986897 -20.985000 -25.405000 -2.011129 -19.985000 -25.405000 -1.980091 -18.985000 -25.405000 -1.949053 -17.985000 -25.405000 -2.016133 -16.985000 -25.405000 -2.141630 -15.985000 -25.405000 -2.267127 -14.985000 -25.405000 -2.244666 -13.985000 -25.405000 -2.201881 -12.985000 -25.405000 -2.194367 -11.985000 -25.405000 -2.560599 -10.985000 -25.405000 -3.896784 -9.985000 -25.405000 -4.523241 -8.985000 -25.405000 -5.139573 -7.985000 -25.405000 -5.639614 -6.985000 -25.405000 -6.610725 -5.985000 -25.405000 -7.297534 -4.985000 -25.405000 -7.643673 -3.985000 -25.405000 -8.014139 -2.985000 -25.405000 -8.266386 -1.985000 -25.405000 -8.468474 -0.985000 -25.405000 -8.469305 0.015000 -25.405000 -8.725852 1.015000 -25.405000 -8.890569 2.015000 -25.405000 -8.758513 3.015000 -25.405000 -8.733913 4.015000 -25.405000 -8.720774 5.015000 -25.405000 -8.900961 6.015000 -25.405000 -9.275401 7.015000 -25.405000 -9.456219 8.015000 -25.405000 -9.605819 9.015000 -25.405000 -9.672601 10.015000 -25.405000 -9.701167 11.015000 -25.405000 -9.699673 12.015000 -25.405000 -9.658824 13.015000 -25.405000 -9.631602 14.015000 -25.405000 -9.573779 15.015000 -25.405000 -9.399367 16.015000 -25.405000 -9.117353 17.015000 -25.405000 -8.774430 18.015000 -25.405000 -8.419041 19.015000 -25.405000 -8.268612 20.015000 -25.405000 -8.093711 21.015000 -25.405000 -8.016988 22.015000 -25.405000 -7.580495 23.015000 -25.405000 -7.108296 24.015000 -25.405000 -7.076378 25.015000 -25.405000 -7.198711 26.015000 -25.405000 -7.619526 27.015000 -25.405000 -6.859041 28.015000 -25.405000 -6.859041 29.015000 -25.405000 -6.859041 30.015000 -25.405000 -7.389041 31.015000 -25.405000 -7.389041 32.015000 -25.405000 -7.389041 33.015000 -25.405000 -7.389041 34.015000 -25.405000 -7.389041 35.015000 -25.405000 -7.389041 36.015000 -25.405000 -7.439041 37.015000 -25.405000 -8.149041 38.015000 -25.405000 -8.149041 39.015000 -25.405000 -8.149041 40.015000 -25.405000 -8.149041 41.015000 -25.405000 -8.409041 42.015000 -25.405000 -8.409041 43.015000 -25.405000 -8.409041 44.015000 -25.405000 -8.409041 45.015000 -25.405000 -8.409041 46.015000 -25.405000 -9.029041 47.015000 -25.405000 -9.029041 48.015000 -25.405000 -9.049041 49.015000 -25.405000 -8.079041 50.015000 -25.405000 -8.079041 -49.985000 -24.405000 -2.599041 -48.985000 -24.405000 -2.424254 -47.985000 -24.405000 -2.397530 -46.985000 -24.405000 -2.348961 -45.985000 -24.405000 -2.262338 -44.985000 -24.405000 -2.035691 -43.985000 -24.405000 -2.088202 -42.985000 -24.405000 -2.031006 -41.985000 -24.405000 -1.929193 -40.985000 -24.405000 -1.827379 -39.985000 -24.405000 -1.744290 -38.985000 -24.405000 -1.718880 -37.985000 -24.405000 -1.719549 -36.985000 -24.405000 -1.720217 -35.985000 -24.405000 -1.720885 -34.985000 -24.405000 -1.721553 -33.985000 -24.405000 -1.750332 -32.985000 -24.405000 -1.789542 -31.985000 -24.405000 -1.671613 -30.985000 -24.405000 -1.738389 -29.985000 -24.405000 -1.736170 -28.985000 -24.405000 -1.718739 -27.985000 -24.405000 -1.705941 -26.985000 -24.405000 -1.693143 -25.985000 -24.405000 -1.698455 -24.985000 -24.405000 -1.719192 -23.985000 -24.405000 -1.788773 -22.985000 -24.405000 -1.834690 -21.985000 -24.405000 -1.825750 -20.985000 -24.405000 -1.794712 -19.985000 -24.405000 -1.763675 -18.985000 -24.405000 -1.855162 -17.985000 -24.405000 -1.968547 -16.985000 -24.405000 -1.925762 -15.985000 -24.405000 -1.925751 -14.985000 -24.405000 -1.957500 -13.985000 -24.405000 -1.989249 -12.985000 -24.405000 -2.020997 -11.985000 -24.405000 -2.634368 -10.985000 -24.405000 -3.614441 -9.985000 -24.405000 -4.153385 -8.985000 -24.405000 -5.175617 -7.985000 -24.405000 -5.683842 -6.985000 -24.405000 -6.772263 -5.985000 -24.405000 -7.087490 -4.985000 -24.405000 -7.549682 -3.985000 -24.405000 -8.115945 -2.985000 -24.405000 -8.453281 -1.985000 -24.405000 -8.552124 -0.985000 -24.405000 -8.654165 0.015000 -24.405000 -8.828712 1.015000 -24.405000 -8.990359 2.015000 -24.405000 -9.092369 3.015000 -24.405000 -9.029145 4.015000 -24.405000 -9.030962 5.015000 -24.405000 -9.304467 6.015000 -24.405000 -9.543379 7.015000 -24.405000 -9.709841 8.015000 -24.405000 -9.831766 9.015000 -24.405000 -9.850785 10.015000 -24.405000 -9.845103 11.015000 -24.405000 -9.765149 12.015000 -24.405000 -9.741052 13.015000 -24.405000 -9.730823 14.015000 -24.405000 -9.673441 15.015000 -24.405000 -9.482802 16.015000 -24.405000 -9.162017 17.015000 -24.405000 -8.802729 18.015000 -24.405000 -8.569953 19.015000 -24.405000 -8.276643 20.015000 -24.405000 -8.016424 21.015000 -24.405000 -7.857207 22.015000 -24.405000 -7.763504 23.015000 -24.405000 -7.564514 24.015000 -24.405000 -7.092315 25.015000 -24.405000 -6.942771 26.015000 -24.405000 -7.105395 27.015000 -24.405000 -7.227729 28.015000 -24.405000 -7.399115 29.015000 -24.405000 -6.859041 30.015000 -24.405000 -7.389041 31.015000 -24.405000 -7.389041 32.015000 -24.405000 -7.389041 33.015000 -24.405000 -7.389041 34.015000 -24.405000 -7.389041 35.015000 -24.405000 -7.439041 36.015000 -24.405000 -8.149041 37.015000 -24.405000 -8.149041 38.015000 -24.405000 -8.149041 39.015000 -24.405000 -8.149041 40.015000 -24.405000 -8.409041 41.015000 -24.405000 -8.409041 42.015000 -24.405000 -8.409041 43.015000 -24.405000 -8.409041 44.015000 -24.405000 -8.409041 45.015000 -24.405000 -9.059041 46.015000 -24.405000 -9.019041 47.015000 -24.405000 -9.049041 48.015000 -24.405000 -8.939041 49.015000 -24.405000 -8.079041 50.015000 -24.405000 -8.079041 -49.985000 -23.405000 -2.869041 -48.985000 -23.405000 -2.709698 -47.985000 -23.405000 -2.646108 -46.985000 -23.405000 -2.517348 -45.985000 -23.405000 -2.605012 -44.985000 -23.405000 -2.468595 -43.985000 -23.405000 -2.314236 -42.985000 -23.405000 -2.205425 -41.985000 -23.405000 -2.224227 -40.985000 -23.405000 -2.120140 -39.985000 -23.405000 -2.005284 -38.985000 -23.405000 -1.781843 -37.985000 -23.405000 -1.770966 -36.985000 -23.405000 -1.817184 -35.985000 -23.405000 -1.861040 -34.985000 -23.405000 -1.900072 -33.985000 -23.405000 -1.939104 -32.985000 -23.405000 -1.943982 -31.985000 -23.405000 -1.772706 -30.985000 -23.405000 -1.689686 -29.985000 -23.405000 -1.627911 -28.985000 -23.405000 -1.672882 -27.985000 -23.405000 -1.690941 -26.985000 -23.405000 -1.795005 -25.985000 -23.405000 -2.001127 -24.985000 -23.405000 -1.717007 -23.985000 -23.405000 -1.684654 -22.985000 -23.405000 -1.640371 -21.985000 -23.405000 -1.609334 -20.985000 -23.405000 -1.578296 -19.985000 -23.405000 -1.649643 -18.985000 -23.405000 -1.657136 -17.985000 -23.405000 -1.688884 -16.985000 -23.405000 -1.720633 -15.985000 -23.405000 -1.752381 -14.985000 -23.405000 -1.787479 -13.985000 -23.405000 -1.837089 -12.985000 -23.405000 -1.919157 -11.985000 -23.405000 -2.467155 -10.985000 -23.405000 -3.609962 -9.985000 -23.405000 -4.201702 -8.985000 -23.405000 -5.072382 -7.985000 -23.405000 -5.884726 -6.985000 -23.405000 -6.705026 -5.985000 -23.405000 -7.122748 -4.985000 -23.405000 -7.714950 -3.985000 -23.405000 -8.112469 -2.985000 -23.405000 -8.488355 -1.985000 -23.405000 -8.629342 -0.985000 -23.405000 -8.698344 0.015000 -23.405000 -8.952775 1.015000 -23.405000 -9.175459 2.015000 -23.405000 -9.326026 3.015000 -23.405000 -9.338258 4.015000 -23.405000 -9.407776 5.015000 -23.405000 -9.657632 6.015000 -23.405000 -9.770881 7.015000 -23.405000 -9.837275 8.015000 -23.405000 -9.906204 9.015000 -23.405000 -9.890748 10.015000 -23.405000 -9.847522 11.015000 -23.405000 -9.758932 12.015000 -23.405000 -9.802007 13.015000 -23.405000 -9.860257 14.015000 -23.405000 -9.755163 15.015000 -23.405000 -9.490022 16.015000 -23.405000 -9.143401 17.015000 -23.405000 -8.802543 18.015000 -23.405000 -8.484428 19.015000 -23.405000 -8.187494 20.015000 -23.405000 -7.953115 21.015000 -23.405000 -7.763571 22.015000 -23.405000 -7.612784 23.015000 -23.405000 -7.510020 24.015000 -23.405000 -7.358671 25.015000 -23.405000 -7.076333 26.015000 -23.405000 -6.805511 27.015000 -23.405000 -7.012079 28.015000 -23.405000 -7.134413 29.015000 -23.405000 -7.256746 30.015000 -23.405000 -7.420718 31.015000 -23.405000 -7.389041 32.015000 -23.405000 -7.389041 33.015000 -23.405000 -7.389041 34.015000 -23.405000 -7.439041 35.015000 -23.405000 -7.439041 36.015000 -23.405000 -8.149041 37.015000 -23.405000 -8.149041 38.015000 -23.405000 -8.149041 39.015000 -23.405000 -8.199041 40.015000 -23.405000 -8.409041 41.015000 -23.405000 -8.409041 42.015000 -23.405000 -8.409041 43.015000 -23.405000 -8.409041 44.015000 -23.405000 -8.949041 45.015000 -23.405000 -9.029041 46.015000 -23.405000 -9.019041 47.015000 -23.405000 -9.049041 48.015000 -23.405000 -8.939041 49.015000 -23.405000 -8.079041 50.015000 -23.405000 -8.079041 -49.985000 -22.405000 -2.679041 -48.985000 -22.405000 -2.755097 -47.985000 -22.405000 -2.495338 -46.985000 -22.405000 -2.538706 -45.985000 -22.405000 -2.805013 -44.985000 -22.405000 -2.754999 -43.985000 -22.405000 -2.668878 -42.985000 -22.405000 -2.339673 -41.985000 -22.405000 -2.377306 -40.985000 -22.405000 -2.405000 -39.985000 -22.405000 -2.402738 -38.985000 -22.405000 -1.832780 -37.985000 -22.405000 -1.724969 -36.985000 -22.405000 -1.717012 -35.985000 -22.405000 -1.756044 -34.985000 -22.405000 -1.795076 -33.985000 -22.405000 -2.274500 -32.985000 -22.405000 -2.213725 -31.985000 -22.405000 -1.916174 -30.985000 -22.405000 -1.775385 -29.985000 -22.405000 -1.705581 -28.985000 -22.405000 -1.777191 -27.985000 -22.405000 -1.859240 -26.985000 -22.405000 -1.941305 -25.985000 -22.405000 -2.077482 -24.985000 -22.405000 -1.963041 -23.985000 -22.405000 -1.854341 -22.985000 -22.405000 -1.685334 -21.985000 -22.405000 -1.577428 -20.985000 -22.405000 -1.482256 -19.985000 -22.405000 -1.528866 -18.985000 -22.405000 -1.604034 -17.985000 -22.405000 -1.686102 -16.985000 -22.405000 -1.768170 -15.985000 -22.405000 -1.850237 -14.985000 -22.405000 -1.932305 -13.985000 -22.405000 -2.014373 -12.985000 -22.405000 -2.096441 -11.985000 -22.405000 -2.699877 -10.985000 -22.405000 -3.615885 -9.985000 -22.405000 -4.265561 -8.985000 -22.405000 -5.303345 -7.985000 -22.405000 -5.738553 -6.985000 -22.405000 -6.206283 -5.985000 -22.405000 -7.150318 -4.985000 -22.405000 -7.659351 -3.985000 -22.405000 -8.059601 -2.985000 -22.405000 -8.453484 -1.985000 -22.405000 -8.726489 -0.985000 -22.405000 -8.855961 0.015000 -22.405000 -8.968994 1.015000 -22.405000 -9.382113 2.015000 -22.405000 -9.552144 3.015000 -22.405000 -9.669041 4.015000 -22.405000 -9.756284 5.015000 -22.405000 -9.870753 6.015000 -22.405000 -9.892841 7.015000 -22.405000 -9.903462 8.015000 -22.405000 -9.976728 9.015000 -22.405000 -9.952249 10.015000 -22.405000 -9.848769 11.015000 -22.405000 -9.761575 12.015000 -22.405000 -9.891489 13.015000 -22.405000 -9.861313 14.015000 -22.405000 -9.735449 15.015000 -22.405000 -9.494626 16.015000 -22.405000 -9.175519 17.015000 -22.405000 -8.787681 18.015000 -22.405000 -8.415497 19.015000 -22.405000 -8.060246 20.015000 -22.405000 -7.853314 21.015000 -22.405000 -7.706605 22.015000 -22.405000 -7.533101 23.015000 -22.405000 -7.368361 24.015000 -22.405000 -7.256536 25.015000 -22.405000 -7.105187 26.015000 -22.405000 -6.953837 27.015000 -22.405000 -6.668251 28.015000 -22.405000 -6.918763 29.015000 -22.405000 -7.041097 30.015000 -22.405000 -7.163430 31.015000 -22.405000 -7.285763 32.015000 -22.405000 -7.442321 33.015000 -22.405000 -7.439041 34.015000 -22.405000 -7.439041 35.015000 -22.405000 -7.959041 36.015000 -22.405000 -8.149041 37.015000 -22.405000 -8.149041 38.015000 -22.405000 -8.199041 39.015000 -22.405000 -8.449041 40.015000 -22.405000 -8.409041 41.015000 -22.405000 -8.409041 42.015000 -22.405000 -8.409041 43.015000 -22.405000 -8.409041 44.015000 -22.405000 -8.949041 45.015000 -22.405000 -9.029041 46.015000 -22.405000 -9.029041 47.015000 -22.405000 -9.049041 48.015000 -22.405000 -8.079041 49.015000 -22.405000 -8.079041 50.015000 -22.405000 -8.079041 -49.985000 -21.405000 -2.729041 -48.985000 -21.405000 -2.649858 -47.985000 -21.405000 -2.600616 -46.985000 -21.405000 -2.580521 -45.985000 -21.405000 -2.711107 -44.985000 -21.405000 -2.728403 -43.985000 -21.405000 -2.591518 -42.985000 -21.405000 -2.495001 -41.985000 -21.405000 -2.508955 -40.985000 -21.405000 -2.542288 -39.985000 -21.405000 -2.585098 -38.985000 -21.405000 -2.450275 -37.985000 -21.405000 -2.076033 -36.985000 -21.405000 -1.819954 -35.985000 -21.405000 -1.677069 -34.985000 -21.405000 -1.701479 -33.985000 -21.405000 -1.890625 -32.985000 -21.405000 -2.296995 -31.985000 -21.405000 -2.215825 -30.985000 -21.405000 -1.818521 -29.985000 -21.405000 -1.872311 -28.985000 -21.405000 -2.272145 -27.985000 -21.405000 -1.966881 -26.985000 -21.405000 -2.446633 -25.985000 -21.405000 -2.552168 -24.985000 -21.405000 -2.321537 -23.985000 -21.405000 -2.144617 -22.985000 -21.405000 -1.823484 -21.985000 -21.405000 -1.617920 -20.985000 -21.405000 -1.324753 -19.985000 -21.405000 -1.338770 -18.985000 -21.405000 -1.415073 -17.985000 -21.405000 -1.491375 -16.985000 -21.405000 -1.567678 -15.985000 -21.405000 -1.643980 -14.985000 -21.405000 -1.720282 -13.985000 -21.405000 -1.925943 -12.985000 -21.405000 -2.254135 -11.985000 -21.405000 -2.760065 -10.985000 -21.405000 -3.472115 -9.985000 -21.405000 -4.368993 -8.985000 -21.405000 -4.863041 -7.985000 -21.405000 -5.733800 -6.985000 -21.405000 -6.547081 -5.985000 -21.405000 -6.939633 -4.985000 -21.405000 -7.522457 -3.985000 -21.405000 -8.048794 -2.985000 -21.405000 -8.445774 -1.985000 -21.405000 -8.803441 -0.985000 -21.405000 -9.019121 0.015000 -21.405000 -9.139294 1.015000 -21.405000 -9.377729 2.015000 -21.405000 -9.673755 3.015000 -21.405000 -9.825433 4.015000 -21.405000 -9.891532 5.015000 -21.405000 -10.012113 6.015000 -21.405000 -10.074361 7.015000 -21.405000 -10.143536 8.015000 -21.405000 -10.123075 9.015000 -21.405000 -10.055713 10.015000 -21.405000 -9.951089 11.015000 -21.405000 -9.923253 12.015000 -21.405000 -9.998166 13.015000 -21.405000 -9.921441 14.015000 -21.405000 -9.714545 15.015000 -21.405000 -9.453054 16.015000 -21.405000 -9.110625 17.015000 -21.405000 -8.717473 18.015000 -21.405000 -8.422372 19.015000 -21.405000 -8.132384 20.015000 -21.405000 -7.945277 21.015000 -21.405000 -7.670821 22.015000 -21.405000 -7.474217 23.015000 -21.405000 -7.302631 24.015000 -21.405000 -7.129128 25.015000 -21.405000 -7.003053 26.015000 -21.405000 -6.851703 27.015000 -21.405000 -6.700354 28.015000 -21.405000 -6.556649 29.015000 -21.405000 -6.812203 30.015000 -21.405000 -7.024112 31.015000 -21.405000 -7.236021 32.015000 -21.405000 -7.309041 33.015000 -21.405000 -7.535487 34.015000 -21.405000 -7.476771 35.015000 -21.405000 -8.149041 36.015000 -21.405000 -8.149041 37.015000 -21.405000 -8.199041 38.015000 -21.405000 -8.199041 39.015000 -21.405000 -8.409041 40.015000 -21.405000 -8.409041 41.015000 -21.405000 -8.409041 42.015000 -21.405000 -8.409041 43.015000 -21.405000 -8.929041 44.015000 -21.405000 -9.059041 45.015000 -21.405000 -9.019041 46.015000 -21.405000 -9.049041 47.015000 -21.405000 -8.939041 48.015000 -21.405000 -8.079041 49.015000 -21.405000 -8.079041 50.015000 -21.405000 -8.079041 -49.985000 -20.405000 -2.769041 -48.985000 -20.405000 -2.760217 -47.985000 -20.405000 -2.734236 -46.985000 -20.405000 -2.641225 -45.985000 -20.405000 -2.621841 -44.985000 -20.405000 -2.680858 -43.985000 -20.405000 -2.740299 -42.985000 -20.405000 -2.616706 -41.985000 -20.405000 -2.584139 -40.985000 -20.405000 -2.648196 -39.985000 -20.405000 -2.684412 -38.985000 -20.405000 -2.681041 -37.985000 -20.405000 -2.414718 -36.985000 -20.405000 -2.093030 -35.985000 -20.405000 -1.798029 -34.985000 -20.405000 -2.229785 -33.985000 -20.405000 -2.653311 -32.985000 -20.405000 -2.636620 -31.985000 -20.405000 -2.422641 -30.985000 -20.405000 -2.273365 -29.985000 -20.405000 -2.330827 -28.985000 -20.405000 -2.368417 -27.985000 -20.405000 -2.593819 -26.985000 -20.405000 -2.738317 -25.985000 -20.405000 -3.050710 -24.985000 -20.405000 -2.957542 -23.985000 -20.405000 -2.113051 -22.985000 -20.405000 -2.045473 -21.985000 -20.405000 -1.751129 -20.985000 -20.405000 -1.374751 -19.985000 -20.405000 -1.032909 -18.985000 -20.405000 -1.109211 -17.985000 -20.405000 -1.185514 -16.985000 -20.405000 -1.261816 -15.985000 -20.405000 -1.432137 -14.985000 -20.405000 -1.760329 -13.985000 -20.405000 -2.088520 -12.985000 -20.405000 -2.287001 -11.985000 -20.405000 -2.897796 -10.985000 -20.405000 -3.348405 -9.985000 -20.405000 -4.243552 -8.985000 -20.405000 -5.297441 -7.985000 -20.405000 -5.787155 -6.985000 -20.405000 -6.407967 -5.985000 -20.405000 -7.079566 -4.985000 -20.405000 -7.382080 -3.985000 -20.405000 -8.123690 -2.985000 -20.405000 -8.525933 -1.985000 -20.405000 -8.839265 -0.985000 -20.405000 -9.095044 0.015000 -20.405000 -9.197890 1.015000 -20.405000 -9.514843 2.015000 -20.405000 -9.738902 3.015000 -20.405000 -9.865123 4.015000 -20.405000 -9.955162 5.015000 -20.405000 -10.068560 6.015000 -20.405000 -10.186778 7.015000 -20.405000 -10.255785 8.015000 -20.405000 -10.199109 9.015000 -20.405000 -10.140557 10.015000 -20.405000 -10.081641 11.015000 -20.405000 -10.082363 12.015000 -20.405000 -10.063465 13.015000 -20.405000 -9.934125 14.015000 -20.405000 -9.696647 15.015000 -20.405000 -9.401293 16.015000 -20.405000 -9.085589 17.015000 -20.405000 -8.734597 18.015000 -20.405000 -8.348031 19.015000 -20.405000 -8.084626 20.015000 -20.405000 -7.927264 21.015000 -20.405000 -7.760511 22.015000 -20.405000 -7.491822 23.015000 -20.405000 -7.293886 24.015000 -20.405000 -7.087079 25.015000 -20.405000 -6.898658 26.015000 -20.405000 -6.749569 27.015000 -20.405000 -6.767932 28.015000 -20.405000 -6.757646 29.015000 -20.405000 -6.935119 30.015000 -20.405000 -7.242250 31.015000 -20.405000 -7.308773 32.015000 -20.405000 -7.495857 33.015000 -20.405000 -7.737734 34.015000 -20.405000 -7.967931 35.015000 -20.405000 -8.131201 36.015000 -20.405000 -7.656034 37.015000 -20.405000 -8.199041 38.015000 -20.405000 -8.449041 39.015000 -20.405000 -8.409041 40.015000 -20.405000 -8.409041 41.015000 -20.405000 -8.409041 42.015000 -20.405000 -8.409041 43.015000 -20.405000 -8.929041 44.015000 -20.405000 -9.059041 45.015000 -20.405000 -9.019041 46.015000 -20.405000 -9.049041 47.015000 -20.405000 -8.939041 48.015000 -20.405000 -8.079041 49.015000 -20.405000 -8.079041 50.015000 -20.405000 -8.079041 -49.985000 -19.405000 -3.129041 -48.985000 -19.405000 -3.031297 -47.985000 -19.405000 -2.955672 -46.985000 -19.405000 -2.861211 -45.985000 -19.405000 -2.862795 -44.985000 -19.405000 -2.798677 -43.985000 -19.405000 -2.784362 -42.985000 -19.405000 -2.685099 -41.985000 -19.405000 -2.691110 -40.985000 -19.405000 -2.977582 -39.985000 -19.405000 -2.835793 -38.985000 -19.405000 -2.852270 -37.985000 -19.405000 -2.732441 -36.985000 -19.405000 -2.438716 -35.985000 -19.405000 -2.312806 -34.985000 -19.405000 -2.547678 -33.985000 -19.405000 -2.776190 -32.985000 -19.405000 -2.404843 -31.985000 -19.405000 -2.681049 -30.985000 -19.405000 -2.665079 -29.985000 -19.405000 -2.548874 -28.985000 -19.405000 -2.862412 -27.985000 -19.405000 -3.069709 -26.985000 -19.405000 -3.016363 -25.985000 -19.405000 -2.695719 -24.985000 -19.405000 -2.386892 -23.985000 -19.405000 -2.151840 -22.985000 -19.405000 -2.081543 -21.985000 -19.405000 -1.779173 -20.985000 -19.405000 -1.369119 -19.985000 -19.405000 -0.976811 -18.985000 -19.405000 -0.803350 -17.985000 -19.405000 -0.938331 -16.985000 -19.405000 -1.208689 -15.985000 -19.405000 -1.391217 -14.985000 -19.405000 -1.579654 -13.985000 -19.405000 -1.768092 -12.985000 -19.405000 -2.073108 -11.985000 -19.405000 -2.794982 -10.985000 -19.405000 -3.691271 -9.985000 -19.405000 -4.374319 -8.985000 -19.405000 -5.164614 -7.985000 -19.405000 -5.750725 -6.985000 -19.405000 -6.368325 -5.985000 -19.405000 -7.018920 -4.985000 -19.405000 -7.642161 -3.985000 -19.405000 -8.065450 -2.985000 -19.405000 -8.573504 -1.985000 -19.405000 -8.826599 -0.985000 -19.405000 -9.100201 0.015000 -19.405000 -9.339113 1.015000 -19.405000 -9.600927 2.015000 -19.405000 -9.751280 3.015000 -19.405000 -9.836082 4.015000 -19.405000 -9.943636 5.015000 -19.405000 -10.047935 6.015000 -19.405000 -10.166872 7.015000 -19.405000 -10.275262 8.015000 -19.405000 -10.236735 9.015000 -19.405000 -10.210561 10.015000 -19.405000 -10.198301 11.015000 -19.405000 -10.176793 12.015000 -19.405000 -10.099101 13.015000 -19.405000 -9.883206 14.015000 -19.405000 -9.647708 15.015000 -19.405000 -9.375886 16.015000 -19.405000 -9.058692 17.015000 -19.405000 -8.714233 18.015000 -19.405000 -8.359556 19.015000 -19.405000 -8.008329 20.015000 -19.405000 -7.813062 21.015000 -19.405000 -7.666700 22.015000 -19.405000 -7.515552 23.015000 -19.405000 -7.312823 24.015000 -19.405000 -7.149202 25.015000 -19.405000 -6.993450 26.015000 -19.405000 -6.886073 27.015000 -19.405000 -6.865209 28.015000 -19.405000 -6.995273 29.015000 -19.405000 -7.237824 30.015000 -19.405000 -7.353936 31.015000 -19.405000 -7.473421 32.015000 -19.405000 -7.837841 33.015000 -19.405000 -7.953418 34.015000 -19.405000 -8.116230 35.015000 -19.405000 -8.230073 36.015000 -19.405000 -8.254654 37.015000 -19.405000 -8.205584 38.015000 -19.405000 -7.835298 39.015000 -19.405000 -8.409041 40.015000 -19.405000 -8.409041 41.015000 -19.405000 -8.409041 42.015000 -19.405000 -8.929041 43.015000 -19.405000 -8.949041 44.015000 -19.405000 -9.029041 45.015000 -19.405000 -9.029041 46.015000 -19.405000 -9.049041 47.015000 -19.405000 -8.939041 48.015000 -19.405000 -8.079041 49.015000 -19.405000 -8.079041 50.015000 -19.405000 -8.079041 -49.985000 -18.405000 -3.349041 -48.985000 -18.405000 -3.195382 -47.985000 -18.405000 -3.172931 -46.985000 -18.405000 -3.215485 -45.985000 -18.405000 -3.249976 -44.985000 -18.405000 -3.021794 -43.985000 -18.405000 -2.893019 -42.985000 -18.405000 -2.991121 -41.985000 -18.405000 -3.015790 -40.985000 -18.405000 -3.142303 -39.985000 -18.405000 -3.183217 -38.985000 -18.405000 -2.885298 -37.985000 -18.405000 -2.956472 -36.985000 -18.405000 -2.912671 -35.985000 -18.405000 -2.854346 -34.985000 -18.405000 -2.825999 -33.985000 -18.405000 -2.764554 -32.985000 -18.405000 -2.543126 -31.985000 -18.405000 -2.439187 -30.985000 -18.405000 -2.554948 -29.985000 -18.405000 -2.738021 -28.985000 -18.405000 -3.177861 -27.985000 -18.405000 -3.118801 -26.985000 -18.405000 -2.838518 -25.985000 -18.405000 -2.799980 -24.985000 -18.405000 -2.782605 -23.985000 -18.405000 -2.508019 -22.985000 -18.405000 -2.383503 -21.985000 -18.405000 -2.079536 -20.985000 -18.405000 -1.758370 -19.985000 -18.405000 -1.184550 -18.985000 -18.405000 -0.706282 -17.985000 -18.405000 -0.708235 -16.985000 -18.405000 -0.896673 -15.985000 -18.405000 -1.085110 -14.985000 -18.405000 -1.273548 -13.985000 -18.405000 -1.461985 -12.985000 -18.405000 -1.869812 -11.985000 -18.405000 -2.591201 -10.985000 -18.405000 -3.432115 -9.985000 -18.405000 -4.092405 -8.985000 -18.405000 -5.293880 -7.985000 -18.405000 -5.764045 -6.985000 -18.405000 -6.163393 -5.985000 -18.405000 -6.934609 -4.985000 -18.405000 -7.532289 -3.985000 -18.405000 -8.063489 -2.985000 -18.405000 -8.462685 -1.985000 -18.405000 -8.731841 -0.985000 -18.405000 -9.086640 0.015000 -18.405000 -9.366081 1.015000 -18.405000 -9.572941 2.015000 -18.405000 -9.645121 3.015000 -18.405000 -9.750909 4.015000 -18.405000 -9.897204 5.015000 -18.405000 -10.030986 6.015000 -18.405000 -10.178217 7.015000 -18.405000 -10.295569 8.015000 -18.405000 -10.277991 9.015000 -18.405000 -10.243353 10.015000 -18.405000 -10.256177 11.015000 -18.405000 -10.247984 12.015000 -18.405000 -10.113549 13.015000 -18.405000 -9.861185 14.015000 -18.405000 -9.658057 15.015000 -18.405000 -9.312334 16.015000 -18.405000 -9.004438 17.015000 -18.405000 -8.668380 18.015000 -18.405000 -8.378216 19.015000 -18.405000 -8.026846 20.015000 -18.405000 -7.745260 21.015000 -18.405000 -7.543610 22.015000 -18.405000 -7.397118 23.015000 -18.405000 -7.250625 24.015000 -18.405000 -7.236058 25.015000 -18.405000 -7.166961 26.015000 -18.405000 -7.126114 27.015000 -18.405000 -7.146001 28.015000 -18.405000 -7.257737 29.015000 -18.405000 -7.458487 30.015000 -18.405000 -7.645151 31.015000 -18.405000 -7.820161 32.015000 -18.405000 -8.055041 33.015000 -18.405000 -8.299337 34.015000 -18.405000 -8.531165 35.015000 -18.405000 -8.582009 36.015000 -18.405000 -8.505635 37.015000 -18.405000 -8.489351 38.015000 -18.405000 -8.439434 39.015000 -18.405000 -8.269042 40.015000 -18.405000 -8.014562 41.015000 -18.405000 -8.759041 42.015000 -18.405000 -8.929041 43.015000 -18.405000 -8.949041 44.015000 -18.405000 -9.029041 45.015000 -18.405000 -9.029041 46.015000 -18.405000 -8.939041 47.015000 -18.405000 -8.939041 48.015000 -18.405000 -8.079041 49.015000 -18.405000 -8.079041 50.015000 -18.405000 -8.069041 -49.985000 -17.405000 -3.829041 -48.985000 -17.405000 -3.613699 -47.985000 -17.405000 -3.591632 -46.985000 -17.405000 -3.548841 -45.985000 -17.405000 -3.467961 -44.985000 -17.405000 -3.254153 -43.985000 -17.405000 -3.192963 -42.985000 -17.405000 -3.188109 -41.985000 -17.405000 -3.318737 -40.985000 -17.405000 -3.344122 -39.985000 -17.405000 -3.323745 -38.985000 -17.405000 -3.116849 -37.985000 -17.405000 -3.013585 -36.985000 -17.405000 -2.906247 -35.985000 -17.405000 -3.247641 -34.985000 -17.405000 -3.170105 -33.985000 -17.405000 -3.088210 -32.985000 -17.405000 -2.882943 -31.985000 -17.405000 -2.569441 -30.985000 -17.405000 -2.449884 -29.985000 -17.405000 -2.373537 -28.985000 -17.405000 -3.183198 -27.985000 -17.405000 -3.292657 -26.985000 -17.405000 -2.894041 -25.985000 -17.405000 -2.906169 -24.985000 -17.405000 -2.823577 -23.985000 -17.405000 -2.652569 -22.985000 -17.405000 -2.327881 -21.985000 -17.405000 -2.005660 -20.985000 -17.405000 -1.804937 -19.985000 -17.405000 -1.288411 -18.985000 -17.405000 -0.937990 -17.985000 -17.405000 -0.770573 -16.985000 -17.405000 -0.604926 -15.985000 -17.405000 -0.779003 -14.985000 -17.405000 -0.967441 -13.985000 -17.405000 -1.041749 -12.985000 -17.405000 -1.698566 -11.985000 -17.405000 -2.805393 -10.985000 -17.405000 -3.375891 -9.985000 -17.405000 -3.889769 -8.985000 -17.405000 -4.750758 -7.985000 -17.405000 -5.757078 -6.985000 -17.405000 -6.357804 -5.985000 -17.405000 -6.793906 -4.985000 -17.405000 -7.435569 -3.985000 -17.405000 -7.948870 -2.985000 -17.405000 -8.359801 -1.985000 -17.405000 -8.674435 -0.985000 -17.405000 -9.023569 0.015000 -17.405000 -9.316702 1.015000 -17.405000 -9.532081 2.015000 -17.405000 -9.653696 3.015000 -17.405000 -9.753839 4.015000 -17.405000 -9.863560 5.015000 -17.405000 -9.983881 6.015000 -17.405000 -10.234207 7.015000 -17.405000 -10.330454 8.015000 -17.405000 -10.300241 9.015000 -17.405000 -10.269041 10.015000 -17.405000 -10.328481 11.015000 -17.405000 -10.300370 12.015000 -17.405000 -10.108249 13.015000 -17.405000 -9.858257 14.015000 -17.405000 -9.582001 15.015000 -17.405000 -9.255760 16.015000 -17.405000 -8.943011 17.015000 -17.405000 -8.590644 18.015000 -17.405000 -8.314009 19.015000 -17.405000 -8.036637 20.015000 -17.405000 -7.765657 21.015000 -17.405000 -7.420650 22.015000 -17.405000 -7.424229 23.015000 -17.405000 -7.494963 24.015000 -17.405000 -7.538929 25.015000 -17.405000 -7.481233 26.015000 -17.405000 -7.434305 27.015000 -17.405000 -7.384725 28.015000 -17.405000 -7.469681 29.015000 -17.405000 -7.722049 30.015000 -17.405000 -7.979135 31.015000 -17.405000 -8.179873 32.015000 -17.405000 -8.309319 33.015000 -17.405000 -8.625651 34.015000 -17.405000 -8.854373 35.015000 -17.405000 -8.908441 36.015000 -17.405000 -8.830121 37.015000 -17.405000 -8.715209 38.015000 -17.405000 -8.653222 39.015000 -17.405000 -8.617097 40.015000 -17.405000 -8.634498 41.015000 -17.405000 -8.339128 42.015000 -17.405000 -8.144285 43.015000 -17.405000 -7.871372 44.015000 -17.405000 -9.019041 45.015000 -17.405000 -9.049041 46.015000 -17.405000 -8.939041 47.015000 -17.405000 -8.939041 48.015000 -17.405000 -8.079041 49.015000 -17.405000 -8.079041 50.015000 -17.405000 -8.069041 -49.985000 -16.405000 -4.039041 -48.985000 -16.405000 -4.009232 -47.985000 -16.405000 -3.855429 -46.985000 -16.405000 -3.790222 -45.985000 -16.405000 -3.639649 -44.985000 -16.405000 -3.510020 -43.985000 -16.405000 -3.360036 -42.985000 -16.405000 -3.205489 -41.985000 -16.405000 -3.219569 -40.985000 -16.405000 -3.313695 -39.985000 -16.405000 -3.340776 -38.985000 -16.405000 -3.198035 -37.985000 -16.405000 -3.027600 -36.985000 -16.405000 -2.980043 -35.985000 -16.405000 -3.310871 -34.985000 -16.405000 -3.450843 -33.985000 -16.405000 -3.342321 -32.985000 -16.405000 -3.180128 -31.985000 -16.405000 -2.879017 -30.985000 -16.405000 -2.590081 -29.985000 -16.405000 -2.537923 -28.985000 -16.405000 -2.714555 -27.985000 -16.405000 -2.952144 -26.985000 -16.405000 -3.047437 -25.985000 -16.405000 -3.030951 -24.985000 -16.405000 -2.935951 -23.985000 -16.405000 -2.709936 -22.985000 -16.405000 -2.428675 -21.985000 -16.405000 -2.170306 -20.985000 -16.405000 -1.959176 -19.985000 -16.405000 -1.431053 -18.985000 -16.405000 -0.955490 -17.985000 -16.405000 -0.651369 -16.985000 -16.405000 -0.632575 -15.985000 -16.405000 -0.669217 -14.985000 -16.405000 -0.661334 -13.985000 -16.405000 -0.787080 -12.985000 -16.405000 -1.708577 -11.985000 -16.405000 -2.728707 -10.985000 -16.405000 -3.124236 -9.985000 -16.405000 -4.105748 -8.985000 -16.405000 -5.198468 -7.985000 -16.405000 -5.499504 -6.985000 -16.405000 -6.228645 -5.985000 -16.405000 -6.776621 -4.985000 -16.405000 -7.258536 -3.985000 -16.405000 -7.847961 -2.985000 -16.405000 -8.297084 -1.985000 -16.405000 -8.683099 -0.985000 -16.405000 -8.977889 0.015000 -16.405000 -9.265692 1.015000 -16.405000 -9.459017 2.015000 -16.405000 -9.621046 3.015000 -16.405000 -9.745978 4.015000 -16.405000 -9.872087 5.015000 -16.405000 -10.129924 6.015000 -16.405000 -10.297973 7.015000 -16.405000 -10.330685 8.015000 -16.405000 -10.283152 9.015000 -16.405000 -10.306901 10.015000 -16.405000 -10.418874 11.015000 -16.405000 -10.342008 12.015000 -16.405000 -10.126414 13.015000 -16.405000 -9.864840 14.015000 -16.405000 -9.551834 15.015000 -16.405000 -9.219204 16.015000 -16.405000 -8.888206 17.015000 -16.405000 -8.563757 18.015000 -16.405000 -8.284792 19.015000 -16.405000 -8.010595 20.015000 -16.405000 -7.800246 21.015000 -16.405000 -7.691914 22.015000 -16.405000 -7.703444 23.015000 -16.405000 -7.774854 24.015000 -16.405000 -7.748304 25.015000 -16.405000 -7.631694 26.015000 -16.405000 -7.552306 27.015000 -16.405000 -7.546705 28.015000 -16.405000 -7.621754 29.015000 -16.405000 -7.949085 30.015000 -16.405000 -8.188104 31.015000 -16.405000 -8.383099 32.015000 -16.405000 -8.461722 33.015000 -16.405000 -8.631309 34.015000 -16.405000 -8.861328 35.015000 -16.405000 -9.008036 36.015000 -16.405000 -9.044426 37.015000 -16.405000 -9.066181 38.015000 -16.405000 -9.012065 39.015000 -16.405000 -8.963612 40.015000 -16.405000 -8.866625 41.015000 -16.405000 -8.863341 42.015000 -16.405000 -8.918945 43.015000 -16.405000 -8.585629 44.015000 -16.405000 -8.207743 45.015000 -16.405000 -7.922025 46.015000 -16.405000 -8.939041 47.015000 -16.405000 -8.939041 48.015000 -16.405000 -8.079041 49.015000 -16.405000 -8.079041 50.015000 -16.405000 -8.069041 -49.985000 -15.405000 -4.119041 -48.985000 -15.405000 -4.112635 -47.985000 -15.405000 -4.077192 -46.985000 -15.405000 -3.943747 -45.985000 -15.405000 -3.821857 -44.985000 -15.405000 -3.657328 -43.985000 -15.405000 -3.469577 -42.985000 -15.405000 -3.326197 -41.985000 -15.405000 -3.309756 -40.985000 -15.405000 -3.218346 -39.985000 -15.405000 -3.253742 -38.985000 -15.405000 -3.200199 -37.985000 -15.405000 -3.023934 -36.985000 -15.405000 -3.079649 -35.985000 -15.405000 -3.393234 -34.985000 -15.405000 -3.475027 -33.985000 -15.405000 -3.578116 -32.985000 -15.405000 -3.461965 -31.985000 -15.405000 -3.145628 -30.985000 -15.405000 -2.859590 -29.985000 -15.405000 -2.833414 -28.985000 -15.405000 -2.992031 -27.985000 -15.405000 -3.201793 -26.985000 -15.405000 -3.228170 -25.985000 -15.405000 -3.174321 -24.985000 -15.405000 -3.047912 -23.985000 -15.405000 -2.851028 -22.985000 -15.405000 -2.626945 -21.985000 -15.405000 -2.395301 -20.985000 -15.405000 -2.192545 -19.985000 -15.405000 -1.696441 -18.985000 -15.405000 -1.164841 -17.985000 -15.405000 -0.709752 -16.985000 -15.405000 -0.551086 -15.985000 -15.405000 -0.573476 -14.985000 -15.405000 -0.559697 -13.985000 -15.405000 -0.955997 -12.985000 -15.405000 -1.579734 -11.985000 -15.405000 -2.474167 -10.985000 -15.405000 -2.996678 -9.985000 -15.405000 -4.174602 -8.985000 -15.405000 -4.887985 -7.985000 -15.405000 -5.317411 -6.985000 -15.405000 -6.171799 -5.985000 -15.405000 -6.916822 -4.985000 -15.405000 -7.364347 -3.985000 -15.405000 -7.767041 -2.985000 -15.405000 -8.178709 -1.985000 -15.405000 -8.570569 -0.985000 -15.405000 -8.905183 0.015000 -15.405000 -9.185745 1.015000 -15.405000 -9.424448 2.015000 -15.405000 -9.622513 3.015000 -15.405000 -9.793351 4.015000 -15.405000 -9.967415 5.015000 -15.405000 -10.211498 6.015000 -15.405000 -10.315157 7.015000 -15.405000 -10.321601 8.015000 -15.405000 -10.292600 9.015000 -15.405000 -10.395048 10.015000 -15.405000 -10.557441 11.015000 -15.405000 -10.375894 12.015000 -15.405000 -10.120257 13.015000 -15.405000 -9.852311 14.015000 -15.405000 -9.522589 15.015000 -15.405000 -9.199219 16.015000 -15.405000 -8.876853 17.015000 -15.405000 -8.588241 18.015000 -15.405000 -8.317665 19.015000 -15.405000 -8.073734 20.015000 -15.405000 -7.878683 21.015000 -15.405000 -7.860817 22.015000 -15.405000 -7.874747 23.015000 -15.405000 -7.910503 24.015000 -15.405000 -7.820561 25.015000 -15.405000 -7.668505 26.015000 -15.405000 -7.658275 27.015000 -15.405000 -7.628512 28.015000 -15.405000 -7.754177 29.015000 -15.405000 -7.967889 30.015000 -15.405000 -8.267327 31.015000 -15.405000 -8.433904 32.015000 -15.405000 -8.569819 33.015000 -15.405000 -8.732263 34.015000 -15.405000 -8.923745 35.015000 -15.405000 -8.979061 36.015000 -15.405000 -9.143673 37.015000 -15.405000 -9.242033 38.015000 -15.405000 -9.265843 39.015000 -15.405000 -9.253899 40.015000 -15.405000 -9.147569 41.015000 -15.405000 -9.029174 42.015000 -15.405000 -9.139869 43.015000 -15.405000 -9.088081 44.015000 -15.405000 -9.058397 45.015000 -15.405000 -8.846864 46.015000 -15.405000 -8.425889 47.015000 -15.405000 -8.077186 48.015000 -15.405000 -8.079041 49.015000 -15.405000 -8.069041 50.015000 -15.405000 -8.069041 -49.985000 -14.405000 -4.279041 -48.985000 -14.405000 -4.242912 -47.985000 -14.405000 -4.173984 -46.985000 -14.405000 -4.093593 -45.985000 -14.405000 -4.027401 -44.985000 -14.405000 -3.823068 -43.985000 -14.405000 -3.631444 -42.985000 -14.405000 -3.573481 -41.985000 -14.405000 -3.461041 -40.985000 -14.405000 -3.559101 -39.985000 -14.405000 -3.285041 -38.985000 -14.405000 -3.178631 -37.985000 -14.405000 -3.127945 -36.985000 -14.405000 -3.270999 -35.985000 -14.405000 -3.397207 -34.985000 -14.405000 -3.421925 -33.985000 -14.405000 -3.429374 -32.985000 -14.405000 -3.487685 -31.985000 -14.405000 -3.385769 -30.985000 -14.405000 -3.179857 -29.985000 -14.405000 -3.168508 -28.985000 -14.405000 -3.217073 -27.985000 -14.405000 -3.327481 -26.985000 -14.405000 -3.487824 -25.985000 -14.405000 -3.415036 -24.985000 -14.405000 -3.254649 -23.985000 -14.405000 -3.055641 -22.985000 -14.405000 -2.834825 -21.985000 -14.405000 -2.597490 -20.985000 -14.405000 -2.404121 -19.985000 -14.405000 -2.067443 -18.985000 -14.405000 -1.696643 -17.985000 -14.405000 -0.952373 -16.985000 -14.405000 -0.617569 -15.985000 -14.405000 -0.567082 -14.985000 -14.405000 -0.685324 -13.985000 -14.405000 -1.238827 -12.985000 -14.405000 -1.727715 -11.985000 -14.405000 -2.137368 -10.985000 -14.405000 -2.856328 -9.985000 -14.405000 -4.080089 -8.985000 -14.405000 -4.589113 -7.985000 -14.405000 -5.379241 -6.985000 -14.405000 -6.075852 -5.985000 -14.405000 -6.780217 -4.985000 -14.405000 -7.326841 -3.985000 -14.405000 -7.798826 -2.985000 -14.405000 -8.196309 -1.985000 -14.405000 -8.507105 -0.985000 -14.405000 -8.805281 0.015000 -14.405000 -9.108605 1.015000 -14.405000 -9.372461 2.015000 -14.405000 -9.604606 3.015000 -14.405000 -9.765661 4.015000 -14.405000 -10.112691 5.015000 -14.405000 -10.254113 6.015000 -14.405000 -10.334361 7.015000 -14.405000 -10.336805 8.015000 -14.405000 -10.363138 9.015000 -14.405000 -10.553361 10.015000 -14.405000 -10.657233 11.015000 -14.405000 -10.428849 12.015000 -14.405000 -10.148085 13.015000 -14.405000 -9.836490 14.015000 -14.405000 -9.532545 15.015000 -14.405000 -9.204401 16.015000 -14.405000 -8.924471 17.015000 -14.405000 -8.642289 18.015000 -14.405000 -8.364184 19.015000 -14.405000 -8.157848 20.015000 -14.405000 -8.051015 21.015000 -14.405000 -8.071225 22.015000 -14.405000 -8.083905 23.015000 -14.405000 -8.052144 24.015000 -14.405000 -7.904753 25.015000 -14.405000 -7.811417 26.015000 -14.405000 -7.825041 27.015000 -14.405000 -7.833055 28.015000 -14.405000 -7.981313 29.015000 -14.405000 -8.232239 30.015000 -14.405000 -8.372764 31.015000 -14.405000 -8.465745 32.015000 -14.405000 -8.657625 33.015000 -14.405000 -8.846513 34.015000 -14.405000 -8.967639 35.015000 -14.405000 -9.165177 36.015000 -14.405000 -9.254386 37.015000 -14.405000 -9.346833 38.015000 -14.405000 -9.408799 39.015000 -14.405000 -9.438377 40.015000 -14.405000 -9.428297 41.015000 -14.405000 -9.425879 42.015000 -14.405000 -9.405429 43.015000 -14.405000 -9.286332 44.015000 -14.405000 -9.200617 45.015000 -14.405000 -9.125358 46.015000 -14.405000 -8.893386 47.015000 -14.405000 -8.614130 48.015000 -14.405000 -8.157097 49.015000 -14.405000 -8.003784 50.015000 -14.405000 -8.069041 -49.985000 -13.405000 -4.359041 -48.985000 -13.405000 -4.342377 -47.985000 -13.405000 -4.271801 -46.985000 -13.405000 -4.204294 -45.985000 -13.405000 -4.098521 -44.985000 -13.405000 -3.980704 -43.985000 -13.405000 -3.881633 -42.985000 -13.405000 -3.732084 -41.985000 -13.405000 -3.657583 -40.985000 -13.405000 -3.595300 -39.985000 -13.405000 -3.562302 -38.985000 -13.405000 -3.601521 -37.985000 -13.405000 -3.611185 -36.985000 -13.405000 -3.577143 -35.985000 -13.405000 -3.330561 -34.985000 -13.405000 -3.251113 -33.985000 -13.405000 -3.279041 -32.985000 -13.405000 -3.444962 -31.985000 -13.405000 -3.468306 -30.985000 -13.405000 -3.452513 -29.985000 -13.405000 -3.407937 -28.985000 -13.405000 -3.437237 -27.985000 -13.405000 -3.514001 -26.985000 -13.405000 -3.600994 -25.985000 -13.405000 -3.655156 -24.985000 -13.405000 -3.483218 -23.985000 -13.405000 -3.263735 -22.985000 -13.405000 -3.062287 -21.985000 -13.405000 -2.860647 -20.985000 -13.405000 -2.627017 -19.985000 -13.405000 -2.366225 -18.985000 -13.405000 -1.676361 -17.985000 -13.405000 -1.195724 -16.985000 -13.405000 -0.720737 -15.985000 -13.405000 -0.511977 -14.985000 -13.405000 -0.500000 -13.985000 -13.405000 -1.139115 -12.985000 -13.405000 -1.740335 -11.985000 -13.405000 -2.289659 -10.985000 -13.405000 -2.894795 -9.985000 -13.405000 -3.648057 -8.985000 -13.405000 -4.324449 -7.985000 -13.405000 -5.269278 -6.985000 -13.405000 -6.216217 -5.985000 -13.405000 -6.653274 -4.985000 -13.405000 -7.251561 -3.985000 -13.405000 -7.736257 -2.985000 -13.405000 -8.234626 -1.985000 -13.405000 -8.517061 -0.985000 -13.405000 -8.727239 0.015000 -13.405000 -9.007764 1.015000 -13.405000 -9.289412 2.015000 -13.405000 -9.571041 3.015000 -13.405000 -9.761187 4.015000 -13.405000 -10.150274 5.015000 -13.405000 -10.228737 6.015000 -13.405000 -10.365969 7.015000 -13.405000 -10.401329 8.015000 -13.405000 -10.485292 9.015000 -13.405000 -10.732264 10.015000 -13.405000 -10.768034 11.015000 -13.405000 -10.522017 12.015000 -13.405000 -10.200562 13.015000 -13.405000 -9.874337 14.015000 -13.405000 -9.575457 15.015000 -13.405000 -9.242339 16.015000 -13.405000 -8.928961 17.015000 -13.405000 -8.690063 18.015000 -13.405000 -8.516545 19.015000 -13.405000 -8.377181 20.015000 -13.405000 -8.317346 21.015000 -13.405000 -8.314113 22.015000 -13.405000 -8.246257 23.015000 -13.405000 -8.162121 24.015000 -13.405000 -8.101191 25.015000 -13.405000 -8.061961 26.015000 -13.405000 -8.072788 27.015000 -13.405000 -8.104491 28.015000 -13.405000 -8.240185 29.015000 -13.405000 -8.378962 30.015000 -13.405000 -8.512335 31.015000 -13.405000 -8.653229 32.015000 -13.405000 -8.819489 33.015000 -13.405000 -8.872525 34.015000 -13.405000 -9.012878 35.015000 -13.405000 -9.178903 36.015000 -13.405000 -9.308331 37.015000 -13.405000 -9.456750 38.015000 -13.405000 -9.491401 39.015000 -13.405000 -9.510176 40.015000 -13.405000 -9.511325 41.015000 -13.405000 -9.536563 42.015000 -13.405000 -9.525020 43.015000 -13.405000 -9.426105 44.015000 -13.405000 -9.315721 45.015000 -13.405000 -9.089839 46.015000 -13.405000 -8.905811 47.015000 -13.405000 -8.647311 48.015000 -13.405000 -8.128045 49.015000 -13.405000 -7.576110 50.015000 -13.405000 -7.249041 -49.985000 -12.405000 -4.569041 -48.985000 -12.405000 -4.499116 -47.985000 -12.405000 -4.427748 -46.985000 -12.405000 -4.357460 -45.985000 -12.405000 -4.297083 -44.985000 -12.405000 -4.210167 -43.985000 -12.405000 -4.136882 -42.985000 -12.405000 -3.968969 -41.985000 -12.405000 -3.832296 -40.985000 -12.405000 -3.722874 -39.985000 -12.405000 -3.663054 -38.985000 -12.405000 -3.730020 -37.985000 -12.405000 -3.714786 -36.985000 -12.405000 -3.696123 -35.985000 -12.405000 -3.580334 -34.985000 -12.405000 -3.569139 -33.985000 -12.405000 -3.587232 -32.985000 -12.405000 -3.645198 -31.985000 -12.405000 -3.669913 -30.985000 -12.405000 -3.627793 -29.985000 -12.405000 -3.574646 -28.985000 -12.405000 -3.531766 -27.985000 -12.405000 -3.633441 -26.985000 -12.405000 -3.668493 -25.985000 -12.405000 -3.744433 -24.985000 -12.405000 -3.677036 -23.985000 -12.405000 -3.524554 -22.985000 -12.405000 -3.328456 -21.985000 -12.405000 -3.166428 -20.985000 -12.405000 -2.965783 -19.985000 -12.405000 -2.597933 -18.985000 -12.405000 -1.774110 -17.985000 -12.405000 -1.342268 -16.985000 -12.405000 -0.723527 -15.985000 -12.405000 -0.572170 -14.985000 -12.405000 -0.539289 -13.985000 -12.405000 -0.664747 -12.985000 -12.405000 -1.478470 -11.985000 -12.405000 -2.237263 -10.985000 -12.405000 -2.686150 -9.985000 -12.405000 -3.563013 -8.985000 -12.405000 -4.375708 -7.985000 -12.405000 -5.103194 -6.985000 -12.405000 -5.927294 -5.985000 -12.405000 -6.646313 -4.985000 -12.405000 -7.110497 -3.985000 -12.405000 -7.602173 -2.985000 -12.405000 -8.031602 -1.985000 -12.405000 -8.389114 -0.985000 -12.405000 -8.627994 0.015000 -12.405000 -8.853321 1.015000 -12.405000 -9.182125 2.015000 -12.405000 -9.527537 3.015000 -12.405000 -9.761708 4.015000 -12.405000 -10.031138 5.015000 -12.405000 -10.168967 6.015000 -12.405000 -10.361010 7.015000 -12.405000 -10.485245 8.015000 -12.405000 -10.638243 9.015000 -12.405000 -10.891579 10.015000 -12.405000 -10.880815 11.015000 -12.405000 -10.610230 12.015000 -12.405000 -10.290002 13.015000 -12.405000 -9.952034 14.015000 -12.405000 -9.642651 15.015000 -12.405000 -9.357464 16.015000 -12.405000 -9.090655 17.015000 -12.405000 -8.856810 18.015000 -12.405000 -8.681739 19.015000 -12.405000 -8.592251 20.015000 -12.405000 -8.568058 21.015000 -12.405000 -8.532550 22.015000 -12.405000 -8.462524 23.015000 -12.405000 -8.386906 24.015000 -12.405000 -8.372851 25.015000 -12.405000 -8.377951 26.015000 -12.405000 -8.412102 27.015000 -12.405000 -8.493486 28.015000 -12.405000 -8.534435 29.015000 -12.405000 -8.665851 30.015000 -12.405000 -8.728603 31.015000 -12.405000 -8.838095 32.015000 -12.405000 -8.904005 33.015000 -12.405000 -8.894237 34.015000 -12.405000 -9.058822 35.015000 -12.405000 -9.178071 36.015000 -12.405000 -9.324014 37.015000 -12.405000 -9.422731 38.015000 -12.405000 -9.442244 39.015000 -12.405000 -9.491114 40.015000 -12.405000 -9.541977 41.015000 -12.405000 -9.575572 42.015000 -12.405000 -9.578671 43.015000 -12.405000 -9.564188 44.015000 -12.405000 -9.491583 45.015000 -12.405000 -9.288436 46.015000 -12.405000 -8.866562 47.015000 -12.405000 -8.310831 48.015000 -12.405000 -7.678206 49.015000 -12.405000 -7.411378 50.015000 -12.405000 -7.309041 -49.985000 -11.405000 -4.609041 -48.985000 -11.405000 -4.579041 -47.985000 -11.405000 -4.531969 -46.985000 -11.405000 -4.467991 -45.985000 -11.405000 -4.402003 -44.985000 -11.405000 -4.365283 -43.985000 -11.405000 -4.253496 -42.985000 -11.405000 -4.140841 -41.985000 -11.405000 -4.009408 -40.985000 -11.405000 -3.880378 -39.985000 -11.405000 -3.771568 -38.985000 -11.405000 -3.715730 -37.985000 -11.405000 -3.687510 -36.985000 -11.405000 -3.682609 -35.985000 -11.405000 -3.699698 -34.985000 -11.405000 -3.721229 -33.985000 -11.405000 -3.690882 -32.985000 -11.405000 -3.717352 -31.985000 -11.405000 -3.840737 -30.985000 -11.405000 -3.755692 -29.985000 -11.405000 -3.731497 -28.985000 -11.405000 -3.743341 -27.985000 -11.405000 -3.744793 -26.985000 -11.405000 -3.793633 -25.985000 -11.405000 -3.811283 -24.985000 -11.405000 -3.846564 -23.985000 -11.405000 -3.738250 -22.985000 -11.405000 -3.569759 -21.985000 -11.405000 -3.385041 -20.985000 -11.405000 -3.170669 -19.985000 -11.405000 -2.747867 -18.985000 -11.405000 -2.045257 -17.985000 -11.405000 -1.537908 -16.985000 -11.405000 -0.968007 -15.985000 -11.405000 -0.667665 -14.985000 -11.405000 -0.584784 -13.985000 -11.405000 -0.687470 -12.985000 -11.405000 -0.960658 -11.985000 -11.405000 -2.023078 -10.985000 -11.405000 -2.635179 -9.985000 -11.405000 -3.505390 -8.985000 -11.405000 -4.235721 -7.985000 -11.405000 -5.015736 -6.985000 -11.405000 -5.969454 -5.985000 -11.405000 -6.689213 -4.985000 -11.405000 -7.140223 -3.985000 -11.405000 -7.511900 -2.985000 -11.405000 -7.943561 -1.985000 -11.405000 -8.380465 -0.985000 -11.405000 -8.662281 0.015000 -11.405000 -8.855961 1.015000 -11.405000 -9.165713 2.015000 -11.405000 -9.449065 3.015000 -11.405000 -9.629538 4.015000 -11.405000 -9.839966 5.015000 -11.405000 -10.085441 6.015000 -11.405000 -10.294681 7.015000 -11.405000 -10.498387 8.015000 -11.405000 -10.755091 9.015000 -11.405000 -10.914569 10.015000 -11.405000 -10.926585 11.015000 -11.405000 -10.716041 12.015000 -11.405000 -10.386746 13.015000 -11.405000 -10.073265 14.015000 -11.405000 -9.753777 15.015000 -11.405000 -9.456625 16.015000 -11.405000 -9.224649 17.015000 -11.405000 -9.028043 18.015000 -11.405000 -8.912561 19.015000 -11.405000 -8.809165 20.015000 -11.405000 -8.773793 21.015000 -11.405000 -8.772780 22.015000 -11.405000 -8.767761 23.015000 -11.405000 -8.747535 24.015000 -11.405000 -8.762374 25.015000 -11.405000 -8.746281 26.015000 -11.405000 -8.817232 27.015000 -11.405000 -8.858596 28.015000 -11.405000 -8.896817 29.015000 -11.405000 -8.966545 30.015000 -11.405000 -9.012884 31.015000 -11.405000 -8.989535 32.015000 -11.405000 -8.980976 33.015000 -11.405000 -8.971054 34.015000 -11.405000 -9.063666 35.015000 -11.405000 -9.137669 36.015000 -11.405000 -9.273394 37.015000 -11.405000 -9.382111 38.015000 -11.405000 -9.437492 39.015000 -11.405000 -9.418761 40.015000 -11.405000 -9.518105 41.015000 -11.405000 -9.532200 42.015000 -11.405000 -9.543311 43.015000 -11.405000 -9.581241 44.015000 -11.405000 -9.335637 45.015000 -11.405000 -9.037145 46.015000 -11.405000 -8.528612 47.015000 -11.405000 -8.099241 48.015000 -11.405000 -7.746881 49.015000 -11.405000 -7.607375 50.015000 -11.405000 -7.529041 -49.985000 -10.405000 -4.519041 -48.985000 -10.405000 -4.525724 -47.985000 -10.405000 -4.474109 -46.985000 -10.405000 -4.429979 -45.985000 -10.405000 -4.364639 -44.985000 -10.405000 -4.300957 -43.985000 -10.405000 -4.230418 -42.985000 -10.405000 -4.160169 -41.985000 -10.405000 -4.083393 -40.985000 -10.405000 -3.966476 -39.985000 -10.405000 -3.842344 -38.985000 -10.405000 -3.759393 -37.985000 -10.405000 -3.711770 -36.985000 -10.405000 -3.680497 -35.985000 -10.405000 -3.659041 -34.985000 -10.405000 -3.665969 -33.985000 -10.405000 -3.689398 -32.985000 -10.405000 -3.748608 -31.985000 -10.405000 -3.797697 -30.985000 -10.405000 -3.772241 -29.985000 -10.405000 -3.844291 -28.985000 -10.405000 -3.912535 -27.985000 -10.405000 -3.933569 -26.985000 -10.405000 -3.879561 -25.985000 -10.405000 -3.868389 -24.985000 -10.405000 -3.943745 -23.985000 -10.405000 -3.918521 -22.985000 -10.405000 -3.792367 -21.985000 -10.405000 -3.657466 -20.985000 -10.405000 -3.423353 -19.985000 -10.405000 -2.964321 -18.985000 -10.405000 -2.410787 -17.985000 -10.405000 -1.732931 -16.985000 -10.405000 -1.175998 -15.985000 -10.405000 -0.849911 -14.985000 -10.405000 -0.633934 -13.985000 -10.405000 -0.665708 -12.985000 -10.405000 -0.988637 -11.985000 -10.405000 -1.999716 -10.985000 -10.405000 -2.715318 -9.985000 -10.405000 -3.399596 -8.985000 -10.405000 -4.106409 -7.985000 -10.405000 -5.105437 -6.985000 -10.405000 -5.830593 -5.985000 -10.405000 -6.290481 -4.985000 -10.405000 -6.834585 -3.985000 -10.405000 -7.298635 -2.985000 -10.405000 -7.758797 -1.985000 -10.405000 -8.218841 -0.985000 -10.405000 -8.328705 0.015000 -10.405000 -8.904141 1.015000 -10.405000 -9.117540 2.015000 -10.405000 -9.335326 3.015000 -10.405000 -9.473649 4.015000 -10.405000 -9.701563 5.015000 -10.405000 -9.939922 6.015000 -10.405000 -10.228345 7.015000 -10.405000 -10.522081 8.015000 -10.405000 -10.787168 9.015000 -10.405000 -10.835305 10.015000 -10.405000 -10.883409 11.015000 -10.405000 -10.765795 12.015000 -10.405000 -10.500039 13.015000 -10.405000 -10.197697 14.015000 -10.405000 -9.880737 15.015000 -10.405000 -9.611024 16.015000 -10.405000 -9.342120 17.015000 -10.405000 -9.150893 18.015000 -10.405000 -9.083581 19.015000 -10.405000 -9.089608 20.015000 -10.405000 -9.050721 21.015000 -10.405000 -9.054241 22.015000 -10.405000 -9.104196 23.015000 -10.405000 -9.130912 24.015000 -10.405000 -9.198129 25.015000 -10.405000 -9.224625 26.015000 -10.405000 -9.240385 27.015000 -10.405000 -9.196830 28.015000 -10.405000 -9.253777 29.015000 -10.405000 -9.306369 30.015000 -10.405000 -9.270479 31.015000 -10.405000 -9.167442 32.015000 -10.405000 -9.144145 33.015000 -10.405000 -9.158429 34.015000 -10.405000 -9.073313 35.015000 -10.405000 -9.103079 36.015000 -10.405000 -9.240657 37.015000 -10.405000 -9.372348 38.015000 -10.405000 -9.474077 39.015000 -10.405000 -9.526889 40.015000 -10.405000 -9.501553 41.015000 -10.405000 -9.478401 42.015000 -10.405000 -9.400640 43.015000 -10.405000 -9.176305 44.015000 -10.405000 -8.961939 45.015000 -10.405000 -8.582107 46.015000 -10.405000 -8.219612 47.015000 -10.405000 -8.056468 48.015000 -10.405000 -7.986081 49.015000 -10.405000 -7.869145 50.015000 -10.405000 -7.899041 -49.985000 -9.405000 -4.469041 -48.985000 -9.405000 -4.454537 -47.985000 -9.405000 -4.417371 -46.985000 -9.405000 -4.379585 -45.985000 -9.405000 -4.310177 -44.985000 -9.405000 -4.249396 -43.985000 -9.405000 -4.187241 -42.985000 -9.405000 -4.144025 -41.985000 -9.405000 -4.061130 -40.985000 -9.405000 -3.962051 -39.985000 -9.405000 -3.867361 -38.985000 -9.405000 -3.814369 -37.985000 -9.405000 -3.767641 -36.985000 -9.405000 -3.717824 -35.985000 -9.405000 -3.683000 -34.985000 -9.405000 -3.658526 -33.985000 -9.405000 -3.664281 -32.985000 -9.405000 -3.716667 -31.985000 -9.405000 -3.792452 -30.985000 -9.405000 -3.835835 -29.985000 -9.405000 -3.832960 -28.985000 -9.405000 -3.898274 -27.985000 -9.405000 -3.958253 -26.985000 -9.405000 -3.941569 -25.985000 -9.405000 -3.911239 -24.985000 -9.405000 -3.930761 -23.985000 -9.405000 -3.981761 -22.985000 -9.405000 -3.985683 -21.985000 -9.405000 -3.869448 -20.985000 -9.405000 -3.763617 -19.985000 -9.405000 -3.073561 -18.985000 -9.405000 -2.440736 -17.985000 -9.405000 -1.974735 -16.985000 -9.405000 -1.421786 -15.985000 -9.405000 -1.069969 -14.985000 -9.405000 -0.764141 -13.985000 -9.405000 -0.685594 -12.985000 -9.405000 -0.912745 -11.985000 -9.405000 -1.759609 -10.985000 -9.405000 -2.530077 -9.985000 -9.405000 -3.408116 -8.985000 -9.405000 -4.124617 -7.985000 -9.405000 -4.580817 -6.985000 -9.405000 -5.673177 -5.985000 -9.405000 -6.147641 -4.985000 -9.405000 -6.600620 -3.985000 -9.405000 -7.109596 -2.985000 -9.405000 -7.586240 -1.985000 -9.405000 -8.005041 -0.985000 -9.405000 -8.275958 0.015000 -9.405000 -8.734571 1.015000 -9.405000 -8.988639 2.015000 -9.405000 -9.177893 3.015000 -9.405000 -9.360425 4.015000 -9.405000 -9.568662 5.015000 -9.405000 -9.852105 6.015000 -9.405000 -10.123393 7.015000 -9.405000 -10.459147 8.015000 -9.405000 -10.687869 9.015000 -9.405000 -10.755330 10.015000 -9.405000 -10.799601 11.015000 -9.405000 -10.744606 12.015000 -9.405000 -10.547383 13.015000 -9.405000 -10.285032 14.015000 -9.405000 -9.972457 15.015000 -9.405000 -9.730121 16.015000 -9.405000 -9.530115 17.015000 -9.405000 -9.357524 18.015000 -9.405000 -9.298445 19.015000 -9.405000 -9.307562 20.015000 -9.405000 -9.377315 21.015000 -9.405000 -9.448497 22.015000 -9.405000 -9.522792 23.015000 -9.405000 -9.574806 24.015000 -9.405000 -9.609361 25.015000 -9.405000 -9.592920 26.015000 -9.405000 -9.673672 27.015000 -9.405000 -9.619795 28.015000 -9.405000 -9.558959 29.015000 -9.405000 -9.534032 30.015000 -9.405000 -9.553436 31.015000 -9.405000 -9.522655 32.015000 -9.405000 -9.432619 33.015000 -9.405000 -9.245617 34.015000 -9.405000 -9.159409 35.015000 -9.405000 -9.151601 36.015000 -9.405000 -9.320304 37.015000 -9.405000 -9.437880 38.015000 -9.405000 -9.595986 39.015000 -9.405000 -9.592013 40.015000 -9.405000 -9.537321 41.015000 -9.405000 -9.446491 42.015000 -9.405000 -9.322225 43.015000 -9.405000 -9.079717 44.015000 -9.405000 -8.755616 45.015000 -9.405000 -8.525389 46.015000 -9.405000 -8.424893 47.015000 -9.405000 -8.391953 48.015000 -9.405000 -8.319632 49.015000 -9.405000 -8.204119 50.015000 -9.405000 -8.289041 -49.985000 -8.405000 -4.449041 -48.985000 -8.405000 -4.399654 -47.985000 -8.405000 -4.372460 -46.985000 -8.405000 -4.327056 -45.985000 -8.405000 -4.263699 -44.985000 -8.405000 -4.217312 -43.985000 -8.405000 -4.172120 -42.985000 -8.405000 -4.127355 -41.985000 -8.405000 -4.044025 -40.985000 -8.405000 -3.978043 -39.985000 -8.405000 -3.914244 -38.985000 -8.405000 -3.851736 -37.985000 -8.405000 -3.777912 -36.985000 -8.405000 -3.702959 -35.985000 -8.405000 -3.672478 -34.985000 -8.405000 -3.651584 -33.985000 -8.405000 -3.669491 -32.985000 -8.405000 -3.706170 -31.985000 -8.405000 -3.759403 -30.985000 -8.405000 -3.814418 -29.985000 -8.405000 -3.839285 -28.985000 -8.405000 -3.848389 -27.985000 -8.405000 -3.893632 -26.985000 -8.405000 -3.952741 -25.985000 -8.405000 -3.982481 -24.985000 -8.405000 -3.987235 -23.985000 -8.405000 -4.044508 -22.985000 -8.405000 -4.123186 -21.985000 -8.405000 -4.043917 -20.985000 -8.405000 -3.840642 -19.985000 -8.405000 -3.400447 -18.985000 -8.405000 -2.952683 -17.985000 -8.405000 -2.321034 -16.985000 -8.405000 -1.766161 -15.985000 -8.405000 -1.374328 -14.985000 -8.405000 -0.860195 -13.985000 -8.405000 -0.803075 -12.985000 -8.405000 -1.110284 -11.985000 -8.405000 -1.871977 -10.985000 -8.405000 -2.551853 -9.985000 -8.405000 -3.192395 -8.985000 -8.405000 -3.780365 -7.985000 -8.405000 -4.504839 -6.985000 -8.405000 -5.243693 -5.985000 -8.405000 -5.925286 -4.985000 -8.405000 -6.461572 -3.985000 -8.405000 -6.885294 -2.985000 -8.405000 -7.425121 -1.985000 -8.405000 -7.891750 -0.985000 -8.405000 -8.162026 0.015000 -8.405000 -8.565828 1.015000 -8.405000 -8.857108 2.015000 -8.405000 -9.089033 3.015000 -8.405000 -9.312764 4.015000 -8.405000 -9.483903 5.015000 -8.405000 -9.715819 6.015000 -8.405000 -9.984781 7.015000 -8.405000 -10.274483 8.015000 -8.405000 -10.524027 9.015000 -8.405000 -10.660422 10.015000 -8.405000 -10.668606 11.015000 -8.405000 -10.659666 12.015000 -8.405000 -10.557088 13.015000 -8.405000 -10.335597 14.015000 -8.405000 -10.073262 15.015000 -8.405000 -9.841449 16.015000 -8.405000 -9.667899 17.015000 -8.405000 -9.576213 18.015000 -8.405000 -9.587785 19.015000 -8.405000 -9.650978 20.015000 -8.405000 -9.720310 21.015000 -8.405000 -9.829569 22.015000 -8.405000 -9.889352 23.015000 -8.405000 -9.910128 24.015000 -8.405000 -9.917920 25.015000 -8.405000 -9.927792 26.015000 -8.405000 -9.963027 27.015000 -8.405000 -9.990884 28.015000 -8.405000 -9.902707 29.015000 -8.405000 -9.962053 30.015000 -8.405000 -10.080475 31.015000 -8.405000 -9.796165 32.015000 -8.405000 -9.724329 33.015000 -8.405000 -9.450037 34.015000 -8.405000 -9.325540 35.015000 -8.405000 -9.377065 36.015000 -8.405000 -9.481947 37.015000 -8.405000 -9.598135 38.015000 -8.405000 -9.708098 39.015000 -8.405000 -9.693883 40.015000 -8.405000 -9.680233 41.015000 -8.405000 -9.625693 42.015000 -8.405000 -9.435127 43.015000 -8.405000 -9.158731 44.015000 -8.405000 -8.999161 45.015000 -8.405000 -8.953485 46.015000 -8.405000 -8.881489 47.015000 -8.405000 -8.811659 48.015000 -8.405000 -8.762908 49.015000 -8.405000 -8.650831 50.015000 -8.405000 -8.479041 -49.985000 -7.405000 -4.409041 -48.985000 -7.405000 -4.391718 -47.985000 -7.405000 -4.374220 -46.985000 -7.405000 -4.334833 -45.985000 -7.405000 -4.296412 -44.985000 -7.405000 -4.251905 -43.985000 -7.405000 -4.202160 -42.985000 -7.405000 -4.142617 -41.985000 -7.405000 -4.076620 -40.985000 -7.405000 -4.006949 -39.985000 -7.405000 -3.936457 -38.985000 -7.405000 -3.856801 -37.985000 -7.405000 -3.751081 -36.985000 -7.405000 -3.672588 -35.985000 -7.405000 -3.649540 -34.985000 -7.405000 -3.682132 -33.985000 -7.405000 -3.710599 -32.985000 -7.405000 -3.744123 -31.985000 -7.405000 -3.779606 -30.985000 -7.405000 -3.808465 -29.985000 -7.405000 -3.836792 -28.985000 -7.405000 -3.857089 -27.985000 -7.405000 -3.893059 -26.985000 -7.405000 -3.948689 -25.985000 -7.405000 -4.012263 -24.985000 -7.405000 -4.079889 -23.985000 -7.405000 -4.147897 -22.985000 -7.405000 -4.229184 -21.985000 -7.405000 -4.149575 -20.985000 -7.405000 -3.712351 -19.985000 -7.405000 -3.483658 -18.985000 -7.405000 -2.993385 -17.985000 -7.405000 -2.611254 -16.985000 -7.405000 -2.074108 -15.985000 -7.405000 -1.605298 -14.985000 -7.405000 -1.313902 -13.985000 -7.405000 -1.056379 -12.985000 -7.405000 -1.097809 -11.985000 -7.405000 -1.795905 -10.985000 -7.405000 -2.430227 -9.985000 -7.405000 -3.041732 -8.985000 -7.405000 -3.763473 -7.985000 -7.405000 -4.298361 -6.985000 -7.405000 -4.899414 -5.985000 -7.405000 -5.591409 -4.985000 -7.405000 -6.004622 -3.985000 -7.405000 -6.755597 -2.985000 -7.405000 -7.288609 -1.985000 -7.405000 -7.663377 -0.985000 -7.405000 -7.986935 0.015000 -7.405000 -8.282326 1.015000 -7.405000 -8.694069 2.015000 -7.405000 -8.980897 3.015000 -7.405000 -9.247593 4.015000 -7.405000 -9.421475 5.015000 -7.405000 -9.636113 6.015000 -7.405000 -9.891041 7.015000 -7.405000 -10.129358 8.015000 -7.405000 -10.357818 9.015000 -7.405000 -10.523097 10.015000 -7.405000 -10.552225 11.015000 -7.405000 -10.530997 12.015000 -7.405000 -10.541722 13.015000 -7.405000 -10.407462 14.015000 -7.405000 -10.186249 15.015000 -7.405000 -9.973560 16.015000 -7.405000 -9.832506 17.015000 -7.405000 -9.875160 18.015000 -7.405000 -9.989441 19.015000 -7.405000 -10.048946 20.015000 -7.405000 -10.058401 21.015000 -7.405000 -10.092801 22.015000 -7.405000 -10.123139 23.015000 -7.405000 -10.155920 24.015000 -7.405000 -10.165777 25.015000 -7.405000 -10.210769 26.015000 -7.405000 -10.351476 27.015000 -7.405000 -10.481619 28.015000 -7.405000 -10.217458 29.015000 -7.405000 -10.624813 30.015000 -7.405000 -10.485378 31.015000 -7.405000 -10.520454 32.015000 -7.405000 -10.047964 33.015000 -7.405000 -9.735721 34.015000 -7.405000 -9.633663 35.015000 -7.405000 -9.679718 36.015000 -7.405000 -9.726969 37.015000 -7.405000 -9.873233 38.015000 -7.405000 -9.950282 39.015000 -7.405000 -9.939932 40.015000 -7.405000 -9.939041 41.015000 -7.405000 -9.867482 42.015000 -7.405000 -9.676137 43.015000 -7.405000 -9.539745 44.015000 -7.405000 -9.499096 45.015000 -7.405000 -9.442430 46.015000 -7.405000 -9.372321 47.015000 -7.405000 -9.311016 48.015000 -7.405000 -9.174881 49.015000 -7.405000 -9.028858 50.015000 -7.405000 -8.809041 -49.985000 -6.405000 -4.459041 -48.985000 -6.405000 -4.509733 -47.985000 -6.405000 -4.486554 -46.985000 -6.405000 -4.448953 -45.985000 -6.405000 -4.400801 -44.985000 -6.405000 -4.334363 -43.985000 -6.405000 -4.264133 -42.985000 -6.405000 -4.191683 -41.985000 -6.405000 -4.124241 -40.985000 -6.405000 -4.040075 -39.985000 -6.405000 -3.955044 -38.985000 -6.405000 -3.865881 -37.985000 -6.405000 -3.745897 -36.985000 -6.405000 -3.640433 -35.985000 -6.405000 -3.618321 -34.985000 -6.405000 -3.675953 -33.985000 -6.405000 -3.733122 -32.985000 -6.405000 -3.756217 -31.985000 -6.405000 -3.776497 -30.985000 -6.405000 -3.803321 -29.985000 -6.405000 -3.828003 -28.985000 -6.405000 -3.852343 -27.985000 -6.405000 -3.882489 -26.985000 -6.405000 -3.907373 -25.985000 -6.405000 -3.948725 -24.985000 -6.405000 -4.042502 -23.985000 -6.405000 -4.196329 -22.985000 -6.405000 -4.325314 -21.985000 -6.405000 -4.230686 -20.985000 -6.405000 -3.946185 -19.985000 -6.405000 -3.738489 -18.985000 -6.405000 -3.545306 -17.985000 -6.405000 -2.878621 -16.985000 -6.405000 -2.571129 -15.985000 -6.405000 -1.857385 -14.985000 -6.405000 -1.534564 -13.985000 -6.405000 -1.363251 -12.985000 -6.405000 -1.233185 -11.985000 -6.405000 -1.723858 -10.985000 -6.405000 -2.076694 -9.985000 -6.405000 -2.846649 -8.985000 -6.405000 -3.416929 -7.985000 -6.405000 -4.160480 -6.985000 -6.405000 -4.596297 -5.985000 -6.405000 -4.934780 -4.985000 -6.405000 -5.666081 -3.985000 -6.405000 -6.355118 -2.985000 -6.405000 -7.061965 -1.985000 -6.405000 -7.454777 -0.985000 -6.405000 -7.712761 0.015000 -6.405000 -7.965549 1.015000 -6.405000 -8.517513 2.015000 -6.405000 -8.822081 3.015000 -6.405000 -9.106386 4.015000 -6.405000 -9.333417 5.015000 -6.405000 -9.512785 6.015000 -6.405000 -9.713265 7.015000 -6.405000 -9.911977 8.015000 -6.405000 -10.098607 9.015000 -6.405000 -10.269721 10.015000 -6.405000 -10.402961 11.015000 -6.405000 -10.441874 12.015000 -6.405000 -10.420452 13.015000 -6.405000 -10.375417 14.015000 -6.405000 -10.260625 15.015000 -6.405000 -10.096127 16.015000 -6.405000 -10.033041 17.015000 -6.405000 -10.203449 18.015000 -6.405000 -10.347839 19.015000 -6.405000 -10.313399 20.015000 -6.405000 -10.239161 21.015000 -6.405000 -10.230217 22.015000 -6.405000 -10.223761 23.015000 -6.405000 -10.304814 24.015000 -6.405000 -10.405729 25.015000 -6.405000 -10.556073 26.015000 -6.405000 -10.709978 27.015000 -6.405000 -10.864730 28.015000 -6.405000 -10.935056 29.015000 -6.405000 -10.995201 30.015000 -6.405000 -10.893640 31.015000 -6.405000 -10.740280 32.015000 -6.405000 -10.435985 33.015000 -6.405000 -10.219065 34.015000 -6.405000 -10.028792 35.015000 -6.405000 -10.047987 36.015000 -6.405000 -10.442256 37.015000 -6.405000 -10.292219 38.015000 -6.405000 -10.304414 39.015000 -6.405000 -10.324425 40.015000 -6.405000 -10.286849 41.015000 -6.405000 -10.175693 42.015000 -6.405000 -10.076086 43.015000 -6.405000 -10.050521 44.015000 -6.405000 -9.976769 45.015000 -6.405000 -9.860848 46.015000 -6.405000 -9.698230 47.015000 -6.405000 -9.529533 48.015000 -6.405000 -9.349045 49.015000 -6.405000 -9.260970 50.015000 -6.405000 -9.159041 -49.985000 -5.405000 -4.539041 -48.985000 -5.405000 -4.561881 -47.985000 -5.405000 -4.595122 -46.985000 -5.405000 -4.574486 -45.985000 -5.405000 -4.527033 -44.985000 -5.405000 -4.457051 -43.985000 -5.405000 -4.375056 -42.985000 -5.405000 -4.288441 -41.985000 -5.405000 -4.202488 -40.985000 -5.405000 -4.111606 -39.985000 -5.405000 -4.017216 -38.985000 -5.405000 -3.918250 -37.985000 -5.405000 -3.786558 -36.985000 -5.405000 -3.668580 -35.985000 -5.405000 -3.603521 -34.985000 -5.405000 -3.637550 -33.985000 -5.405000 -3.724286 -32.985000 -5.405000 -3.764925 -31.985000 -5.405000 -3.782857 -30.985000 -5.405000 -3.807589 -29.985000 -5.405000 -3.829121 -28.985000 -5.405000 -3.848307 -27.985000 -5.405000 -3.895254 -26.985000 -5.405000 -3.953107 -25.985000 -5.405000 -4.018417 -24.985000 -5.405000 -4.073873 -23.985000 -5.405000 -4.171714 -22.985000 -5.405000 -4.381030 -21.985000 -5.405000 -4.467697 -20.985000 -5.405000 -4.346798 -19.985000 -5.405000 -4.090562 -18.985000 -5.405000 -3.874025 -17.985000 -5.405000 -3.446448 -16.985000 -5.405000 -2.756865 -15.985000 -5.405000 -2.435986 -14.985000 -5.405000 -2.276632 -13.985000 -5.405000 -2.051189 -12.985000 -5.405000 -1.831825 -11.985000 -5.405000 -2.123218 -10.985000 -5.405000 -2.358874 -9.985000 -5.405000 -3.008473 -8.985000 -5.405000 -3.362117 -7.985000 -5.405000 -4.012225 -6.985000 -5.405000 -4.457480 -5.985000 -5.405000 -4.898353 -4.985000 -5.405000 -5.565549 -3.985000 -5.405000 -6.357609 -2.985000 -5.405000 -6.839504 -1.985000 -5.405000 -7.321866 -0.985000 -5.405000 -7.592255 0.015000 -5.405000 -7.839741 1.015000 -5.405000 -8.341197 2.015000 -5.405000 -8.637084 3.015000 -5.405000 -8.922545 4.015000 -5.405000 -9.123748 5.015000 -5.405000 -9.324439 6.015000 -5.405000 -9.512341 7.015000 -5.405000 -9.703668 8.015000 -5.405000 -9.898584 9.015000 -5.405000 -10.043552 10.015000 -5.405000 -10.163857 11.015000 -5.405000 -10.277908 12.015000 -5.405000 -10.337819 13.015000 -5.405000 -10.329824 14.015000 -5.405000 -10.272540 15.015000 -5.405000 -10.179647 16.015000 -5.405000 -10.175411 17.015000 -5.405000 -10.344529 18.015000 -5.405000 -10.389907 19.015000 -5.405000 -10.338590 20.015000 -5.405000 -10.300541 21.015000 -5.405000 -10.341030 22.015000 -5.405000 -10.395248 23.015000 -5.405000 -10.493975 24.015000 -5.405000 -10.691745 25.015000 -5.405000 -10.928842 26.015000 -5.405000 -11.109184 27.015000 -5.405000 -11.254241 28.015000 -5.405000 -11.335557 29.015000 -5.405000 -11.405016 30.015000 -5.405000 -11.341189 31.015000 -5.405000 -11.092443 32.015000 -5.405000 -10.888643 33.015000 -5.405000 -10.751694 34.015000 -5.405000 -10.793359 35.015000 -5.405000 -10.892569 36.015000 -5.405000 -11.080639 37.015000 -5.405000 -11.030640 38.015000 -5.405000 -10.657760 39.015000 -5.405000 -10.665919 40.015000 -5.405000 -10.626694 41.015000 -5.405000 -10.545692 42.015000 -5.405000 -10.533304 43.015000 -5.405000 -10.448851 44.015000 -5.405000 -10.307804 45.015000 -5.405000 -10.099601 46.015000 -5.405000 -9.925231 47.015000 -5.405000 -9.772552 48.015000 -5.405000 -9.644292 49.015000 -5.405000 -9.568424 50.015000 -5.405000 -9.459041 -49.985000 -4.405000 -4.709041 -48.985000 -4.405000 -4.728301 -47.985000 -4.405000 -4.700034 -46.985000 -4.405000 -4.682954 -45.985000 -4.405000 -4.624697 -44.985000 -4.405000 -4.548436 -43.985000 -4.405000 -4.463495 -42.985000 -4.405000 -4.377701 -41.985000 -4.405000 -4.303867 -40.985000 -4.405000 -4.217902 -39.985000 -4.405000 -4.111097 -38.985000 -4.405000 -3.997239 -37.985000 -4.405000 -3.863133 -36.985000 -4.405000 -3.722472 -35.985000 -4.405000 -3.615724 -34.985000 -4.405000 -3.578281 -33.985000 -4.405000 -3.663335 -32.985000 -4.405000 -3.756752 -31.985000 -4.405000 -3.794187 -30.985000 -4.405000 -3.826034 -29.985000 -4.405000 -3.844523 -28.985000 -4.405000 -3.856014 -27.985000 -4.405000 -3.914312 -26.985000 -4.405000 -3.974093 -25.985000 -4.405000 -4.058855 -24.985000 -4.405000 -4.175776 -23.985000 -4.405000 -4.257227 -22.985000 -4.405000 -4.424745 -21.985000 -4.405000 -4.491725 -20.985000 -4.405000 -4.572633 -19.985000 -4.405000 -4.183541 -18.985000 -4.405000 -3.992573 -17.985000 -4.405000 -3.806184 -16.985000 -4.405000 -3.146787 -15.985000 -4.405000 -2.746924 -14.985000 -4.405000 -2.456267 -13.985000 -4.405000 -2.492791 -12.985000 -4.405000 -2.567967 -11.985000 -4.405000 -2.814530 -10.985000 -4.405000 -3.040873 -9.985000 -4.405000 -3.365903 -8.985000 -4.405000 -3.713427 -7.985000 -4.405000 -4.043598 -6.985000 -4.405000 -4.755444 -5.985000 -4.405000 -5.137005 -4.985000 -4.405000 -5.684910 -3.985000 -4.405000 -6.167124 -2.985000 -4.405000 -6.617736 -1.985000 -4.405000 -6.892314 -0.985000 -4.405000 -7.501810 0.015000 -4.405000 -7.779090 1.015000 -4.405000 -8.135138 2.015000 -4.405000 -8.471824 3.015000 -4.405000 -8.736945 4.015000 -4.405000 -8.921847 5.015000 -4.405000 -9.104058 6.015000 -4.405000 -9.310224 7.015000 -4.405000 -9.511287 8.015000 -4.405000 -9.705162 9.015000 -4.405000 -9.852047 10.015000 -4.405000 -9.971585 11.015000 -4.405000 -10.082760 12.015000 -4.405000 -10.181189 13.015000 -4.405000 -10.228221 14.015000 -4.405000 -10.265361 15.015000 -4.405000 -10.277643 16.015000 -4.405000 -10.288603 17.015000 -4.405000 -10.325104 18.015000 -4.405000 -10.341521 19.015000 -4.405000 -10.363894 20.015000 -4.405000 -10.373642 21.015000 -4.405000 -10.464337 22.015000 -4.405000 -10.569430 23.015000 -4.405000 -10.716523 24.015000 -4.405000 -10.952589 25.015000 -4.405000 -11.156081 26.015000 -4.405000 -11.472473 27.015000 -4.405000 -11.629585 28.015000 -4.405000 -11.716297 29.015000 -4.405000 -11.731810 30.015000 -4.405000 -11.659053 31.015000 -4.405000 -11.544757 32.015000 -4.405000 -11.340401 33.015000 -4.405000 -11.269737 34.015000 -4.405000 -11.296004 35.015000 -4.405000 -11.328830 36.015000 -4.405000 -11.374340 37.015000 -4.405000 -11.484937 38.015000 -4.405000 -11.377084 39.015000 -4.405000 -10.930939 40.015000 -4.405000 -11.063951 41.015000 -4.405000 -10.987180 42.015000 -4.405000 -10.874350 43.015000 -4.405000 -10.736941 44.015000 -4.405000 -10.602817 45.015000 -4.405000 -10.462916 46.015000 -4.405000 -10.314005 47.015000 -4.405000 -10.226961 48.015000 -4.405000 -10.075132 49.015000 -4.405000 -9.957966 50.015000 -4.405000 -9.859041 -49.985000 -3.405000 -4.769041 -48.985000 -3.405000 -4.771413 -47.985000 -3.405000 -4.770218 -46.985000 -3.405000 -4.716681 -45.985000 -3.405000 -4.663437 -44.985000 -3.405000 -4.594869 -43.985000 -3.405000 -4.514757 -42.985000 -3.405000 -4.433710 -41.985000 -3.405000 -4.366001 -40.985000 -3.405000 -4.285039 -39.985000 -3.405000 -4.169558 -38.985000 -3.405000 -4.042812 -37.985000 -3.405000 -3.906385 -36.985000 -3.405000 -3.771868 -35.985000 -3.405000 -3.650345 -34.985000 -3.405000 -3.578505 -33.985000 -3.405000 -3.599873 -32.985000 -3.405000 -3.698146 -31.985000 -3.405000 -3.782701 -30.985000 -3.405000 -3.837105 -29.985000 -3.405000 -3.865889 -28.985000 -3.405000 -3.867729 -27.985000 -3.405000 -3.922537 -26.985000 -3.405000 -3.995677 -25.985000 -3.405000 -4.079936 -24.985000 -3.405000 -4.261497 -23.985000 -3.405000 -4.433345 -22.985000 -3.405000 -4.540289 -21.985000 -3.405000 -4.807462 -20.985000 -3.405000 -4.789121 -19.985000 -3.405000 -4.423170 -18.985000 -3.405000 -4.209717 -17.985000 -3.405000 -3.866583 -16.985000 -3.405000 -3.313617 -15.985000 -3.405000 -3.250145 -14.985000 -3.405000 -2.800557 -13.985000 -3.405000 -2.780065 -12.985000 -3.405000 -3.102753 -11.985000 -3.405000 -3.358837 -10.985000 -3.405000 -3.543850 -9.985000 -3.405000 -3.718290 -8.985000 -3.405000 -4.136416 -7.985000 -3.405000 -4.327742 -6.985000 -3.405000 -4.855811 -5.985000 -3.405000 -5.184447 -4.985000 -3.405000 -5.592873 -3.985000 -3.405000 -6.134841 -2.985000 -3.405000 -6.437362 -1.985000 -3.405000 -6.697166 -0.985000 -3.405000 -7.253441 0.015000 -3.405000 -7.778083 1.015000 -3.405000 -8.099041 2.015000 -3.405000 -8.404489 3.015000 -3.405000 -8.715104 4.015000 -3.405000 -9.052361 5.015000 -3.405000 -9.003238 6.015000 -3.405000 -9.166153 7.015000 -3.405000 -9.350441 8.015000 -3.405000 -9.550897 9.015000 -3.405000 -9.696241 10.015000 -3.405000 -9.838585 11.015000 -3.405000 -9.969821 12.015000 -3.405000 -10.061582 13.015000 -3.405000 -10.144101 14.015000 -3.405000 -10.236697 15.015000 -3.405000 -10.261499 16.015000 -3.405000 -10.311847 17.015000 -3.405000 -10.319785 18.015000 -3.405000 -10.368241 19.015000 -3.405000 -10.490991 20.015000 -3.405000 -10.557777 21.015000 -3.405000 -10.670121 22.015000 -3.405000 -10.799793 23.015000 -3.405000 -10.953664 24.015000 -3.405000 -11.201961 25.015000 -3.405000 -11.421477 26.015000 -3.405000 -11.671678 27.015000 -3.405000 -11.926225 28.015000 -3.405000 -12.039801 29.015000 -3.405000 -12.088441 30.015000 -3.405000 -12.048437 31.015000 -3.405000 -11.936464 32.015000 -3.405000 -11.914893 33.015000 -3.405000 -11.888719 34.015000 -3.405000 -11.853064 35.015000 -3.405000 -11.844083 36.015000 -3.405000 -11.868089 37.015000 -3.405000 -11.820003 38.015000 -3.405000 -11.704077 39.015000 -3.405000 -11.582457 40.015000 -3.405000 -11.500793 41.015000 -3.405000 -11.425961 42.015000 -3.405000 -11.322466 43.015000 -3.405000 -11.196169 44.015000 -3.405000 -11.087753 45.015000 -3.405000 -10.962592 46.015000 -3.405000 -10.794265 47.015000 -3.405000 -10.717313 48.015000 -3.405000 -10.544241 49.015000 -3.405000 -10.414698 50.015000 -3.405000 -10.319041 -49.985000 -2.405000 -4.789041 -48.985000 -2.405000 -4.798745 -47.985000 -2.405000 -4.772783 -46.985000 -2.405000 -4.733671 -45.985000 -2.405000 -4.674129 -44.985000 -2.405000 -4.587841 -43.985000 -2.405000 -4.511841 -42.985000 -2.405000 -4.432307 -41.985000 -2.405000 -4.338823 -40.985000 -2.405000 -4.253067 -39.985000 -2.405000 -4.147505 -38.985000 -2.405000 -4.037057 -37.985000 -2.405000 -3.902041 -36.985000 -2.405000 -3.780379 -35.985000 -2.405000 -3.672472 -34.985000 -2.405000 -3.598017 -33.985000 -2.405000 -3.591473 -32.985000 -2.405000 -3.680306 -31.985000 -2.405000 -3.788081 -30.985000 -2.405000 -3.846001 -29.985000 -2.405000 -3.876655 -28.985000 -2.405000 -3.900609 -27.985000 -2.405000 -3.940033 -26.985000 -2.405000 -4.001981 -25.985000 -2.405000 -4.108152 -24.985000 -2.405000 -4.242884 -23.985000 -2.405000 -4.445241 -22.985000 -2.405000 -4.692417 -21.985000 -2.405000 -4.868478 -20.985000 -2.405000 -5.108092 -19.985000 -2.405000 -4.628235 -18.985000 -2.405000 -4.443097 -17.985000 -2.405000 -4.231190 -16.985000 -2.405000 -3.966801 -15.985000 -2.405000 -3.968225 -14.985000 -2.405000 -3.753624 -13.985000 -2.405000 -3.839452 -12.985000 -2.405000 -3.784929 -11.985000 -2.405000 -4.052515 -10.985000 -2.405000 -4.314589 -9.985000 -2.405000 -4.363456 -8.985000 -2.405000 -4.420241 -7.985000 -2.405000 -4.510791 -6.985000 -2.405000 -4.687133 -5.985000 -2.405000 -5.091595 -4.985000 -2.405000 -5.366417 -3.985000 -2.405000 -5.658936 -2.985000 -2.405000 -6.197569 -1.985000 -2.405000 -6.543349 -0.985000 -2.405000 -6.981617 0.015000 -2.405000 -7.677288 1.015000 -2.405000 -8.148258 2.015000 -2.405000 -8.389153 3.015000 -2.405000 -8.679972 4.015000 -2.405000 -9.469335 5.015000 -2.405000 -9.526673 6.015000 -2.405000 -9.359073 7.015000 -2.405000 -9.305953 8.015000 -2.405000 -9.460821 9.015000 -2.405000 -9.607865 10.015000 -2.405000 -9.768641 11.015000 -2.405000 -9.918087 12.015000 -2.405000 -10.055499 13.015000 -2.405000 -10.194559 14.015000 -2.405000 -10.306689 15.015000 -2.405000 -10.335815 16.015000 -2.405000 -10.366865 17.015000 -2.405000 -10.462443 18.015000 -2.405000 -10.612833 19.015000 -2.405000 -10.788190 20.015000 -2.405000 -10.863745 21.015000 -2.405000 -10.944769 22.015000 -2.405000 -11.061551 23.015000 -2.405000 -11.213433 24.015000 -2.405000 -11.427912 25.015000 -2.405000 -11.674308 26.015000 -2.405000 -11.940241 27.015000 -2.405000 -12.207297 28.015000 -2.405000 -12.351453 29.015000 -2.405000 -12.436774 30.015000 -2.405000 -12.466281 31.015000 -2.405000 -12.440195 32.015000 -2.405000 -12.415585 33.015000 -2.405000 -12.373257 34.015000 -2.405000 -12.335790 35.015000 -2.405000 -12.368961 36.015000 -2.405000 -12.338942 37.015000 -2.405000 -12.232481 38.015000 -2.405000 -12.077440 39.015000 -2.405000 -12.045385 40.015000 -2.405000 -12.026080 41.015000 -2.405000 -11.943433 42.015000 -2.405000 -11.807863 43.015000 -2.405000 -11.682637 44.015000 -2.405000 -11.574241 45.015000 -2.405000 -11.453958 46.015000 -2.405000 -11.309733 47.015000 -2.405000 -11.167152 48.015000 -2.405000 -11.028580 49.015000 -2.405000 -10.882027 50.015000 -2.405000 -10.789041 -49.985000 -1.405000 -4.719041 -48.985000 -1.405000 -4.757092 -47.985000 -1.405000 -4.724441 -46.985000 -1.405000 -4.688177 -45.985000 -1.405000 -4.642971 -44.985000 -1.405000 -4.546917 -43.985000 -1.405000 -4.456234 -42.985000 -1.405000 -4.385295 -41.985000 -1.405000 -4.292174 -40.985000 -1.405000 -4.190121 -39.985000 -1.405000 -4.080213 -38.985000 -1.405000 -3.975262 -37.985000 -1.405000 -3.857602 -36.985000 -1.405000 -3.753346 -35.985000 -1.405000 -3.675057 -34.985000 -1.405000 -3.614721 -33.985000 -1.405000 -3.612386 -32.985000 -1.405000 -3.704660 -31.985000 -1.405000 -3.791118 -30.985000 -1.405000 -3.863704 -29.985000 -1.405000 -3.899005 -28.985000 -1.405000 -3.936846 -27.985000 -1.405000 -3.973075 -26.985000 -1.405000 -4.034411 -25.985000 -1.405000 -4.169041 -24.985000 -1.405000 -4.245891 -23.985000 -1.405000 -4.413547 -22.985000 -1.405000 -4.671746 -21.985000 -1.405000 -5.084769 -20.985000 -1.405000 -5.226631 -19.985000 -1.405000 -5.266424 -18.985000 -1.405000 -4.607090 -17.985000 -1.405000 -4.591319 -16.985000 -1.405000 -4.172081 -15.985000 -1.405000 -4.150748 -14.985000 -1.405000 -4.120204 -13.985000 -1.405000 -4.085459 -12.985000 -1.405000 -4.426332 -11.985000 -1.405000 -4.408128 -10.985000 -1.405000 -4.480523 -9.985000 -1.405000 -4.587797 -8.985000 -1.405000 -4.527251 -7.985000 -1.405000 -4.527490 -6.985000 -1.405000 -4.583107 -5.985000 -1.405000 -4.743114 -4.985000 -1.405000 -5.055962 -3.985000 -1.405000 -5.290704 -2.985000 -1.405000 -5.920593 -1.985000 -1.405000 -5.959578 -0.985000 -1.405000 -6.814588 0.015000 -1.405000 -7.367355 1.015000 -1.405000 -8.140799 2.015000 -1.405000 -8.395292 3.015000 -1.405000 -8.603496 4.015000 -1.405000 -9.604894 5.015000 -1.405000 -9.845269 6.015000 -1.405000 -9.884201 7.015000 -1.405000 -9.948556 8.015000 -1.405000 -9.836670 9.015000 -1.405000 -9.782294 10.015000 -1.405000 -9.913581 11.015000 -1.405000 -9.915678 12.015000 -1.405000 -10.196272 13.015000 -1.405000 -10.306757 14.015000 -1.405000 -10.434489 15.015000 -1.405000 -10.486902 16.015000 -1.405000 -10.513940 17.015000 -1.405000 -10.687976 18.015000 -1.405000 -10.951572 19.015000 -1.405000 -11.132709 20.015000 -1.405000 -11.216538 21.015000 -1.405000 -11.297999 22.015000 -1.405000 -11.425210 23.015000 -1.405000 -11.572299 24.015000 -1.405000 -11.763640 25.015000 -1.405000 -11.989239 26.015000 -1.405000 -12.222790 27.015000 -1.405000 -12.456103 28.015000 -1.405000 -12.670851 29.015000 -1.405000 -12.833791 30.015000 -1.405000 -12.921446 31.015000 -1.405000 -12.929646 32.015000 -1.405000 -12.900250 33.015000 -1.405000 -12.882788 34.015000 -1.405000 -12.880688 35.015000 -1.405000 -12.907317 36.015000 -1.405000 -12.799654 37.015000 -1.405000 -12.630749 38.015000 -1.405000 -12.361675 39.015000 -1.405000 -12.538230 40.015000 -1.405000 -12.549423 41.015000 -1.405000 -12.469213 42.015000 -1.405000 -12.317570 43.015000 -1.405000 -12.160505 44.015000 -1.405000 -12.027812 45.015000 -1.405000 -11.915644 46.015000 -1.405000 -11.785083 47.015000 -1.405000 -11.630191 48.015000 -1.405000 -11.525131 49.015000 -1.405000 -11.366991 50.015000 -1.405000 -11.259041 -49.985000 -0.405000 -4.669041 -48.985000 -0.405000 -4.678496 -47.985000 -0.405000 -4.647602 -46.985000 -0.405000 -4.631038 -45.985000 -0.405000 -4.562821 -44.985000 -0.405000 -4.477498 -43.985000 -0.405000 -4.397926 -42.985000 -0.405000 -4.327832 -41.985000 -0.405000 -4.234083 -40.985000 -0.405000 -4.118915 -39.985000 -0.405000 -4.007005 -38.985000 -0.405000 -3.900118 -37.985000 -0.405000 -3.805484 -36.985000 -0.405000 -3.741126 -35.985000 -0.405000 -3.687681 -34.985000 -0.405000 -3.653053 -33.985000 -0.405000 -3.675319 -32.985000 -0.405000 -3.742066 -31.985000 -0.405000 -3.811268 -30.985000 -0.405000 -3.878662 -29.985000 -0.405000 -3.918195 -28.985000 -0.405000 -3.964017 -27.985000 -0.405000 -4.011380 -26.985000 -0.405000 -4.057281 -25.985000 -0.405000 -4.141687 -24.985000 -0.405000 -4.279792 -23.985000 -0.405000 -4.427979 -22.985000 -0.405000 -4.571306 -21.985000 -0.405000 -4.850126 -20.985000 -0.405000 -5.132885 -19.985000 -0.405000 -5.321749 -18.985000 -0.405000 -5.124419 -17.985000 -0.405000 -5.051450 -16.985000 -0.405000 -4.620075 -15.985000 -0.405000 -4.776337 -14.985000 -0.405000 -4.950569 -13.985000 -0.405000 -4.768387 -12.985000 -0.405000 -4.723965 -11.985000 -0.405000 -4.635563 -10.985000 -0.405000 -4.616119 -9.985000 -0.405000 -4.641263 -8.985000 -0.405000 -4.616641 -7.985000 -0.405000 -4.546047 -6.985000 -0.405000 -4.548413 -5.985000 -0.405000 -4.587993 -4.985000 -0.405000 -4.799288 -3.985000 -0.405000 -5.049185 -2.985000 -0.405000 -5.615994 -1.985000 -0.405000 -5.843664 -0.985000 -0.405000 -6.142921 0.015000 -0.405000 -6.917177 1.015000 -0.405000 -7.938023 2.015000 -0.405000 -8.356058 3.015000 -0.405000 -9.324164 4.015000 -0.405000 -9.676997 5.015000 -0.405000 -10.070817 6.015000 -0.405000 -10.254521 7.015000 -0.405000 -10.318946 8.015000 -0.405000 -10.378027 9.015000 -0.405000 -10.336913 10.015000 -0.405000 -10.375065 11.015000 -0.405000 -10.625805 12.015000 -0.405000 -10.740176 13.015000 -0.405000 -10.701538 14.015000 -0.405000 -10.752202 15.015000 -0.405000 -10.717929 16.015000 -0.405000 -10.904996 17.015000 -0.405000 -11.000299 18.015000 -0.405000 -11.344178 19.015000 -0.405000 -11.490750 20.015000 -0.405000 -11.619041 21.015000 -0.405000 -11.707849 22.015000 -0.405000 -11.820049 23.015000 -0.405000 -11.968429 24.015000 -0.405000 -12.146273 25.015000 -0.405000 -12.353978 26.015000 -0.405000 -12.558768 27.015000 -0.405000 -12.731436 28.015000 -0.405000 -12.973221 29.015000 -0.405000 -13.223132 30.015000 -0.405000 -13.340005 31.015000 -0.405000 -13.372833 32.015000 -0.405000 -13.395795 33.015000 -0.405000 -13.406441 34.015000 -0.405000 -13.331985 35.015000 -0.405000 -13.216437 36.015000 -0.405000 -13.199397 37.015000 -0.405000 -13.073258 38.015000 -0.405000 -13.130783 39.015000 -0.405000 -13.028293 40.015000 -0.405000 -13.052361 41.015000 -0.405000 -12.930891 42.015000 -0.405000 -12.803017 43.015000 -0.405000 -12.666034 44.015000 -0.405000 -12.498785 45.015000 -0.405000 -12.377227 46.015000 -0.405000 -12.248201 47.015000 -0.405000 -12.086277 48.015000 -0.405000 -11.983241 49.015000 -0.405000 -11.840935 50.015000 -0.405000 -11.759041 -49.985000 0.595000 -4.659041 -48.985000 0.595000 -4.648377 -47.985000 0.595000 -4.593560 -46.985000 0.595000 -4.536936 -45.985000 0.595000 -4.475041 -44.985000 0.595000 -4.409521 -43.985000 0.595000 -4.334856 -42.985000 0.595000 -4.245105 -41.985000 0.595000 -4.145472 -40.985000 0.595000 -4.048019 -39.985000 0.595000 -3.946949 -38.985000 0.595000 -3.858241 -37.985000 0.595000 -3.785915 -36.985000 0.595000 -3.743632 -35.985000 0.595000 -3.708622 -34.985000 0.595000 -3.708577 -33.985000 0.595000 -3.745825 -32.985000 0.595000 -3.803337 -31.985000 0.595000 -3.845241 -30.985000 0.595000 -3.896881 -29.985000 0.595000 -3.953469 -28.985000 0.595000 -4.000378 -27.985000 0.595000 -4.045711 -26.985000 0.595000 -4.091505 -25.985000 0.595000 -4.136301 -24.985000 0.595000 -4.233456 -23.985000 0.595000 -4.385249 -22.985000 0.595000 -4.563841 -21.985000 0.595000 -4.754523 -20.985000 0.595000 -4.959321 -19.985000 0.595000 -5.237521 -18.985000 0.595000 -5.303881 -17.985000 0.595000 -5.270568 -16.985000 0.595000 -5.240625 -15.985000 0.595000 -5.184247 -14.985000 0.595000 -5.147265 -13.985000 0.595000 -5.076177 -12.985000 0.595000 -4.975401 -11.985000 0.595000 -4.871361 -10.985000 0.595000 -4.742501 -9.985000 0.595000 -4.654697 -8.985000 0.595000 -4.659089 -7.985000 0.595000 -4.651744 -6.985000 0.595000 -4.601269 -5.985000 0.595000 -4.571089 -4.985000 0.595000 -4.594641 -3.985000 0.595000 -4.831121 -2.985000 0.595000 -5.260804 -1.985000 0.595000 -5.681649 -0.985000 0.595000 -6.282061 0.015000 0.595000 -6.975899 1.015000 0.595000 -7.663105 2.015000 0.595000 -8.663281 3.015000 0.595000 -9.272737 4.015000 0.595000 -9.736440 5.015000 0.595000 -10.203249 6.015000 0.595000 -10.481009 7.015000 0.595000 -10.665121 8.015000 0.595000 -10.761261 9.015000 0.595000 -10.800545 10.015000 0.595000 -10.825585 11.015000 0.595000 -11.017833 12.015000 0.595000 -11.158111 13.015000 0.595000 -11.339799 14.015000 0.595000 -11.446225 15.015000 0.595000 -11.494507 16.015000 0.595000 -11.480401 17.015000 0.595000 -11.532705 18.015000 0.595000 -11.742145 19.015000 0.595000 -11.941686 20.015000 0.595000 -12.079487 21.015000 0.595000 -12.170145 22.015000 0.595000 -12.269761 23.015000 0.595000 -12.381754 24.015000 0.595000 -12.519409 25.015000 0.595000 -12.690881 26.015000 0.595000 -12.895700 27.015000 0.595000 -13.070575 28.015000 0.595000 -13.345313 29.015000 0.595000 -13.566641 30.015000 0.595000 -13.699344 31.015000 0.595000 -13.798150 32.015000 0.595000 -13.874433 33.015000 0.595000 -13.960338 34.015000 0.595000 -13.892626 35.015000 0.595000 -13.903878 36.015000 0.595000 -13.863301 37.015000 0.595000 -13.816106 38.015000 0.595000 -13.707736 39.015000 0.595000 -13.613628 40.015000 0.595000 -13.513329 41.015000 0.595000 -13.381961 42.015000 0.595000 -13.260545 43.015000 0.595000 -13.142166 44.015000 0.595000 -12.967997 45.015000 0.595000 -12.834532 46.015000 0.595000 -12.708405 47.015000 0.595000 -12.567113 48.015000 0.595000 -12.432306 49.015000 0.595000 -12.316193 50.015000 0.595000 -12.259041 -49.985000 1.595000 -4.679041 -48.985000 1.595000 -4.620728 -47.985000 1.595000 -4.551786 -46.985000 1.595000 -4.472505 -45.985000 1.595000 -4.393321 -44.985000 1.595000 -4.312113 -43.985000 1.595000 -4.255433 -42.985000 1.595000 -4.172826 -41.985000 1.595000 -4.095444 -40.985000 1.595000 -3.994721 -39.985000 1.595000 -3.885537 -38.985000 1.595000 -3.826273 -37.985000 1.595000 -3.789345 -36.985000 1.595000 -3.768020 -35.985000 1.595000 -3.764423 -34.985000 1.595000 -3.779077 -33.985000 1.595000 -3.813824 -32.985000 1.595000 -3.861523 -31.985000 1.595000 -3.897330 -30.985000 1.595000 -3.943393 -29.985000 1.595000 -3.989241 -28.985000 1.595000 -4.037031 -27.985000 1.595000 -4.092545 -26.985000 1.595000 -4.122191 -25.985000 1.595000 -4.178431 -24.985000 1.595000 -4.246825 -23.985000 1.595000 -4.368565 -22.985000 1.595000 -4.529961 -21.985000 1.595000 -4.689598 -20.985000 1.595000 -4.868878 -19.985000 1.595000 -5.045233 -18.985000 1.595000 -5.145361 -17.985000 1.595000 -5.206869 -16.985000 1.595000 -5.249694 -15.985000 1.595000 -5.250201 -14.985000 1.595000 -5.209393 -13.985000 1.595000 -5.142465 -12.985000 1.595000 -5.053817 -11.985000 1.595000 -4.945297 -10.985000 1.595000 -4.863465 -9.985000 1.595000 -4.817986 -8.985000 1.595000 -4.837821 -7.985000 1.595000 -4.736042 -6.985000 1.595000 -4.645370 -5.985000 1.595000 -4.566432 -4.985000 1.595000 -4.578969 -3.985000 1.595000 -4.659869 -2.985000 1.595000 -5.131304 -1.985000 1.595000 -5.534881 -0.985000 1.595000 -6.380122 0.015000 1.595000 -6.869793 1.015000 1.595000 -7.706380 2.015000 1.595000 -8.403265 3.015000 1.595000 -9.171665 4.015000 1.595000 -9.581384 5.015000 1.595000 -10.385616 6.015000 1.595000 -10.734395 7.015000 1.595000 -10.988104 8.015000 1.595000 -11.175564 9.015000 1.595000 -11.262345 10.015000 1.595000 -11.298361 11.015000 1.595000 -11.392052 12.015000 1.595000 -11.578031 13.015000 1.595000 -11.743152 14.015000 1.595000 -11.895890 15.015000 1.595000 -11.984804 16.015000 1.595000 -12.037323 17.015000 1.595000 -12.062857 18.015000 1.595000 -12.161690 19.015000 1.595000 -12.360951 20.015000 1.595000 -12.524554 21.015000 1.595000 -12.649089 22.015000 1.595000 -12.748516 23.015000 1.595000 -12.851248 24.015000 1.595000 -12.958181 25.015000 1.595000 -13.089272 26.015000 1.595000 -13.276325 27.015000 1.595000 -13.498159 28.015000 1.595000 -13.618877 29.015000 1.595000 -13.957315 30.015000 1.595000 -14.106062 31.015000 1.595000 -14.232005 32.015000 1.595000 -14.319572 33.015000 1.595000 -14.339041 34.015000 1.595000 -14.289492 35.015000 1.595000 -14.248084 36.015000 1.595000 -14.241102 37.015000 1.595000 -14.185294 38.015000 1.595000 -14.126273 39.015000 1.595000 -14.018019 40.015000 1.595000 -13.938897 41.015000 1.595000 -13.805788 42.015000 1.595000 -13.702038 43.015000 1.595000 -13.580306 44.015000 1.595000 -13.433850 45.015000 1.595000 -13.316293 46.015000 1.595000 -13.186997 47.015000 1.595000 -13.048401 48.015000 1.595000 -12.903162 49.015000 1.595000 -12.807737 50.015000 1.595000 -12.749041 -49.985000 2.595000 -4.709041 -48.985000 2.595000 -4.627217 -47.985000 2.595000 -4.513882 -46.985000 2.595000 -4.427201 -45.985000 2.595000 -4.352134 -44.985000 2.595000 -4.264474 -43.985000 2.595000 -4.222255 -42.985000 2.595000 -4.180561 -41.985000 2.595000 -4.112269 -40.985000 2.595000 -4.018329 -39.985000 2.595000 -3.911977 -38.985000 2.595000 -3.853225 -37.985000 2.595000 -3.843170 -36.985000 2.595000 -3.854690 -35.985000 2.595000 -3.855959 -34.985000 2.595000 -3.862869 -33.985000 2.595000 -3.887155 -32.985000 2.595000 -3.919824 -31.985000 2.595000 -3.960982 -30.985000 2.595000 -4.010927 -29.985000 2.595000 -4.044871 -28.985000 2.595000 -4.093777 -27.985000 2.595000 -4.132326 -26.985000 2.595000 -4.188565 -25.985000 2.595000 -4.245325 -24.985000 2.595000 -4.318674 -23.985000 2.595000 -4.408480 -22.985000 2.595000 -4.544986 -21.985000 2.595000 -4.681490 -20.985000 2.595000 -4.819241 -19.985000 2.595000 -4.958516 -18.985000 2.595000 -5.083725 -17.985000 2.595000 -5.170186 -16.985000 2.595000 -5.216861 -15.985000 2.595000 -5.228417 -14.985000 2.595000 -5.200678 -13.985000 2.595000 -5.133311 -12.985000 2.595000 -5.037056 -11.985000 2.595000 -5.013438 -10.985000 2.595000 -4.995897 -9.985000 2.595000 -5.181924 -8.985000 2.595000 -5.145406 -7.985000 2.595000 -5.001734 -6.985000 2.595000 -4.763883 -5.985000 2.595000 -4.631286 -4.985000 2.595000 -4.584418 -3.985000 2.595000 -4.649771 -2.985000 2.595000 -5.080764 -1.985000 2.595000 -5.516368 -0.985000 2.595000 -6.278405 0.015000 2.595000 -6.918702 1.015000 2.595000 -7.706602 2.015000 2.595000 -8.472353 3.015000 2.595000 -9.026452 4.015000 2.595000 -9.595564 5.015000 2.595000 -10.377402 6.015000 2.595000 -10.799900 7.015000 2.595000 -11.229723 8.015000 2.595000 -11.482921 9.015000 2.595000 -11.664702 10.015000 2.595000 -11.739367 11.015000 2.595000 -11.825381 12.015000 2.595000 -11.971918 13.015000 2.595000 -12.132135 14.015000 2.595000 -12.302072 15.015000 2.595000 -12.431024 16.015000 2.595000 -12.543283 17.015000 2.595000 -12.554459 18.015000 2.595000 -12.616495 19.015000 2.595000 -12.781034 20.015000 2.595000 -12.958846 21.015000 2.595000 -13.112795 22.015000 2.595000 -13.232239 23.015000 2.595000 -13.343531 24.015000 2.595000 -13.455230 25.015000 2.595000 -13.577116 26.015000 2.595000 -13.718768 27.015000 2.595000 -13.835179 28.015000 2.595000 -14.206389 29.015000 2.595000 -14.378031 30.015000 2.595000 -14.507489 31.015000 2.595000 -14.594159 32.015000 2.595000 -14.644441 33.015000 2.595000 -14.659912 34.015000 2.595000 -14.636623 35.015000 2.595000 -14.609931 36.015000 2.595000 -14.574375 37.015000 2.595000 -14.545712 38.015000 2.595000 -14.470618 39.015000 2.595000 -14.383898 40.015000 2.595000 -14.304648 41.015000 2.595000 -14.221943 42.015000 2.595000 -14.142645 43.015000 2.595000 -14.025310 44.015000 2.595000 -13.897577 45.015000 2.595000 -13.781174 46.015000 2.595000 -13.663274 47.015000 2.595000 -13.532118 48.015000 2.595000 -13.380449 49.015000 2.595000 -13.213661 50.015000 2.595000 -13.229041 -49.985000 3.595000 -4.719041 -48.985000 3.595000 -4.615305 -47.985000 3.595000 -4.520916 -46.985000 3.595000 -4.420783 -45.985000 3.595000 -4.353505 -44.985000 3.595000 -4.296042 -43.985000 3.595000 -4.277679 -42.985000 3.595000 -4.245355 -41.985000 3.595000 -4.207824 -40.985000 3.595000 -4.140281 -39.985000 3.595000 -4.028804 -38.985000 3.595000 -3.957752 -37.985000 3.595000 -3.964888 -36.985000 3.595000 -3.964012 -35.985000 3.595000 -3.962963 -34.985000 3.595000 -3.968202 -33.985000 3.595000 -3.988400 -32.985000 3.595000 -4.011977 -31.985000 3.595000 -4.061145 -30.985000 3.595000 -4.090449 -29.985000 3.595000 -4.141955 -28.985000 3.595000 -4.188389 -27.985000 3.595000 -4.246201 -26.985000 3.595000 -4.294061 -25.985000 3.595000 -4.356664 -24.985000 3.595000 -4.428125 -23.985000 3.595000 -4.513553 -22.985000 3.595000 -4.614329 -21.985000 3.595000 -4.729383 -20.985000 3.595000 -4.843325 -19.985000 3.595000 -4.969441 -18.985000 3.595000 -5.073383 -17.985000 3.595000 -5.149137 -16.985000 3.595000 -5.192113 -15.985000 3.595000 -5.190978 -14.985000 3.595000 -5.179041 -13.985000 3.595000 -5.117402 -12.985000 3.595000 -5.074241 -11.985000 3.595000 -5.014881 -10.985000 3.595000 -4.983552 -9.985000 3.595000 -5.201684 -8.985000 3.595000 -5.323825 -7.985000 3.595000 -5.131889 -6.985000 3.595000 -4.831888 -5.985000 3.595000 -4.624792 -4.985000 3.595000 -4.575177 -3.985000 3.595000 -4.570232 -2.985000 3.595000 -4.962563 -1.985000 3.595000 -5.594722 -0.985000 3.595000 -6.300641 0.015000 3.595000 -6.751354 1.015000 3.595000 -7.190087 2.015000 3.595000 -8.022305 3.015000 3.595000 -8.809961 4.015000 3.595000 -9.582965 5.015000 3.595000 -10.256000 6.015000 3.595000 -10.647057 7.015000 3.595000 -11.358397 8.015000 3.595000 -11.702811 9.015000 3.595000 -12.080993 10.015000 3.595000 -12.167270 11.015000 3.595000 -12.276750 12.015000 3.595000 -12.371363 13.015000 3.595000 -12.514679 14.015000 3.595000 -12.679907 15.015000 3.595000 -12.824955 16.015000 3.595000 -12.950871 17.015000 3.595000 -13.060444 18.015000 3.595000 -13.122865 19.015000 3.595000 -13.220815 20.015000 3.595000 -13.363561 21.015000 3.595000 -13.524687 22.015000 3.595000 -13.669337 23.015000 3.595000 -13.800187 24.015000 3.595000 -13.928801 25.015000 3.595000 -14.069073 26.015000 3.595000 -14.224761 27.015000 3.595000 -14.388548 28.015000 3.595000 -14.585172 29.015000 3.595000 -14.703265 30.015000 3.595000 -14.790250 31.015000 3.595000 -14.857482 32.015000 3.595000 -14.912017 33.015000 3.595000 -14.947180 34.015000 3.595000 -14.953290 35.015000 3.595000 -14.950201 36.015000 3.595000 -14.915657 37.015000 3.595000 -14.882961 38.015000 3.595000 -14.824244 39.015000 3.595000 -14.754817 40.015000 3.595000 -14.693449 41.015000 3.595000 -14.637361 42.015000 3.595000 -14.557283 43.015000 3.595000 -14.461590 44.015000 3.595000 -14.347889 45.015000 3.595000 -14.224069 46.015000 3.595000 -14.097789 47.015000 3.595000 -13.974809 48.015000 3.595000 -13.821441 49.015000 3.595000 -13.657609 50.015000 3.595000 -13.449041 -49.985000 4.595000 -4.669041 -48.985000 4.595000 -4.606060 -47.985000 4.595000 -4.556150 -46.985000 4.595000 -4.484478 -45.985000 4.595000 -4.431279 -44.985000 4.595000 -4.386441 -43.985000 4.595000 -4.375241 -42.985000 4.595000 -4.343897 -41.985000 4.595000 -4.321241 -40.985000 4.595000 -4.270875 -39.985000 4.595000 -4.189593 -38.985000 4.595000 -4.138441 -37.985000 4.595000 -4.122321 -36.985000 4.595000 -4.112192 -35.985000 4.595000 -4.111889 -34.985000 4.595000 -4.118261 -33.985000 4.595000 -4.145625 -32.985000 4.595000 -4.181770 -31.985000 4.595000 -4.222697 -30.985000 4.595000 -4.256621 -29.985000 4.595000 -4.293596 -28.985000 4.595000 -4.336945 -27.985000 4.595000 -4.384737 -26.985000 4.595000 -4.422649 -25.985000 4.595000 -4.478635 -24.985000 4.595000 -4.566231 -23.985000 4.595000 -4.649521 -22.985000 4.595000 -4.739633 -21.985000 4.595000 -4.833071 -20.985000 4.595000 -4.920927 -19.985000 4.595000 -5.014689 -18.985000 4.595000 -5.092410 -17.985000 4.595000 -5.154943 -16.985000 4.595000 -5.209681 -15.985000 4.595000 -5.229169 -14.985000 4.595000 -5.226909 -13.985000 4.595000 -5.204553 -12.985000 4.595000 -5.202801 -11.985000 4.595000 -5.174637 -10.985000 4.595000 -4.846975 -9.985000 4.595000 -5.094550 -8.985000 4.595000 -5.222269 -7.985000 4.595000 -5.260052 -6.985000 4.595000 -4.920879 -5.985000 4.595000 -4.727028 -4.985000 4.595000 -4.627777 -3.985000 4.595000 -4.677641 -2.985000 4.595000 -4.921702 -1.985000 4.595000 -5.347007 -0.985000 4.595000 -6.133729 0.015000 4.595000 -6.614937 1.015000 4.595000 -7.213421 2.015000 4.595000 -7.874125 3.015000 4.595000 -8.751257 4.015000 4.595000 -9.553958 5.015000 4.595000 -10.158137 6.015000 4.595000 -10.684588 7.015000 4.595000 -11.356633 8.015000 4.595000 -11.826698 9.015000 4.595000 -12.224313 10.015000 4.595000 -12.492041 11.015000 4.595000 -12.702961 12.015000 4.595000 -12.814145 13.015000 4.595000 -12.907537 14.015000 4.595000 -13.071005 15.015000 4.595000 -13.191989 16.015000 4.595000 -13.329073 17.015000 4.595000 -13.447561 18.015000 4.595000 -13.550953 19.015000 4.595000 -13.644948 20.015000 4.595000 -13.749897 21.015000 4.595000 -13.893159 22.015000 4.595000 -14.039209 23.015000 4.595000 -14.173313 24.015000 4.595000 -14.311241 25.015000 4.595000 -14.438121 26.015000 4.595000 -14.588297 27.015000 4.595000 -14.714081 28.015000 4.595000 -14.817107 29.015000 4.595000 -14.941737 30.015000 4.595000 -15.036006 31.015000 4.595000 -15.097444 32.015000 4.595000 -15.168865 33.015000 4.595000 -15.213809 34.015000 4.595000 -15.252408 35.015000 4.595000 -15.270636 36.015000 4.595000 -15.256473 37.015000 4.595000 -15.213761 38.015000 4.595000 -15.148001 39.015000 4.595000 -15.100993 40.015000 4.595000 -15.081705 41.015000 4.595000 -15.062271 42.015000 4.595000 -14.995662 43.015000 4.595000 -14.905121 44.015000 4.595000 -14.771281 45.015000 4.595000 -14.642394 46.015000 4.595000 -14.498110 47.015000 4.595000 -14.367705 48.015000 4.595000 -14.209073 49.015000 4.595000 -13.990338 50.015000 4.595000 -13.979041 -49.985000 5.595000 -4.729041 -48.985000 5.595000 -4.650216 -47.985000 5.595000 -4.657411 -46.985000 5.595000 -4.633743 -45.985000 5.595000 -4.591145 -44.985000 5.595000 -4.552192 -43.985000 5.595000 -4.514302 -42.985000 5.595000 -4.456889 -41.985000 5.595000 -4.441523 -40.985000 5.595000 -4.408993 -39.985000 5.595000 -4.358675 -38.985000 5.595000 -4.315595 -37.985000 5.595000 -4.281067 -36.985000 5.595000 -4.263080 -35.985000 5.595000 -4.255487 -34.985000 5.595000 -4.273706 -33.985000 5.595000 -4.309256 -32.985000 5.595000 -4.339919 -31.985000 5.595000 -4.389977 -30.985000 5.595000 -4.417649 -29.985000 5.595000 -4.439596 -28.985000 5.595000 -4.455978 -27.985000 5.595000 -4.501315 -26.985000 5.595000 -4.545305 -25.985000 5.595000 -4.599568 -24.985000 5.595000 -4.696769 -23.985000 5.595000 -4.782544 -22.985000 5.595000 -4.863071 -21.985000 5.595000 -4.938150 -20.985000 5.595000 -5.011714 -19.985000 5.595000 -5.067378 -18.985000 5.595000 -5.122025 -17.985000 5.595000 -5.187538 -16.985000 5.595000 -5.243265 -15.985000 5.595000 -5.281369 -14.985000 5.595000 -5.298481 -13.985000 5.595000 -5.276260 -12.985000 5.595000 -5.260977 -11.985000 5.595000 -5.258718 -10.985000 5.595000 -5.066066 -9.985000 5.595000 -5.174297 -8.985000 5.595000 -5.285361 -7.985000 5.595000 -5.310441 -6.985000 5.595000 -5.055793 -5.985000 5.595000 -4.828019 -4.985000 5.595000 -4.792510 -3.985000 5.595000 -4.775409 -2.985000 5.595000 -4.992451 -1.985000 5.595000 -5.496835 -0.985000 5.595000 -5.887018 0.015000 5.595000 -6.701603 1.015000 5.595000 -7.395585 2.015000 5.595000 -8.039263 3.015000 5.595000 -9.103201 4.015000 5.595000 -9.562589 5.015000 5.595000 -10.064391 6.015000 5.595000 -10.717434 7.015000 5.595000 -11.357147 8.015000 5.595000 -11.836592 9.015000 5.595000 -12.248970 10.015000 5.595000 -12.699198 11.015000 5.595000 -12.937369 12.015000 5.595000 -13.092538 13.015000 5.595000 -13.249441 14.015000 5.595000 -13.410676 15.015000 5.595000 -13.563552 16.015000 5.595000 -13.660073 17.015000 5.595000 -13.759854 18.015000 5.595000 -13.863705 19.015000 5.595000 -13.959017 20.015000 5.595000 -14.074218 21.015000 5.595000 -14.184927 22.015000 5.595000 -14.328580 23.015000 5.595000 -14.474577 24.015000 5.595000 -14.610401 25.015000 5.595000 -14.728445 26.015000 5.595000 -14.846720 27.015000 5.595000 -14.950678 28.015000 5.595000 -15.052727 29.015000 5.595000 -15.150369 30.015000 5.595000 -15.248707 31.015000 5.595000 -15.341873 32.015000 5.595000 -15.417972 33.015000 5.595000 -15.482431 34.015000 5.595000 -15.519756 35.015000 5.595000 -15.554424 36.015000 5.595000 -15.585585 37.015000 5.595000 -15.513584 38.015000 5.595000 -15.447074 39.015000 5.595000 -15.455270 40.015000 5.595000 -15.459709 41.015000 5.595000 -15.443282 42.015000 5.595000 -15.404118 43.015000 5.595000 -15.297394 44.015000 5.595000 -15.148206 45.015000 5.595000 -15.002263 46.015000 5.595000 -14.832902 47.015000 5.595000 -14.655811 48.015000 5.595000 -14.490892 49.015000 5.595000 -14.297465 50.015000 5.595000 -14.159041 -49.985000 6.595000 -4.869041 -48.985000 6.595000 -4.844662 -47.985000 6.595000 -4.810513 -46.985000 6.595000 -4.785151 -45.985000 6.595000 -4.732487 -44.985000 6.595000 -4.686010 -43.985000 6.595000 -4.633942 -42.985000 6.595000 -4.602105 -41.985000 6.595000 -4.557028 -40.985000 6.595000 -4.531442 -39.985000 6.595000 -4.483954 -38.985000 6.595000 -4.469801 -37.985000 6.595000 -4.438548 -36.985000 6.595000 -4.381705 -35.985000 6.595000 -4.404260 -34.985000 6.595000 -4.421002 -33.985000 6.595000 -4.423266 -32.985000 6.595000 -4.464377 -31.985000 6.595000 -4.511339 -30.985000 6.595000 -4.528429 -29.985000 6.595000 -4.548344 -28.985000 6.595000 -4.587931 -27.985000 6.595000 -4.635951 -26.985000 6.595000 -4.679021 -25.985000 6.595000 -4.731283 -24.985000 6.595000 -4.798521 -23.985000 6.595000 -4.887132 -22.985000 6.595000 -4.962034 -21.985000 6.595000 -4.998449 -20.985000 6.595000 -5.032654 -19.985000 6.595000 -5.075366 -18.985000 6.595000 -5.115505 -17.985000 6.595000 -5.174769 -16.985000 6.595000 -5.225525 -15.985000 6.595000 -5.262800 -14.985000 6.595000 -5.279079 -13.985000 6.595000 -5.299041 -12.985000 6.595000 -5.284100 -11.985000 6.595000 -5.235827 -10.985000 6.595000 -5.168660 -9.985000 6.595000 -5.189158 -8.985000 6.595000 -5.295942 -7.985000 6.595000 -5.312056 -6.985000 6.595000 -5.107604 -5.985000 6.595000 -4.990379 -4.985000 6.595000 -4.906857 -3.985000 6.595000 -4.919077 -2.985000 6.595000 -5.034534 -1.985000 6.595000 -5.382236 -0.985000 6.595000 -5.513146 0.015000 6.595000 -6.773152 1.015000 6.595000 -7.231799 2.015000 6.595000 -8.125426 3.015000 6.595000 -9.130067 4.015000 6.595000 -9.521020 5.015000 6.595000 -10.048593 6.015000 6.595000 -10.760040 7.015000 6.595000 -11.529855 8.015000 6.595000 -11.775589 9.015000 6.595000 -12.105577 10.015000 6.595000 -12.662537 11.015000 6.595000 -13.015787 12.015000 6.595000 -13.206651 13.015000 6.595000 -13.340067 14.015000 6.595000 -13.576798 15.015000 6.595000 -13.830780 16.015000 6.595000 -13.961354 17.015000 6.595000 -14.079157 18.015000 6.595000 -14.138957 19.015000 6.595000 -14.229161 20.015000 6.595000 -14.315044 21.015000 6.595000 -14.395942 22.015000 6.595000 -14.527881 23.015000 6.595000 -14.696857 24.015000 6.595000 -14.834590 25.015000 6.595000 -14.962729 26.015000 6.595000 -15.082081 27.015000 6.595000 -15.180097 28.015000 6.595000 -15.276853 29.015000 6.595000 -15.372621 30.015000 6.595000 -15.456574 31.015000 6.595000 -15.541427 32.015000 6.595000 -15.634172 33.015000 6.595000 -15.717841 34.015000 6.595000 -15.795686 35.015000 6.595000 -15.856401 36.015000 6.595000 -15.838237 37.015000 6.595000 -15.759553 38.015000 6.595000 -15.741912 39.015000 6.595000 -15.784037 40.015000 6.595000 -15.771841 41.015000 6.595000 -15.744723 42.015000 6.595000 -15.720379 43.015000 6.595000 -15.619137 44.015000 6.595000 -15.453531 45.015000 6.595000 -15.306861 46.015000 6.595000 -15.131834 47.015000 6.595000 -14.925456 48.015000 6.595000 -14.732327 49.015000 6.595000 -14.513956 50.015000 6.595000 -14.319041 -49.985000 7.595000 -5.009041 -48.985000 7.595000 -4.996721 -47.985000 7.595000 -4.934711 -46.985000 7.595000 -4.890273 -45.985000 7.595000 -4.866559 -44.985000 7.595000 -4.821046 -43.985000 7.595000 -4.781439 -42.985000 7.595000 -4.728329 -41.985000 7.595000 -4.689561 -40.985000 7.595000 -4.667784 -39.985000 7.595000 -4.632172 -38.985000 7.595000 -4.616193 -37.985000 7.595000 -4.595269 -36.985000 7.595000 -4.565441 -35.985000 7.595000 -4.541092 -34.985000 7.595000 -4.545309 -33.985000 7.595000 -4.539372 -32.985000 7.595000 -4.554316 -31.985000 7.595000 -4.613756 -30.985000 7.595000 -4.641427 -29.985000 7.595000 -4.669662 -28.985000 7.595000 -4.716599 -27.985000 7.595000 -4.736794 -26.985000 7.595000 -4.756873 -25.985000 7.595000 -4.831162 -24.985000 7.595000 -4.873430 -23.985000 7.595000 -4.933681 -22.985000 7.595000 -4.969161 -21.985000 7.595000 -5.000768 -20.985000 7.595000 -5.018849 -19.985000 7.595000 -5.043830 -18.985000 7.595000 -5.088392 -17.985000 7.595000 -5.137808 -16.985000 7.595000 -5.163809 -15.985000 7.595000 -5.214537 -14.985000 7.595000 -5.241443 -13.985000 7.595000 -5.262629 -12.985000 7.595000 -5.256454 -11.985000 7.595000 -5.202201 -10.985000 7.595000 -5.180525 -9.985000 7.595000 -5.155430 -8.985000 7.595000 -5.245553 -7.985000 7.595000 -5.231761 -6.985000 7.595000 -5.106542 -5.985000 7.595000 -5.037617 -4.985000 7.595000 -4.996534 -3.985000 7.595000 -5.054273 -2.985000 7.595000 -5.193659 -1.985000 7.595000 -5.363779 -0.985000 7.595000 -5.692209 0.015000 7.595000 -6.783421 1.015000 7.595000 -7.120001 2.015000 7.595000 -8.183241 3.015000 7.595000 -9.028241 4.015000 7.595000 -9.520167 5.015000 7.595000 -10.352521 6.015000 7.595000 -10.839721 7.015000 7.595000 -11.368961 8.015000 7.595000 -11.785746 9.015000 7.595000 -12.119841 10.015000 7.595000 -12.560420 11.015000 7.595000 -12.856249 12.015000 7.595000 -13.132472 13.015000 7.595000 -13.317489 14.015000 7.595000 -13.605694 15.015000 7.595000 -13.928433 16.015000 7.595000 -14.166321 17.015000 7.595000 -14.282321 18.015000 7.595000 -14.395153 19.015000 7.595000 -14.481134 20.015000 7.595000 -14.540652 21.015000 7.595000 -14.581297 22.015000 7.595000 -14.701161 23.015000 7.595000 -14.901714 24.015000 7.595000 -14.982865 25.015000 7.595000 -15.118387 26.015000 7.595000 -15.222457 27.015000 7.595000 -15.349434 28.015000 7.595000 -15.475385 29.015000 7.595000 -15.593279 30.015000 7.595000 -15.679426 31.015000 7.595000 -15.780131 32.015000 7.595000 -15.927305 33.015000 7.595000 -16.013089 34.015000 7.595000 -16.041343 35.015000 7.595000 -16.088874 36.015000 7.595000 -16.072841 37.015000 7.595000 -16.037331 38.015000 7.595000 -16.118003 39.015000 7.595000 -16.103977 40.015000 7.595000 -16.032466 41.015000 7.595000 -16.000026 42.015000 7.595000 -15.957772 43.015000 7.595000 -15.827641 44.015000 7.595000 -15.629729 45.015000 7.595000 -15.551888 46.015000 7.595000 -15.411555 47.015000 7.595000 -15.230689 48.015000 7.595000 -15.027311 49.015000 7.595000 -14.790077 50.015000 7.595000 -14.599041 -49.985000 8.595000 -5.139041 -48.985000 8.595000 -5.091480 -47.985000 8.595000 -5.046814 -46.985000 8.595000 -4.990049 -45.985000 8.595000 -4.966377 -44.985000 8.595000 -4.900518 -43.985000 8.595000 -4.893083 -42.985000 8.595000 -4.847217 -41.985000 8.595000 -4.809777 -40.985000 8.595000 -4.777781 -39.985000 8.595000 -4.754177 -38.985000 8.595000 -4.727777 -37.985000 8.595000 -4.712470 -36.985000 8.595000 -4.671762 -35.985000 8.595000 -4.659281 -34.985000 8.595000 -4.661569 -33.985000 8.595000 -4.659783 -32.985000 8.595000 -4.652764 -31.985000 8.595000 -4.698731 -30.985000 8.595000 -4.740497 -29.985000 8.595000 -4.766441 -28.985000 8.595000 -4.774441 -27.985000 8.595000 -4.806753 -26.985000 8.595000 -4.784721 -25.985000 8.595000 -4.855079 -24.985000 8.595000 -4.902225 -23.985000 8.595000 -4.924777 -22.985000 8.595000 -4.950881 -21.985000 8.595000 -4.970616 -20.985000 8.595000 -5.001953 -19.985000 8.595000 -5.040433 -18.985000 8.595000 -5.072065 -17.985000 8.595000 -5.110608 -16.985000 8.595000 -5.151169 -15.985000 8.595000 -5.194041 -14.985000 8.595000 -5.240863 -13.985000 8.595000 -5.230118 -12.985000 8.595000 -5.156849 -11.985000 8.595000 -5.141489 -10.985000 8.595000 -5.019288 -9.985000 8.595000 -5.024094 -8.985000 8.595000 -5.044001 -7.985000 8.595000 -5.089049 -6.985000 8.595000 -5.041936 -5.985000 8.595000 -5.040783 -4.985000 8.595000 -4.980281 -3.985000 8.595000 -4.954149 -2.985000 8.595000 -5.071702 -1.985000 8.595000 -5.382961 -0.985000 8.595000 -5.914289 0.015000 8.595000 -6.792239 1.015000 8.595000 -7.219096 2.015000 8.595000 -8.106305 3.015000 8.595000 -8.892296 4.015000 8.595000 -9.706392 5.015000 8.595000 -10.359357 6.015000 8.595000 -10.879683 7.015000 8.595000 -11.287084 8.015000 8.595000 -11.723149 9.015000 8.595000 -12.116361 10.015000 8.595000 -12.474348 11.015000 8.595000 -12.771684 12.015000 8.595000 -13.082725 13.015000 8.595000 -13.316017 14.015000 8.595000 -13.692190 15.015000 8.595000 -14.009857 16.015000 8.595000 -14.283313 17.015000 8.595000 -14.473457 18.015000 8.595000 -14.598841 19.015000 8.595000 -14.696034 20.015000 8.595000 -14.643689 21.015000 8.595000 -14.795713 22.015000 8.595000 -14.927177 23.015000 8.595000 -15.117275 24.015000 8.595000 -15.149569 25.015000 8.595000 -15.201508 26.015000 8.595000 -15.307361 27.015000 8.595000 -15.433011 28.015000 8.595000 -15.595105 29.015000 8.595000 -15.714575 30.015000 8.595000 -15.802729 31.015000 8.595000 -15.940452 32.015000 8.595000 -16.060881 33.015000 8.595000 -16.100081 34.015000 8.595000 -16.140640 35.015000 8.595000 -16.211697 36.015000 8.595000 -16.250345 37.015000 8.595000 -16.274065 38.015000 8.595000 -16.306981 39.015000 8.595000 -16.265096 40.015000 8.595000 -16.216305 41.015000 8.595000 -16.182097 42.015000 8.595000 -16.093514 43.015000 8.595000 -15.958596 44.015000 8.595000 -15.817585 45.015000 8.595000 -15.721476 46.015000 8.595000 -15.608801 47.015000 8.595000 -15.468969 48.015000 8.595000 -15.282305 49.015000 8.595000 -15.044101 50.015000 8.595000 -14.829041 -49.985000 9.595000 -5.209041 -48.985000 9.595000 -5.170314 -47.985000 9.595000 -5.151536 -46.985000 9.595000 -5.091641 -45.985000 9.595000 -5.061855 -44.985000 9.595000 -5.010593 -43.985000 9.595000 -4.990964 -42.985000 9.595000 -4.962449 -41.985000 9.595000 -4.927508 -40.985000 9.595000 -4.897299 -39.985000 9.595000 -4.863504 -38.985000 9.595000 -4.835103 -37.985000 9.595000 -4.819537 -36.985000 9.595000 -4.782112 -35.985000 9.595000 -4.759043 -34.985000 9.595000 -4.762529 -33.985000 9.595000 -4.781531 -32.985000 9.595000 -4.776247 -31.985000 9.595000 -4.773515 -30.985000 9.595000 -4.809638 -29.985000 9.595000 -4.825316 -28.985000 9.595000 -4.850903 -27.985000 9.595000 -4.883121 -26.985000 9.595000 -4.891474 -25.985000 9.595000 -4.877443 -24.985000 9.595000 -4.930785 -23.985000 9.595000 -4.979817 -22.985000 9.595000 -4.983672 -21.985000 9.595000 -5.012593 -20.985000 9.595000 -5.032852 -19.985000 9.595000 -5.039172 -18.985000 9.595000 -5.060513 -17.985000 9.595000 -5.094700 -16.985000 9.595000 -5.149889 -15.985000 9.595000 -5.166189 -14.985000 9.595000 -5.170153 -13.985000 9.595000 -5.193564 -12.985000 9.595000 -5.118391 -11.985000 9.595000 -5.097993 -10.985000 9.595000 -4.958588 -9.985000 9.595000 -4.958431 -8.985000 9.595000 -4.820036 -7.985000 9.595000 -4.871027 -6.985000 9.595000 -4.860951 -5.985000 9.595000 -4.876830 -4.985000 9.595000 -4.850351 -3.985000 9.595000 -4.872565 -2.985000 9.595000 -4.998588 -1.985000 9.595000 -5.322826 -0.985000 9.595000 -5.731713 0.015000 9.595000 -6.825481 1.015000 9.595000 -7.513418 2.015000 9.595000 -8.157198 3.015000 9.595000 -9.147621 4.015000 9.595000 -9.555623 5.015000 9.595000 -10.224435 6.015000 9.595000 -10.852737 7.015000 9.595000 -11.275557 8.015000 9.595000 -11.651034 9.015000 9.595000 -12.045128 10.015000 9.595000 -12.334578 11.015000 9.595000 -12.671673 12.015000 9.595000 -13.038869 13.015000 9.595000 -13.360838 14.015000 9.595000 -13.691834 15.015000 9.595000 -14.059872 16.015000 9.595000 -14.338842 17.015000 9.595000 -14.530725 18.015000 9.595000 -14.704147 19.015000 9.595000 -14.851129 20.015000 9.595000 -14.957913 21.015000 9.595000 -15.031307 22.015000 9.595000 -15.156535 23.015000 9.595000 -15.296692 24.015000 9.595000 -15.335838 25.015000 9.595000 -15.316033 26.015000 9.595000 -15.354652 27.015000 9.595000 -15.385351 28.015000 9.595000 -15.579442 29.015000 9.595000 -15.756464 30.015000 9.595000 -15.858934 31.015000 9.595000 -15.962943 32.015000 9.595000 -16.068587 33.015000 9.595000 -16.178647 34.015000 9.595000 -16.264097 35.015000 9.595000 -16.324000 36.015000 9.595000 -16.374821 37.015000 9.595000 -16.413810 38.015000 9.595000 -16.441770 39.015000 9.595000 -16.386698 40.015000 9.595000 -16.343218 41.015000 9.595000 -16.315474 42.015000 9.595000 -16.243461 43.015000 9.595000 -16.155843 44.015000 9.595000 -16.034824 45.015000 9.595000 -15.889290 46.015000 9.595000 -15.716851 47.015000 9.595000 -15.560151 48.015000 9.595000 -15.369057 49.015000 9.595000 -15.159114 50.015000 9.595000 -15.029041 -49.985000 10.595000 -5.299041 -48.985000 10.595000 -5.224035 -47.985000 10.595000 -5.246364 -46.985000 10.595000 -5.187593 -45.985000 10.595000 -5.147513 -44.985000 10.595000 -5.120298 -43.985000 10.595000 -5.101390 -42.985000 10.595000 -5.073993 -41.985000 10.595000 -5.024483 -40.985000 10.595000 -5.007111 -39.985000 10.595000 -4.964023 -38.985000 10.595000 -4.940752 -37.985000 10.595000 -4.913567 -36.985000 10.595000 -4.902584 -35.985000 10.595000 -4.881220 -34.985000 10.595000 -4.877284 -33.985000 10.595000 -4.882326 -32.985000 10.595000 -4.872600 -31.985000 10.595000 -4.859478 -30.985000 10.595000 -4.888726 -29.985000 10.595000 -4.908643 -28.985000 10.595000 -4.962846 -27.985000 10.595000 -4.975366 -26.985000 10.595000 -4.976601 -25.985000 10.595000 -4.997760 -24.985000 10.595000 -4.983393 -23.985000 10.595000 -5.049690 -22.985000 10.595000 -5.058491 -21.985000 10.595000 -5.065987 -20.985000 10.595000 -5.069005 -19.985000 10.595000 -5.065436 -18.985000 10.595000 -5.055109 -17.985000 10.595000 -5.069751 -16.985000 10.595000 -5.077390 -15.985000 10.595000 -5.077351 -14.985000 10.595000 -5.159255 -13.985000 10.595000 -5.136495 -12.985000 10.595000 -5.093681 -11.985000 10.595000 -5.078651 -10.985000 10.595000 -5.020104 -9.985000 10.595000 -4.961770 -8.985000 10.595000 -4.905038 -7.985000 10.595000 -4.974397 -6.985000 10.595000 -4.906246 -5.985000 10.595000 -4.860801 -4.985000 10.595000 -4.810720 -3.985000 10.595000 -4.841428 -2.985000 10.595000 -4.984252 -1.985000 10.595000 -5.310813 -0.985000 10.595000 -5.420156 0.015000 10.595000 -6.725527 1.015000 10.595000 -7.470561 2.015000 10.595000 -8.304101 3.015000 10.595000 -8.851794 4.015000 10.595000 -9.412197 5.015000 10.595000 -9.910049 6.015000 10.595000 -10.837669 7.015000 10.595000 -11.184820 8.015000 10.595000 -11.396474 9.015000 10.595000 -11.861032 10.015000 10.595000 -12.243017 11.015000 10.595000 -12.652234 12.015000 10.595000 -13.024865 13.015000 10.595000 -13.361555 14.015000 10.595000 -13.749221 15.015000 10.595000 -14.059121 16.015000 10.595000 -14.350949 17.015000 10.595000 -14.598585 18.015000 10.595000 -14.786503 19.015000 10.595000 -14.971313 20.015000 10.595000 -15.068735 21.015000 10.595000 -15.174151 22.015000 10.595000 -15.294069 23.015000 10.595000 -15.384403 24.015000 10.595000 -15.463065 25.015000 10.595000 -15.488493 26.015000 10.595000 -15.496123 27.015000 10.595000 -15.499292 28.015000 10.595000 -15.590641 29.015000 10.595000 -15.747737 30.015000 10.595000 -15.831364 31.015000 10.595000 -15.908968 32.015000 10.595000 -16.056098 33.015000 10.595000 -16.202193 34.015000 10.595000 -16.295910 35.015000 10.595000 -16.365022 36.015000 10.595000 -16.416867 37.015000 10.595000 -16.471651 38.015000 10.595000 -16.505402 39.015000 10.595000 -16.481682 40.015000 10.595000 -16.467523 41.015000 10.595000 -16.471681 42.015000 10.595000 -16.423369 43.015000 10.595000 -16.338658 44.015000 10.595000 -16.236120 45.015000 10.595000 -16.085795 46.015000 10.595000 -15.877905 47.015000 10.595000 -15.667865 48.015000 10.595000 -15.424280 49.015000 10.595000 -15.174510 50.015000 10.595000 -15.009041 -49.985000 11.595000 -5.339041 -48.985000 11.595000 -5.293369 -47.985000 11.595000 -5.314546 -46.985000 11.595000 -5.280689 -45.985000 11.595000 -5.236185 -44.985000 11.595000 -5.184801 -43.985000 11.595000 -5.161828 -42.985000 11.595000 -5.150097 -41.985000 11.595000 -5.097449 -40.985000 11.595000 -5.092239 -39.985000 11.595000 -5.046146 -38.985000 11.595000 -5.013517 -37.985000 11.595000 -4.988970 -36.985000 11.595000 -5.007188 -35.985000 11.595000 -4.980501 -34.985000 11.595000 -4.985409 -33.985000 11.595000 -4.991251 -32.985000 11.595000 -4.987068 -31.985000 11.595000 -4.941217 -30.985000 11.595000 -5.001441 -29.985000 11.595000 -4.990386 -28.985000 11.595000 -5.002365 -27.985000 11.595000 -5.006017 -26.985000 11.595000 -5.021281 -25.985000 11.595000 -5.050715 -24.985000 11.595000 -5.077721 -23.985000 11.595000 -5.113361 -22.985000 11.595000 -5.081857 -21.985000 11.595000 -5.104095 -20.985000 11.595000 -5.122884 -19.985000 11.595000 -5.096417 -18.985000 11.595000 -5.036416 -17.985000 11.595000 -5.015075 -16.985000 11.595000 -4.994961 -15.985000 11.595000 -5.083601 -14.985000 11.595000 -5.141489 -13.985000 11.595000 -5.117514 -12.985000 11.595000 -5.104689 -11.985000 11.595000 -5.075873 -10.985000 11.595000 -4.985919 -9.985000 11.595000 -4.909590 -8.985000 11.595000 -4.833301 -7.985000 11.595000 -4.821054 -6.985000 11.595000 -4.832011 -5.985000 11.595000 -4.827672 -4.985000 11.595000 -4.809998 -3.985000 11.595000 -4.878942 -2.985000 11.595000 -5.043719 -1.985000 11.595000 -5.332497 -0.985000 11.595000 -5.724513 0.015000 11.595000 -6.565305 1.015000 11.595000 -7.410823 2.015000 11.595000 -8.050129 3.015000 11.595000 -8.860041 4.015000 11.595000 -9.405294 5.015000 11.595000 -9.793601 6.015000 11.595000 -10.557129 7.015000 11.595000 -11.003345 8.015000 11.595000 -11.349638 9.015000 11.595000 -11.738881 10.015000 11.595000 -12.132561 11.015000 11.595000 -12.533841 12.015000 11.595000 -12.933051 13.015000 11.595000 -13.282295 14.015000 11.595000 -13.710457 15.015000 11.595000 -14.020401 16.015000 11.595000 -14.321457 17.015000 11.595000 -14.606001 18.015000 11.595000 -14.884379 19.015000 11.595000 -15.114737 20.015000 11.595000 -15.246881 21.015000 11.595000 -15.326273 22.015000 11.595000 -15.394033 23.015000 11.595000 -15.457657 24.015000 11.595000 -15.554001 25.015000 11.595000 -15.608841 26.015000 11.595000 -15.708705 27.015000 11.595000 -15.791197 28.015000 11.595000 -15.785857 29.015000 11.595000 -15.829121 30.015000 11.595000 -15.854196 31.015000 11.595000 -15.939049 32.015000 11.595000 -16.049841 33.015000 11.595000 -16.114737 34.015000 11.595000 -16.228263 35.015000 11.595000 -16.330693 36.015000 11.595000 -16.350521 37.015000 11.595000 -16.396241 38.015000 11.595000 -16.472979 39.015000 11.595000 -16.519041 40.015000 11.595000 -16.586385 41.015000 11.595000 -16.585795 42.015000 11.595000 -16.533690 43.015000 11.595000 -16.460049 44.015000 11.595000 -16.361439 45.015000 11.595000 -16.207323 46.015000 11.595000 -16.012844 47.015000 11.595000 -15.765664 48.015000 11.595000 -15.497681 49.015000 11.595000 -15.254621 50.015000 11.595000 -15.029041 -49.985000 12.595000 -5.399041 -48.985000 12.595000 -5.330382 -47.985000 12.595000 -5.352792 -46.985000 12.595000 -5.328921 -45.985000 12.595000 -5.247805 -44.985000 12.595000 -5.217681 -43.985000 12.595000 -5.199737 -42.985000 12.595000 -5.149943 -41.985000 12.595000 -5.162201 -40.985000 12.595000 -5.150140 -39.985000 12.595000 -5.115342 -38.985000 12.595000 -5.091193 -37.985000 12.595000 -5.100266 -36.985000 12.595000 -5.109900 -35.985000 12.595000 -5.075417 -34.985000 12.595000 -5.095601 -33.985000 12.595000 -5.046985 -32.985000 12.595000 -5.096018 -31.985000 12.595000 -5.051329 -30.985000 12.595000 -5.061257 -29.985000 12.595000 -5.062740 -28.985000 12.595000 -5.059312 -27.985000 12.595000 -5.063715 -26.985000 12.595000 -5.071921 -25.985000 12.595000 -5.107785 -24.985000 12.595000 -5.116889 -23.985000 12.595000 -5.169041 -22.985000 12.595000 -5.115282 -21.985000 12.595000 -5.123104 -20.985000 12.595000 -5.140041 -19.985000 12.595000 -5.109500 -18.985000 12.595000 -5.047457 -17.985000 12.595000 -4.997498 -16.985000 12.595000 -4.975794 -15.985000 12.595000 -5.010897 -14.985000 12.595000 -5.108921 -13.985000 12.595000 -5.089658 -12.985000 12.595000 -5.099041 -11.985000 12.595000 -5.033900 -10.985000 12.595000 -4.996762 -9.985000 12.595000 -4.804728 -8.985000 12.595000 -4.640177 -7.985000 12.595000 -4.763977 -6.985000 12.595000 -4.856826 -5.985000 12.595000 -4.878527 -4.985000 12.595000 -4.861601 -3.985000 12.595000 -4.934409 -2.985000 12.595000 -5.072971 -1.985000 12.595000 -5.185542 -0.985000 12.595000 -5.901363 0.015000 12.595000 -6.470939 1.015000 12.595000 -7.023576 2.015000 12.595000 -7.825857 3.015000 12.595000 -8.396441 4.015000 12.595000 -9.056579 5.015000 12.595000 -9.776408 6.015000 12.595000 -10.334835 7.015000 12.595000 -10.862617 8.015000 12.595000 -11.285008 9.015000 12.595000 -11.693274 10.015000 12.595000 -12.080645 11.015000 12.595000 -12.450251 12.015000 12.595000 -12.812545 13.015000 12.595000 -13.077609 14.015000 12.595000 -13.683137 15.015000 12.595000 -14.010620 16.015000 12.595000 -14.334948 17.015000 12.595000 -14.671977 18.015000 12.595000 -14.948978 19.015000 12.595000 -15.184486 20.015000 12.595000 -15.366171 21.015000 12.595000 -15.492873 22.015000 12.595000 -15.531742 23.015000 12.595000 -15.615533 24.015000 12.595000 -15.745708 25.015000 12.595000 -15.857967 26.015000 12.595000 -16.010481 27.015000 12.595000 -16.096123 28.015000 12.595000 -16.111137 29.015000 12.595000 -16.085589 30.015000 12.595000 -16.114343 31.015000 12.595000 -16.132299 32.015000 12.595000 -16.138637 33.015000 12.595000 -16.165545 34.015000 12.595000 -16.270536 35.015000 12.595000 -16.383305 36.015000 12.595000 -16.454752 37.015000 12.595000 -16.515064 38.015000 12.595000 -16.555446 39.015000 12.595000 -16.630784 40.015000 12.595000 -16.699432 41.015000 12.595000 -16.688444 42.015000 12.595000 -16.617044 43.015000 12.595000 -16.523672 44.015000 12.595000 -16.399745 45.015000 12.595000 -16.240705 46.015000 12.595000 -16.057975 47.015000 12.595000 -15.852034 48.015000 12.595000 -15.600608 49.015000 12.595000 -15.356046 50.015000 12.595000 -15.189041 -49.985000 13.595000 -5.429041 -48.985000 13.595000 -5.397683 -47.985000 13.595000 -5.350488 -46.985000 13.595000 -5.347745 -45.985000 13.595000 -5.263077 -44.985000 13.595000 -5.261601 -43.985000 13.595000 -5.234196 -42.985000 13.595000 -5.177796 -41.985000 13.595000 -5.216425 -40.985000 13.595000 -5.163039 -39.985000 13.595000 -5.211129 -38.985000 13.595000 -5.197330 -37.985000 13.595000 -5.179089 -36.985000 13.595000 -5.195203 -35.985000 13.595000 -5.172827 -34.985000 13.595000 -5.171737 -33.985000 13.595000 -5.145490 -32.985000 13.595000 -5.190581 -31.985000 13.595000 -5.150366 -30.985000 13.595000 -5.120505 -29.985000 13.595000 -5.122322 -28.985000 13.595000 -5.129533 -27.985000 13.595000 -5.115852 -26.985000 13.595000 -5.118813 -25.985000 13.595000 -5.164812 -24.985000 13.595000 -5.156876 -23.985000 13.595000 -5.190624 -22.985000 13.595000 -5.133688 -21.985000 13.595000 -5.126361 -20.985000 13.595000 -5.137562 -19.985000 13.595000 -5.104454 -18.985000 13.595000 -5.023561 -17.985000 13.595000 -4.928163 -16.985000 13.595000 -4.936674 -15.985000 13.595000 -5.027881 -14.985000 13.595000 -5.049805 -13.985000 13.595000 -5.048985 -12.985000 13.595000 -5.076285 -11.985000 13.595000 -5.012241 -10.985000 13.595000 -4.918822 -9.985000 13.595000 -4.744818 -8.985000 13.595000 -4.717168 -7.985000 13.595000 -4.823023 -6.985000 13.595000 -4.916570 -5.985000 13.595000 -5.022080 -4.985000 13.595000 -5.085599 -3.985000 13.595000 -5.008804 -2.985000 13.595000 -5.098799 -1.985000 13.595000 -5.223091 -0.985000 13.595000 -5.748791 0.015000 13.595000 -6.405658 1.015000 13.595000 -6.942422 2.015000 13.595000 -7.321361 3.015000 13.595000 -7.800394 4.015000 13.595000 -9.055732 5.015000 13.595000 -9.820621 6.015000 13.595000 -10.300127 7.015000 13.595000 -10.808047 8.015000 13.595000 -11.329884 9.015000 13.595000 -11.673683 10.015000 13.595000 -12.037354 11.015000 13.595000 -12.403198 12.015000 13.595000 -12.729041 13.015000 13.595000 -13.068397 14.015000 13.595000 -13.614596 15.015000 13.595000 -13.961500 16.015000 13.595000 -14.294538 17.015000 13.595000 -14.670089 18.015000 13.595000 -14.971466 19.015000 13.595000 -15.225174 20.015000 13.595000 -15.417108 21.015000 13.595000 -15.576551 22.015000 13.595000 -15.657176 23.015000 13.595000 -15.817143 24.015000 13.595000 -15.968850 25.015000 13.595000 -16.152383 26.015000 13.595000 -16.281070 27.015000 13.595000 -16.322807 28.015000 13.595000 -16.335369 29.015000 13.595000 -16.282168 30.015000 13.595000 -16.267735 31.015000 13.595000 -16.250891 32.015000 13.595000 -16.230880 33.015000 13.595000 -16.271106 34.015000 13.595000 -16.367333 35.015000 13.595000 -16.451547 36.015000 13.595000 -16.555876 37.015000 13.595000 -16.626754 38.015000 13.595000 -16.668080 39.015000 13.595000 -16.722612 40.015000 13.595000 -16.770091 41.015000 13.595000 -16.765301 42.015000 13.595000 -16.696364 43.015000 13.595000 -16.601543 44.015000 13.595000 -16.496281 45.015000 13.595000 -16.332815 46.015000 13.595000 -16.126354 47.015000 13.595000 -15.902311 48.015000 13.595000 -15.664893 49.015000 13.595000 -15.386857 50.015000 13.595000 -15.089041 -49.985000 14.595000 -5.409041 -48.985000 14.595000 -5.393772 -47.985000 14.595000 -5.362693 -46.985000 14.595000 -5.359991 -45.985000 14.595000 -5.319725 -44.985000 14.595000 -5.286235 -43.985000 14.595000 -5.262549 -42.985000 14.595000 -5.257873 -41.985000 14.595000 -5.241515 -40.985000 14.595000 -5.202528 -39.985000 14.595000 -5.284130 -38.985000 14.595000 -5.274077 -37.985000 14.595000 -5.211052 -36.985000 14.595000 -5.245789 -35.985000 14.595000 -5.215375 -34.985000 14.595000 -5.247860 -33.985000 14.595000 -5.153894 -32.985000 14.595000 -5.248304 -31.985000 14.595000 -5.180960 -30.985000 14.595000 -5.203467 -29.985000 14.595000 -5.167745 -28.985000 14.595000 -5.186190 -27.985000 14.595000 -5.171738 -26.985000 14.595000 -5.177697 -25.985000 14.595000 -5.216145 -24.985000 14.595000 -5.187238 -23.985000 14.595000 -5.227757 -22.985000 14.595000 -5.139433 -21.985000 14.595000 -5.176320 -20.985000 14.595000 -5.137713 -19.985000 14.595000 -5.143640 -18.985000 14.595000 -5.102038 -17.985000 14.595000 -4.965231 -16.985000 14.595000 -4.959041 -15.985000 14.595000 -4.997478 -14.985000 14.595000 -5.031993 -13.985000 14.595000 -5.029053 -12.985000 14.595000 -5.088048 -11.985000 14.595000 -5.019041 -10.985000 14.595000 -4.947663 -9.985000 14.595000 -4.882859 -8.985000 14.595000 -4.862868 -7.985000 14.595000 -4.912593 -6.985000 14.595000 -5.000690 -5.985000 14.595000 -5.071917 -4.985000 14.595000 -5.151721 -3.985000 14.595000 -5.149302 -2.985000 14.595000 -5.219025 -1.985000 14.595000 -5.339817 -0.985000 14.595000 -5.513265 0.015000 14.595000 -5.971675 1.015000 14.595000 -6.740841 2.015000 14.595000 -7.239281 3.015000 14.595000 -7.817455 4.015000 14.595000 -8.948869 5.015000 14.595000 -9.632587 6.015000 14.595000 -10.176010 7.015000 14.595000 -10.467023 8.015000 14.595000 -11.142976 9.015000 14.595000 -11.632916 10.015000 14.595000 -11.995354 11.015000 14.595000 -12.371793 12.015000 14.595000 -12.712568 13.015000 14.595000 -13.107537 14.015000 14.595000 -13.453858 15.015000 14.595000 -13.823361 16.015000 14.595000 -14.176069 17.015000 14.595000 -14.503365 18.015000 14.595000 -14.830780 19.015000 14.595000 -15.106447 20.015000 14.595000 -15.295310 21.015000 14.595000 -15.479869 22.015000 14.595000 -15.620841 23.015000 14.595000 -15.769596 24.015000 14.595000 -15.974287 25.015000 14.595000 -16.164313 26.015000 14.595000 -16.266607 27.015000 14.595000 -16.321651 28.015000 14.595000 -16.342676 29.015000 14.595000 -16.331041 30.015000 14.595000 -16.295830 31.015000 14.595000 -16.268721 32.015000 14.595000 -16.308353 33.015000 14.595000 -16.384793 34.015000 14.595000 -16.440890 35.015000 14.595000 -16.491688 36.015000 14.595000 -16.582761 37.015000 14.595000 -16.655414 38.015000 14.595000 -16.702632 39.015000 14.595000 -16.728050 40.015000 14.595000 -16.726255 41.015000 14.595000 -16.710143 42.015000 14.595000 -16.662054 43.015000 14.595000 -16.550641 44.015000 14.595000 -16.460265 45.015000 14.595000 -16.328665 46.015000 14.595000 -16.162406 47.015000 14.595000 -15.966665 48.015000 14.595000 -15.726623 49.015000 14.595000 -15.464334 50.015000 14.595000 -15.239041 -49.985000 15.595000 -5.409041 -48.985000 15.595000 -5.383686 -47.985000 15.595000 -5.375111 -46.985000 15.595000 -5.361361 -45.985000 15.595000 -5.339041 -44.985000 15.595000 -5.312577 -43.985000 15.595000 -5.306678 -42.985000 15.595000 -5.301774 -41.985000 15.595000 -5.301040 -40.985000 15.595000 -5.270865 -39.985000 15.595000 -5.309017 -38.985000 15.595000 -5.308897 -37.985000 15.595000 -5.258709 -36.985000 15.595000 -5.303870 -35.985000 15.595000 -5.274041 -34.985000 15.595000 -5.295168 -33.985000 15.595000 -5.242165 -32.985000 15.595000 -5.298194 -31.985000 15.595000 -5.249041 -30.985000 15.595000 -5.271953 -29.985000 15.595000 -5.216681 -28.985000 15.595000 -5.266034 -27.985000 15.595000 -5.232497 -26.985000 15.595000 -5.241574 -25.985000 15.595000 -5.257084 -24.985000 15.595000 -5.257129 -23.985000 15.595000 -5.208213 -22.985000 15.595000 -5.165481 -21.985000 15.595000 -5.182239 -20.985000 15.595000 -5.181559 -19.985000 15.595000 -5.173985 -18.985000 15.595000 -5.110961 -17.985000 15.595000 -5.026610 -16.985000 15.595000 -4.891619 -15.985000 15.595000 -4.991681 -14.985000 15.595000 -5.043715 -13.985000 15.595000 -5.103664 -12.985000 15.595000 -5.165249 -11.985000 15.595000 -5.146401 -10.985000 15.595000 -5.064566 -9.985000 15.595000 -4.965282 -8.985000 15.595000 -4.841401 -7.985000 15.595000 -4.881641 -6.985000 15.595000 -4.990350 -5.985000 15.595000 -5.116297 -4.985000 15.595000 -5.195993 -3.985000 15.595000 -5.271706 -2.985000 15.595000 -5.335102 -1.985000 15.595000 -5.421641 -0.985000 15.595000 -5.543697 0.015000 15.595000 -5.965386 1.015000 15.595000 -6.685067 2.015000 15.595000 -7.078681 3.015000 15.595000 -7.422073 4.015000 15.595000 -8.862883 5.015000 15.595000 -9.382414 6.015000 15.595000 -10.013335 7.015000 15.595000 -10.579203 8.015000 15.595000 -11.128550 9.015000 15.595000 -11.559237 10.015000 15.595000 -11.933305 11.015000 15.595000 -12.316057 12.015000 15.595000 -12.713793 13.015000 15.595000 -13.080985 14.015000 15.595000 -13.408897 15.015000 15.595000 -13.743263 16.015000 15.595000 -14.052987 17.015000 15.595000 -14.365633 18.015000 15.595000 -14.631601 19.015000 15.595000 -14.872869 20.015000 15.595000 -15.095764 21.015000 15.595000 -15.262185 22.015000 15.595000 -15.415561 23.015000 15.595000 -15.564025 24.015000 15.595000 -15.725537 25.015000 15.595000 -15.925641 26.015000 15.595000 -16.091280 27.015000 15.595000 -16.238230 28.015000 15.595000 -16.331552 29.015000 15.595000 -16.388113 30.015000 15.595000 -16.436993 31.015000 15.595000 -16.402809 32.015000 15.595000 -16.363241 33.015000 15.595000 -16.450463 34.015000 15.595000 -16.504706 35.015000 15.595000 -16.564268 36.015000 15.595000 -16.608017 37.015000 15.595000 -16.663617 38.015000 15.595000 -16.680402 39.015000 15.595000 -16.655761 40.015000 15.595000 -16.597465 41.015000 15.595000 -16.503545 42.015000 15.595000 -16.384865 43.015000 15.595000 -16.258937 44.015000 15.595000 -16.129614 45.015000 15.595000 -15.986225 46.015000 15.595000 -15.847334 47.015000 15.595000 -15.677283 48.015000 15.595000 -15.494009 49.015000 15.595000 -15.305907 50.015000 15.595000 -15.179041 -49.985000 16.595000 -5.449041 -48.985000 16.595000 -5.413753 -47.985000 16.595000 -5.414149 -46.985000 16.595000 -5.395129 -45.985000 16.595000 -5.373265 -44.985000 16.595000 -5.371283 -43.985000 16.595000 -5.355953 -42.985000 16.595000 -5.361694 -41.985000 16.595000 -5.346945 -40.985000 16.595000 -5.346583 -39.985000 16.595000 -5.328063 -38.985000 16.595000 -5.359025 -37.985000 16.595000 -5.333473 -36.985000 16.595000 -5.330927 -35.985000 16.595000 -5.327371 -34.985000 16.595000 -5.327239 -33.985000 16.595000 -5.273681 -32.985000 16.595000 -5.332622 -31.985000 16.595000 -5.300649 -30.985000 16.595000 -5.311169 -29.985000 16.595000 -5.260688 -28.985000 16.595000 -5.282416 -27.985000 16.595000 -5.289153 -26.985000 16.595000 -5.282247 -25.985000 16.595000 -5.310323 -24.985000 16.595000 -5.270616 -23.985000 16.595000 -5.235161 -22.985000 16.595000 -5.252513 -21.985000 16.595000 -5.229041 -20.985000 16.595000 -5.229041 -19.985000 16.595000 -5.200881 -18.985000 16.595000 -5.117140 -17.985000 16.595000 -4.919097 -16.985000 16.595000 -4.875345 -15.985000 16.595000 -5.023721 -14.985000 16.595000 -5.145112 -13.985000 16.595000 -5.230809 -12.985000 16.595000 -5.253921 -11.985000 16.595000 -5.215250 -10.985000 16.595000 -5.086146 -9.985000 16.595000 -4.870363 -8.985000 16.595000 -4.779041 -7.985000 16.595000 -4.831253 -6.985000 16.595000 -5.000073 -5.985000 16.595000 -5.145921 -4.985000 16.595000 -5.234281 -3.985000 16.595000 -5.293824 -2.985000 16.595000 -5.305198 -1.985000 16.595000 -5.284222 -0.985000 16.595000 -5.433038 0.015000 16.595000 -5.939915 1.015000 16.595000 -6.510171 2.015000 16.595000 -7.075326 3.015000 16.595000 -7.988850 4.015000 16.595000 -8.498255 5.015000 16.595000 -9.322796 6.015000 16.595000 -9.835625 7.015000 16.595000 -10.461427 8.015000 16.595000 -11.065246 9.015000 16.595000 -11.497654 10.015000 16.595000 -11.927425 11.015000 16.595000 -12.288990 12.015000 16.595000 -12.745628 13.015000 16.595000 -13.044097 14.015000 16.595000 -13.380951 15.015000 16.595000 -13.691277 16.015000 16.595000 -13.997793 17.015000 16.595000 -14.310632 18.015000 16.595000 -14.525889 19.015000 16.595000 -14.737625 20.015000 16.595000 -15.002916 21.015000 16.595000 -15.166485 22.015000 16.595000 -15.303649 23.015000 16.595000 -15.487528 24.015000 16.595000 -15.637777 25.015000 16.595000 -15.855684 26.015000 16.595000 -16.098603 27.015000 16.595000 -16.273291 28.015000 16.595000 -16.412789 29.015000 16.595000 -16.424177 30.015000 16.595000 -16.374319 31.015000 16.595000 -16.288579 32.015000 16.595000 -16.319503 33.015000 16.595000 -16.421541 34.015000 16.595000 -16.564066 35.015000 16.595000 -16.643359 36.015000 16.595000 -16.698097 37.015000 16.595000 -16.696373 38.015000 16.595000 -16.633381 39.015000 16.595000 -16.537430 40.015000 16.595000 -16.397673 41.015000 16.595000 -16.269803 42.015000 16.595000 -16.104794 43.015000 16.595000 -15.941569 44.015000 16.595000 -15.800242 45.015000 16.595000 -15.633636 46.015000 16.595000 -15.470738 47.015000 16.595000 -15.308934 48.015000 16.595000 -15.142618 49.015000 16.595000 -14.971328 50.015000 16.595000 -14.699041 -49.985000 17.595000 -5.499041 -48.985000 17.595000 -5.488733 -47.985000 17.595000 -5.480028 -46.985000 17.595000 -5.445970 -45.985000 17.595000 -5.451802 -44.985000 17.595000 -5.431758 -43.985000 17.595000 -5.444829 -42.985000 17.595000 -5.423365 -41.985000 17.595000 -5.422192 -40.985000 17.595000 -5.395012 -39.985000 17.595000 -5.410322 -38.985000 17.595000 -5.403895 -37.985000 17.595000 -5.373872 -36.985000 17.595000 -5.354771 -35.985000 17.595000 -5.398506 -34.985000 17.595000 -5.347884 -33.985000 17.595000 -5.313951 -32.985000 17.595000 -5.306028 -31.985000 17.595000 -5.362001 -30.985000 17.595000 -5.358552 -29.985000 17.595000 -5.306217 -28.985000 17.595000 -5.325589 -27.985000 17.595000 -5.318287 -26.985000 17.595000 -5.305857 -25.985000 17.595000 -5.277084 -24.985000 17.595000 -5.243961 -23.985000 17.595000 -5.241634 -22.985000 17.595000 -5.214568 -21.985000 17.595000 -5.240204 -20.985000 17.595000 -5.243270 -19.985000 17.595000 -5.199113 -18.985000 17.595000 -5.092477 -17.985000 17.595000 -4.972460 -16.985000 17.595000 -5.018206 -15.985000 17.595000 -5.178417 -14.985000 17.595000 -5.228887 -13.985000 17.595000 -5.297082 -12.985000 17.595000 -5.305779 -11.985000 17.595000 -5.269161 -10.985000 17.595000 -5.143866 -9.985000 17.595000 -4.919552 -8.985000 17.595000 -4.793720 -7.985000 17.595000 -4.886356 -6.985000 17.595000 -5.051639 -5.985000 17.595000 -5.195509 -4.985000 17.595000 -5.231154 -3.985000 17.595000 -5.278433 -2.985000 17.595000 -5.228449 -1.985000 17.595000 -5.086906 -0.985000 17.595000 -5.211977 0.015000 17.595000 -5.400301 1.015000 17.595000 -6.433514 2.015000 17.595000 -7.069972 3.015000 17.595000 -7.556957 4.015000 17.595000 -7.983866 5.015000 17.595000 -9.448790 6.015000 17.595000 -9.611289 7.015000 17.595000 -9.938683 8.015000 17.595000 -10.834423 9.015000 17.595000 -11.449917 10.015000 17.595000 -11.894458 11.015000 17.595000 -12.297931 12.015000 17.595000 -12.698993 13.015000 17.595000 -13.016535 14.015000 17.595000 -13.343784 15.015000 17.595000 -13.712034 16.015000 17.595000 -13.994095 17.015000 17.595000 -14.276678 18.015000 17.595000 -14.489288 19.015000 17.595000 -14.690652 20.015000 17.595000 -14.903122 21.015000 17.595000 -15.128833 22.015000 17.595000 -15.371674 23.015000 17.595000 -15.603786 24.015000 17.595000 -15.762947 25.015000 17.595000 -15.993852 26.015000 17.595000 -16.183573 27.015000 17.595000 -16.329321 28.015000 17.595000 -16.386615 29.015000 17.595000 -16.316362 30.015000 17.595000 -16.248439 31.015000 17.595000 -16.163715 32.015000 17.595000 -16.230665 33.015000 17.595000 -16.442401 34.015000 17.595000 -16.646123 35.015000 17.595000 -16.741126 36.015000 17.595000 -16.833484 37.015000 17.595000 -16.822035 38.015000 17.595000 -16.707570 39.015000 17.595000 -16.561519 40.015000 17.595000 -16.371457 41.015000 17.595000 -16.171977 42.015000 17.595000 -15.961655 43.015000 17.595000 -15.747369 44.015000 17.595000 -15.552153 45.015000 17.595000 -15.366965 46.015000 17.595000 -15.193870 47.015000 17.595000 -15.018553 48.015000 17.595000 -14.827474 49.015000 17.595000 -14.663937 50.015000 17.595000 -14.579041 -49.985000 18.595000 -5.569041 -48.985000 18.595000 -5.573633 -47.985000 18.595000 -5.590852 -46.985000 18.595000 -5.564507 -45.985000 18.595000 -5.578146 -44.985000 18.595000 -5.522841 -43.985000 18.595000 -5.551595 -42.985000 18.595000 -5.491805 -41.985000 18.595000 -5.521231 -40.985000 18.595000 -5.497511 -39.985000 18.595000 -5.480153 -38.985000 18.595000 -5.457681 -37.985000 18.595000 -5.446950 -36.985000 18.595000 -5.365328 -35.985000 18.595000 -5.449041 -34.985000 18.595000 -5.431497 -33.985000 18.595000 -5.379065 -32.985000 18.595000 -5.338755 -31.985000 18.595000 -5.416762 -30.985000 18.595000 -5.398649 -29.985000 18.595000 -5.362669 -28.985000 18.595000 -5.345165 -27.985000 18.595000 -5.353916 -26.985000 18.595000 -5.301289 -25.985000 18.595000 -5.245781 -24.985000 18.595000 -5.220001 -23.985000 18.595000 -5.248721 -22.985000 18.595000 -5.259505 -21.985000 18.595000 -5.252206 -20.985000 18.595000 -5.223233 -19.985000 18.595000 -5.169996 -18.985000 18.595000 -5.091553 -17.985000 18.595000 -4.961942 -16.985000 18.595000 -4.938841 -15.985000 18.595000 -5.102329 -14.985000 18.595000 -5.213051 -13.985000 18.595000 -5.287542 -12.985000 18.595000 -5.317741 -11.985000 18.595000 -5.299721 -10.985000 18.595000 -5.180645 -9.985000 18.595000 -4.942709 -8.985000 18.595000 -4.839204 -7.985000 18.595000 -4.881097 -6.985000 18.595000 -5.007621 -5.985000 18.595000 -5.066774 -4.985000 18.595000 -5.133657 -3.985000 18.595000 -5.144873 -2.985000 18.595000 -5.076245 -1.985000 18.595000 -4.976824 -0.985000 18.595000 -5.049178 0.015000 18.595000 -5.303161 1.015000 18.595000 -5.741050 2.015000 18.595000 -6.467345 3.015000 18.595000 -7.245708 4.015000 18.595000 -7.685819 5.015000 18.595000 -9.041914 6.015000 18.595000 -9.553444 7.015000 18.595000 -10.134905 8.015000 18.595000 -10.838429 9.015000 18.595000 -11.475936 10.015000 18.595000 -11.890861 11.015000 18.595000 -12.297737 12.015000 18.595000 -12.648855 13.015000 18.595000 -13.009335 14.015000 18.595000 -13.358409 15.015000 18.595000 -13.708185 16.015000 18.595000 -14.001384 17.015000 18.595000 -14.261462 18.015000 18.595000 -14.475409 19.015000 18.595000 -14.690744 20.015000 18.595000 -14.887177 21.015000 18.595000 -15.074985 22.015000 18.595000 -15.502375 23.015000 18.595000 -15.769017 24.015000 18.595000 -15.792657 25.015000 18.595000 -16.012873 26.015000 18.595000 -16.117505 27.015000 18.595000 -16.190764 28.015000 18.595000 -16.244841 29.015000 18.595000 -16.223609 30.015000 18.595000 -16.091488 31.015000 18.595000 -16.036841 32.015000 18.595000 -16.206393 33.015000 18.595000 -16.478841 34.015000 18.595000 -16.677947 35.015000 18.595000 -16.779846 36.015000 18.595000 -16.890016 37.015000 18.595000 -16.943881 38.015000 18.595000 -16.851843 39.015000 18.595000 -16.687785 40.015000 18.595000 -16.469033 41.015000 18.595000 -16.224438 42.015000 18.595000 -15.990069 43.015000 18.595000 -15.750249 44.015000 18.595000 -15.511921 45.015000 18.595000 -15.292502 46.015000 18.595000 -15.090211 47.015000 18.595000 -14.864017 48.015000 18.595000 -14.669817 49.015000 18.595000 -14.461010 50.015000 18.595000 -14.259041 -49.985000 19.595000 -5.679041 -48.985000 19.595000 -5.648803 -47.985000 19.595000 -5.655715 -46.985000 19.595000 -5.602273 -45.985000 19.595000 -5.657233 -44.985000 19.595000 -5.609137 -43.985000 19.595000 -5.610951 -42.985000 19.595000 -5.569841 -41.985000 19.595000 -5.587041 -40.985000 19.595000 -5.525697 -39.985000 19.595000 -5.545970 -38.985000 19.595000 -5.481271 -37.985000 19.595000 -5.519398 -36.985000 19.595000 -5.441483 -35.985000 19.595000 -5.449473 -34.985000 19.595000 -5.443401 -33.985000 19.595000 -5.438030 -32.985000 19.595000 -5.407808 -31.985000 19.595000 -5.412785 -30.985000 19.595000 -5.429153 -29.985000 19.595000 -5.397185 -28.985000 19.595000 -5.372454 -27.985000 19.595000 -5.341818 -26.985000 19.595000 -5.316777 -25.985000 19.595000 -5.258842 -24.985000 19.595000 -5.247649 -23.985000 19.595000 -5.238641 -22.985000 19.595000 -5.249041 -21.985000 19.595000 -5.231388 -20.985000 19.595000 -5.222214 -19.985000 19.595000 -5.160481 -18.985000 19.595000 -5.051216 -17.985000 19.595000 -4.940004 -16.985000 19.595000 -4.959412 -15.985000 19.595000 -5.085753 -14.985000 19.595000 -5.191601 -13.985000 19.595000 -5.279638 -12.985000 19.595000 -5.309257 -11.985000 19.595000 -5.282417 -10.985000 19.595000 -5.173600 -9.985000 19.595000 -4.978345 -8.985000 19.595000 -4.807385 -7.985000 19.595000 -4.801041 -6.985000 19.595000 -4.860943 -5.985000 19.595000 -4.916726 -4.985000 19.595000 -4.968337 -3.985000 19.595000 -4.999937 -2.985000 19.595000 -4.916861 -1.985000 19.595000 -4.843301 -0.985000 19.595000 -4.974321 0.015000 19.595000 -5.145419 1.015000 19.595000 -5.756590 2.015000 19.595000 -6.091701 3.015000 19.595000 -7.211177 4.015000 19.595000 -7.899749 5.015000 19.595000 -8.602697 6.015000 19.595000 -9.563641 7.015000 19.595000 -10.244945 8.015000 19.595000 -10.743663 9.015000 19.595000 -11.268110 10.015000 19.595000 -11.847591 11.015000 19.595000 -12.165923 12.015000 19.595000 -12.633519 13.015000 19.595000 -13.028601 14.015000 19.595000 -13.386825 15.015000 19.595000 -13.722104 16.015000 19.595000 -13.996997 17.015000 19.595000 -14.263713 18.015000 19.595000 -14.501457 19.015000 19.595000 -14.784256 20.015000 19.595000 -14.987600 21.015000 19.595000 -15.178129 22.015000 19.595000 -15.414937 23.015000 19.595000 -15.538447 24.015000 19.595000 -15.624344 25.015000 19.595000 -15.807985 26.015000 19.595000 -15.888526 27.015000 19.595000 -15.946873 28.015000 19.595000 -15.962905 29.015000 19.595000 -15.947313 30.015000 19.595000 -15.916389 31.015000 19.595000 -15.929972 32.015000 19.595000 -16.159857 33.015000 19.595000 -16.445921 34.015000 19.595000 -16.637573 35.015000 19.595000 -16.769697 36.015000 19.595000 -16.865857 37.015000 19.595000 -16.997705 38.015000 19.595000 -17.018413 39.015000 19.595000 -16.871159 40.015000 19.595000 -16.642881 41.015000 19.595000 -16.382549 42.015000 19.595000 -16.134459 43.015000 19.595000 -15.877441 44.015000 19.595000 -15.632297 45.015000 19.595000 -15.367489 46.015000 19.595000 -15.123027 47.015000 19.595000 -14.879879 48.015000 19.595000 -14.662027 49.015000 19.595000 -14.479084 50.015000 19.595000 -14.269041 -49.985000 20.595000 -5.749041 -48.985000 20.595000 -5.723343 -47.985000 20.595000 -5.729340 -46.985000 20.595000 -5.682180 -45.985000 20.595000 -5.696800 -44.985000 20.595000 -5.638257 -43.985000 20.595000 -5.650457 -42.985000 20.595000 -5.631175 -41.985000 20.595000 -5.615364 -40.985000 20.595000 -5.582801 -39.985000 20.595000 -5.580545 -38.985000 20.595000 -5.548932 -37.985000 20.595000 -5.542617 -36.985000 20.595000 -5.517256 -35.985000 20.595000 -5.486002 -34.985000 20.595000 -5.466081 -33.985000 20.595000 -5.475974 -32.985000 20.595000 -5.450103 -31.985000 20.595000 -5.437480 -30.985000 20.595000 -5.425033 -29.985000 20.595000 -5.425850 -28.985000 20.595000 -5.401657 -27.985000 20.595000 -5.366625 -26.985000 20.595000 -5.326753 -25.985000 20.595000 -5.296341 -24.985000 20.595000 -5.258472 -23.985000 20.595000 -5.247897 -22.985000 20.595000 -5.309471 -21.985000 20.595000 -5.283651 -20.985000 20.595000 -5.242693 -19.985000 20.595000 -5.162137 -18.985000 20.595000 -5.047281 -17.985000 20.595000 -4.978579 -16.985000 20.595000 -4.937177 -15.985000 20.595000 -5.078982 -14.985000 20.595000 -5.131767 -13.985000 20.595000 -5.215281 -12.985000 20.595000 -5.249873 -11.985000 20.595000 -5.249921 -10.985000 20.595000 -5.190405 -9.985000 20.595000 -5.048743 -8.985000 20.595000 -4.875538 -7.985000 20.595000 -4.775033 -6.985000 20.595000 -4.782943 -5.985000 20.595000 -4.626817 -4.985000 20.595000 -4.658776 -3.985000 20.595000 -4.649160 -2.985000 20.595000 -4.642752 -1.985000 20.595000 -4.692036 -0.985000 20.595000 -4.799375 0.015000 20.595000 -5.105438 1.015000 20.595000 -5.801957 2.015000 20.595000 -6.299041 3.015000 20.595000 -7.360803 4.015000 20.595000 -7.776464 5.015000 20.595000 -8.599895 6.015000 20.595000 -9.355713 7.015000 20.595000 -10.175720 8.015000 20.595000 -10.658492 9.015000 20.595000 -10.983161 10.015000 20.595000 -11.764594 11.015000 20.595000 -12.168434 12.015000 20.595000 -12.622505 13.015000 20.595000 -13.034193 14.015000 20.595000 -13.388477 15.015000 20.595000 -13.716965 16.015000 20.595000 -14.012725 17.015000 20.595000 -14.292279 18.015000 20.595000 -14.556680 19.015000 20.595000 -14.825376 20.015000 20.595000 -14.995889 21.015000 20.595000 -15.118325 22.015000 20.595000 -15.265923 23.015000 20.595000 -15.311450 24.015000 20.595000 -15.351070 25.015000 20.595000 -15.491863 26.015000 20.595000 -15.623377 27.015000 20.595000 -15.711478 28.015000 20.595000 -15.744253 29.015000 20.595000 -15.733560 30.015000 20.595000 -15.798163 31.015000 20.595000 -15.863120 32.015000 20.595000 -16.177769 33.015000 20.595000 -16.425951 34.015000 20.595000 -16.544936 35.015000 20.595000 -16.702512 36.015000 20.595000 -16.872204 37.015000 20.595000 -17.004637 38.015000 20.595000 -17.104253 39.015000 20.595000 -17.059131 40.015000 20.595000 -16.866702 41.015000 20.595000 -16.618110 42.015000 20.595000 -16.353075 43.015000 20.595000 -16.066161 44.015000 20.595000 -15.805258 45.015000 20.595000 -15.541485 46.015000 20.595000 -15.256840 47.015000 20.595000 -14.999367 48.015000 20.595000 -14.755321 49.015000 20.595000 -14.528948 50.015000 20.595000 -14.309041 -49.985000 21.595000 -5.769041 -48.985000 21.595000 -5.747048 -47.985000 21.595000 -5.739812 -46.985000 21.595000 -5.714353 -45.985000 21.595000 -5.699767 -44.985000 21.595000 -5.670820 -43.985000 21.595000 -5.661829 -42.985000 21.595000 -5.647537 -41.985000 21.595000 -5.628115 -40.985000 21.595000 -5.600774 -39.985000 21.595000 -5.581426 -38.985000 21.595000 -5.569932 -37.985000 21.595000 -5.540302 -36.985000 21.595000 -5.527683 -35.985000 21.595000 -5.513822 -34.985000 21.595000 -5.499411 -33.985000 21.595000 -5.470776 -32.985000 21.595000 -5.453241 -31.985000 21.595000 -5.430828 -30.985000 21.595000 -5.422836 -29.985000 21.595000 -5.411933 -28.985000 21.595000 -5.394491 -27.985000 21.595000 -5.380177 -26.985000 21.595000 -5.356422 -25.985000 21.595000 -5.344562 -24.985000 21.595000 -5.347808 -23.985000 21.595000 -5.321428 -22.985000 21.595000 -5.286728 -21.985000 21.595000 -5.251864 -20.985000 21.595000 -5.209618 -19.985000 21.595000 -5.147948 -18.985000 21.595000 -5.043283 -17.985000 21.595000 -4.949292 -16.985000 21.595000 -4.894029 -15.985000 21.595000 -5.018349 -14.985000 21.595000 -5.142483 -13.985000 21.595000 -5.228887 -12.985000 21.595000 -5.261856 -11.985000 21.595000 -5.285191 -10.985000 21.595000 -5.235015 -9.985000 21.595000 -5.166937 -8.985000 21.595000 -4.914669 -7.985000 21.595000 -4.801259 -6.985000 21.595000 -4.733335 -5.985000 21.595000 -4.657307 -4.985000 21.595000 -4.536702 -3.985000 21.595000 -4.508038 -2.985000 21.595000 -4.441509 -1.985000 21.595000 -4.506835 -0.985000 21.595000 -4.656482 0.015000 21.595000 -5.191252 1.015000 21.595000 -5.851401 2.015000 21.595000 -6.509367 3.015000 21.595000 -7.427606 4.015000 21.595000 -7.909509 5.015000 21.595000 -8.427458 6.015000 21.595000 -9.108834 7.015000 21.595000 -10.123003 8.015000 21.595000 -10.422502 9.015000 21.595000 -11.054542 10.015000 21.595000 -11.688503 11.015000 21.595000 -12.175179 12.015000 21.595000 -12.610209 13.015000 21.595000 -13.010278 14.015000 21.595000 -13.404349 15.015000 21.595000 -13.743054 16.015000 21.595000 -14.060196 17.015000 21.595000 -14.350963 18.015000 21.595000 -14.672168 19.015000 21.595000 -14.869322 20.015000 21.595000 -14.897199 21.015000 21.595000 -14.971181 22.015000 21.595000 -15.057321 23.015000 21.595000 -15.102066 24.015000 21.595000 -15.096425 25.015000 21.595000 -15.253035 26.015000 21.595000 -15.352072 27.015000 21.595000 -15.455238 28.015000 21.595000 -15.528843 29.015000 21.595000 -15.634761 30.015000 21.595000 -15.722116 31.015000 21.595000 -15.832293 32.015000 21.595000 -16.129519 33.015000 21.595000 -16.342497 34.015000 21.595000 -16.504897 35.015000 21.595000 -16.643157 36.015000 21.595000 -16.816041 37.015000 21.595000 -16.934931 38.015000 21.595000 -17.114272 39.015000 21.595000 -17.150187 40.015000 21.595000 -17.040180 41.015000 21.595000 -16.847657 42.015000 21.595000 -16.601449 43.015000 21.595000 -16.333321 44.015000 21.595000 -16.052661 45.015000 21.595000 -15.767633 46.015000 21.595000 -15.475376 47.015000 21.595000 -15.200632 48.015000 21.595000 -14.947185 49.015000 21.595000 -14.701155 50.015000 21.595000 -14.499041 -49.985000 22.595000 -5.789041 -48.985000 22.595000 -5.761961 -47.985000 22.595000 -5.736465 -46.985000 22.595000 -5.719041 -45.985000 22.595000 -5.702953 -44.985000 22.595000 -5.681698 -43.985000 22.595000 -5.672539 -42.985000 22.595000 -5.659041 -41.985000 22.595000 -5.636764 -40.985000 22.595000 -5.618686 -39.985000 22.595000 -5.593609 -38.985000 22.595000 -5.575649 -37.985000 22.595000 -5.559041 -36.985000 22.595000 -5.535620 -35.985000 22.595000 -5.516678 -34.985000 22.595000 -5.487055 -33.985000 22.595000 -5.464595 -32.985000 22.595000 -5.447226 -31.985000 22.595000 -5.439041 -30.985000 22.595000 -5.427067 -29.985000 22.595000 -5.397898 -28.985000 22.595000 -5.378092 -27.985000 22.595000 -5.374449 -26.985000 22.595000 -5.369849 -25.985000 22.595000 -5.359041 -24.985000 22.595000 -5.341063 -23.985000 22.595000 -5.310877 -22.985000 22.595000 -5.285041 -21.985000 22.595000 -5.250263 -20.985000 22.595000 -5.206933 -19.985000 22.595000 -5.137510 -18.985000 22.595000 -5.053305 -17.985000 22.595000 -4.934857 -16.985000 22.595000 -4.945859 -15.985000 22.595000 -5.068041 -14.985000 22.595000 -5.224340 -13.985000 22.595000 -5.265667 -12.985000 22.595000 -5.299041 -11.985000 22.595000 -5.285826 -10.985000 22.595000 -5.268682 -9.985000 22.595000 -5.210569 -8.985000 22.595000 -5.045121 -7.985000 22.595000 -4.818612 -6.985000 22.595000 -4.673348 -5.985000 22.595000 -4.559113 -4.985000 22.595000 -4.469906 -3.985000 22.595000 -4.386305 -2.985000 22.595000 -4.322877 -1.985000 22.595000 -4.432321 -0.985000 22.595000 -4.599129 0.015000 22.595000 -5.341585 1.015000 22.595000 -5.812375 2.015000 22.595000 -6.773234 3.015000 22.595000 -7.362865 4.015000 22.595000 -7.889600 5.015000 22.595000 -8.466917 6.015000 22.595000 -9.159881 7.015000 22.595000 -9.563202 8.015000 22.595000 -10.262860 9.015000 22.595000 -11.009552 10.015000 22.595000 -11.594461 11.015000 22.595000 -12.136517 12.015000 22.595000 -12.485509 13.015000 22.595000 -13.028689 14.015000 22.595000 -13.374482 15.015000 22.595000 -13.731409 16.015000 22.595000 -14.069853 17.015000 22.595000 -14.432153 18.015000 22.595000 -14.753201 19.015000 22.595000 -14.775764 20.015000 22.595000 -14.770217 21.015000 22.595000 -14.755041 22.015000 22.595000 -14.749849 23.015000 22.595000 -14.803740 24.015000 22.595000 -14.809942 25.015000 22.595000 -14.969201 26.015000 22.595000 -15.072641 27.015000 22.595000 -15.225465 28.015000 22.595000 -15.286057 29.015000 22.595000 -15.417529 30.015000 22.595000 -15.593465 31.015000 22.595000 -15.841249 32.015000 22.595000 -16.139041 33.015000 22.595000 -16.329849 34.015000 22.595000 -16.426269 35.015000 22.595000 -16.569409 36.015000 22.595000 -16.746129 37.015000 22.595000 -16.856865 38.015000 22.595000 -17.037800 39.015000 22.595000 -17.123129 40.015000 22.595000 -17.160801 41.015000 22.595000 -17.046497 42.015000 22.595000 -16.831070 43.015000 22.595000 -16.579495 44.015000 22.595000 -16.301441 45.015000 22.595000 -16.002396 46.015000 22.595000 -15.749041 47.015000 22.595000 -15.418377 48.015000 22.595000 -15.149953 49.015000 22.595000 -14.880616 50.015000 22.595000 -14.669041 -49.985000 23.595000 -5.769041 -48.985000 23.595000 -5.748537 -47.985000 23.595000 -5.727001 -46.985000 23.595000 -5.714441 -45.985000 23.595000 -5.698697 -44.985000 23.595000 -5.681376 -43.985000 23.595000 -5.672873 -42.985000 23.595000 -5.669692 -41.985000 23.595000 -5.647491 -40.985000 23.595000 -5.621814 -39.985000 23.595000 -5.588460 -38.985000 23.595000 -5.577129 -37.985000 23.595000 -5.563777 -36.985000 23.595000 -5.540347 -35.985000 23.595000 -5.515159 -34.985000 23.595000 -5.470225 -33.985000 23.595000 -5.441441 -32.985000 23.595000 -5.427277 -31.985000 23.595000 -5.422467 -30.985000 23.595000 -5.402089 -29.985000 23.595000 -5.379499 -28.985000 23.595000 -5.369041 -27.985000 23.595000 -5.353825 -26.985000 23.595000 -5.350517 -25.985000 23.595000 -5.345522 -24.985000 23.595000 -5.326352 -23.985000 23.595000 -5.310377 -22.985000 23.595000 -5.277057 -21.985000 23.595000 -5.248769 -20.985000 23.595000 -5.200914 -19.985000 23.595000 -5.140285 -18.985000 23.595000 -5.063681 -17.985000 23.595000 -4.966034 -16.985000 23.595000 -4.926857 -15.985000 23.595000 -5.067729 -14.985000 23.595000 -5.111489 -13.985000 23.595000 -5.133356 -12.985000 23.595000 -5.181444 -11.985000 23.595000 -5.163672 -10.985000 23.595000 -5.143617 -9.985000 23.595000 -5.133439 -8.985000 23.595000 -5.028745 -7.985000 23.595000 -4.749489 -6.985000 23.595000 -4.531590 -5.985000 23.595000 -4.390961 -4.985000 23.595000 -4.278281 -3.985000 23.595000 -4.190889 -2.985000 23.595000 -4.125402 -1.985000 23.595000 -4.255708 -0.985000 23.595000 -5.050185 0.015000 23.595000 -5.541241 1.015000 23.595000 -6.076726 2.015000 23.595000 -6.919133 3.015000 23.595000 -7.425269 4.015000 23.595000 -7.843385 5.015000 23.595000 -8.612097 6.015000 23.595000 -9.107897 7.015000 23.595000 -9.648702 8.015000 23.595000 -10.217200 9.015000 23.595000 -10.856470 10.015000 23.595000 -11.370922 11.015000 23.595000 -12.009853 12.015000 23.595000 -12.410974 13.015000 23.595000 -12.937526 14.015000 23.595000 -13.315401 15.015000 23.595000 -13.668974 16.015000 23.595000 -14.026481 17.015000 23.595000 -14.280765 18.015000 23.595000 -14.345561 19.015000 23.595000 -14.010067 20.015000 23.595000 -14.398026 21.015000 23.595000 -14.532041 22.015000 23.595000 -14.406225 23.015000 23.595000 -14.368628 24.015000 23.595000 -14.448605 25.015000 23.595000 -14.700945 26.015000 23.595000 -14.822219 27.015000 23.595000 -14.947121 28.015000 23.595000 -15.069841 29.015000 23.595000 -15.262345 30.015000 23.595000 -15.526122 31.015000 23.595000 -15.793767 32.015000 23.595000 -16.069227 33.015000 23.595000 -16.262057 34.015000 23.595000 -16.361547 35.015000 23.595000 -16.461448 36.015000 23.595000 -16.659129 37.015000 23.595000 -16.785617 38.015000 23.595000 -16.979049 39.015000 23.595000 -17.076229 40.015000 23.595000 -17.149141 41.015000 23.595000 -17.168909 42.015000 23.595000 -17.027594 43.015000 23.595000 -16.791222 44.015000 23.595000 -16.527757 45.015000 23.595000 -16.222030 46.015000 23.595000 -15.920155 47.015000 23.595000 -15.628332 48.015000 23.595000 -15.356624 49.015000 23.595000 -15.063413 50.015000 23.595000 -14.829041 -49.985000 24.595000 -5.769041 -48.985000 24.595000 -5.744348 -47.985000 24.595000 -5.729468 -46.985000 24.595000 -5.712857 -45.985000 24.595000 -5.692967 -44.985000 24.595000 -5.677491 -43.985000 24.595000 -5.669312 -42.985000 24.595000 -5.652017 -41.985000 24.595000 -5.629206 -40.985000 24.595000 -5.623206 -39.985000 24.595000 -5.575573 -38.985000 24.595000 -5.552048 -37.985000 24.595000 -5.538023 -36.985000 24.595000 -5.516949 -35.985000 24.595000 -5.491897 -34.985000 24.595000 -5.462153 -33.985000 24.595000 -5.430887 -32.985000 24.595000 -5.412776 -31.985000 24.595000 -5.398323 -30.985000 24.595000 -5.384881 -29.985000 24.595000 -5.369041 -28.985000 24.595000 -5.368258 -27.985000 24.595000 -5.350473 -26.985000 24.595000 -5.330076 -25.985000 24.595000 -5.324641 -24.985000 24.595000 -5.312549 -23.985000 24.595000 -5.301881 -22.985000 24.595000 -5.272320 -21.985000 24.595000 -5.231248 -20.985000 24.595000 -5.185546 -19.985000 24.595000 -5.138110 -18.985000 24.595000 -5.082517 -17.985000 24.595000 -5.024676 -16.985000 24.595000 -5.008755 -15.985000 24.595000 -5.041753 -14.985000 24.595000 -5.089113 -13.985000 24.595000 -5.123809 -12.985000 24.595000 -5.126400 -11.985000 24.595000 -5.145025 -10.985000 24.595000 -5.114106 -9.985000 24.595000 -5.050055 -8.985000 24.595000 -4.773633 -7.985000 24.595000 -4.487106 -6.985000 24.595000 -4.303472 -5.985000 24.595000 -4.166437 -4.985000 24.595000 -4.005280 -3.985000 24.595000 -3.964354 -2.985000 24.595000 -3.949041 -1.985000 24.595000 -4.220535 -0.985000 24.595000 -4.818087 0.015000 24.595000 -5.982476 1.015000 24.595000 -6.174023 2.015000 24.595000 -6.990006 3.015000 24.595000 -7.578409 4.015000 24.595000 -8.079580 5.015000 24.595000 -8.604884 6.015000 24.595000 -9.137768 7.015000 24.595000 -9.635297 8.015000 24.595000 -10.069577 9.015000 24.595000 -10.803809 10.015000 24.595000 -11.380903 11.015000 24.595000 -11.888606 12.015000 24.595000 -12.365067 13.015000 24.595000 -12.777267 14.015000 24.595000 -13.182642 15.015000 24.595000 -13.551653 16.015000 24.595000 -13.872947 17.015000 24.595000 -14.089669 18.015000 24.595000 -14.163647 19.015000 24.595000 -13.978657 20.015000 24.595000 -14.013276 21.015000 24.595000 -14.150465 22.015000 24.595000 -14.134711 23.015000 24.595000 -14.032924 24.015000 24.595000 -14.053433 25.015000 24.595000 -14.391139 26.015000 24.595000 -14.480732 27.015000 24.595000 -14.762275 28.015000 24.595000 -14.832983 29.015000 24.595000 -15.147299 30.015000 24.595000 -15.489041 31.015000 24.595000 -15.750927 32.015000 24.595000 -15.986367 33.015000 24.595000 -16.185683 34.015000 24.595000 -16.304226 35.015000 24.595000 -16.428564 36.015000 24.595000 -16.578472 37.015000 24.595000 -16.678992 38.015000 24.595000 -16.866368 39.015000 24.595000 -17.006924 40.015000 24.595000 -17.133936 41.015000 24.595000 -17.199295 42.015000 24.595000 -17.151499 43.015000 24.595000 -16.932671 44.015000 24.595000 -16.704561 45.015000 24.595000 -16.388306 46.015000 24.595000 -16.095720 47.015000 24.595000 -15.828552 48.015000 24.595000 -15.544077 49.015000 24.595000 -15.262327 50.015000 24.595000 -15.079041 -49.985000 25.595000 -5.819041 -48.985000 25.595000 -5.781790 -47.985000 25.595000 -5.761319 -46.985000 25.595000 -5.739827 -45.985000 25.595000 -5.707180 -44.985000 25.595000 -5.669196 -43.985000 25.595000 -5.648709 -42.985000 25.595000 -5.620930 -41.985000 25.595000 -5.583767 -40.985000 25.595000 -5.557001 -39.985000 25.595000 -5.541393 -38.985000 25.595000 -5.511348 -37.985000 25.595000 -5.486617 -36.985000 25.595000 -5.481900 -35.985000 25.595000 -5.453737 -34.985000 25.595000 -5.433699 -33.985000 25.595000 -5.411539 -32.985000 25.595000 -5.390245 -31.985000 25.595000 -5.357760 -30.985000 25.595000 -5.364017 -29.985000 25.595000 -5.374617 -28.985000 25.595000 -5.418956 -27.985000 25.595000 -5.371084 -26.985000 25.595000 -5.346937 -25.985000 25.595000 -5.331366 -24.985000 25.595000 -5.314403 -23.985000 25.595000 -5.292773 -22.985000 25.595000 -5.247706 -21.985000 25.595000 -5.204254 -20.985000 25.595000 -5.168782 -19.985000 25.595000 -5.129041 -18.985000 25.595000 -5.080927 -17.985000 25.595000 -5.037380 -16.985000 25.595000 -4.943201 -15.985000 25.595000 -5.013099 -14.985000 25.595000 -5.067104 -13.985000 25.595000 -5.073573 -12.985000 25.595000 -5.040395 -11.985000 25.595000 -5.000258 -10.985000 25.595000 -4.848871 -9.985000 25.595000 -4.304188 -8.985000 25.595000 -4.357119 -7.985000 25.595000 -4.164289 -6.985000 25.595000 -4.013098 -5.985000 25.595000 -3.941815 -4.985000 25.595000 -3.841623 -3.985000 25.595000 -3.801101 -2.985000 25.595000 -4.018604 -1.985000 25.595000 -4.316801 -0.985000 25.595000 -5.131668 0.015000 25.595000 -5.859066 1.015000 25.595000 -6.510612 2.015000 25.595000 -7.038946 3.015000 25.595000 -7.568142 4.015000 25.595000 -8.233293 5.015000 25.595000 -8.677282 6.015000 25.595000 -9.156121 7.015000 25.595000 -9.640370 8.015000 25.595000 -10.058916 9.015000 25.595000 -10.834228 10.015000 25.595000 -11.253121 11.015000 25.595000 -11.709548 12.015000 25.595000 -12.200310 13.015000 25.595000 -12.627323 14.015000 25.595000 -13.003516 15.015000 25.595000 -13.393168 16.015000 25.595000 -13.731818 17.015000 25.595000 -13.803206 18.015000 25.595000 -13.797313 19.015000 25.595000 -13.723576 20.015000 25.595000 -13.696551 21.015000 25.595000 -13.766053 22.015000 25.595000 -13.724111 23.015000 25.595000 -13.671499 24.015000 25.595000 -13.726480 25.015000 25.595000 -13.886241 26.015000 25.595000 -14.237569 27.015000 25.595000 -14.544991 28.015000 25.595000 -14.694359 29.015000 25.595000 -15.060817 30.015000 25.595000 -15.431412 31.015000 25.595000 -15.707086 32.015000 25.595000 -15.927153 33.015000 25.595000 -16.099423 34.015000 25.595000 -16.255437 35.015000 25.595000 -16.384084 36.015000 25.595000 -16.516668 37.015000 25.595000 -16.562561 38.015000 25.595000 -16.742707 39.015000 25.595000 -16.920402 40.015000 25.595000 -17.042764 41.015000 25.595000 -17.130195 42.015000 25.595000 -17.144410 43.015000 25.595000 -17.019233 44.015000 25.595000 -16.788281 45.015000 25.595000 -16.535044 46.015000 25.595000 -16.245684 47.015000 25.595000 -15.999869 48.015000 25.595000 -15.705297 49.015000 25.595000 -15.429937 50.015000 25.595000 -15.199041 -49.985000 26.595000 -5.849041 -48.985000 26.595000 -5.830480 -47.985000 26.595000 -5.802860 -46.985000 26.595000 -5.768116 -45.985000 26.595000 -5.731705 -44.985000 26.595000 -5.692691 -43.985000 26.595000 -5.658138 -42.985000 26.595000 -5.624025 -41.985000 26.595000 -5.580656 -40.985000 26.595000 -5.532153 -39.985000 26.595000 -5.507214 -38.985000 26.595000 -5.482457 -37.985000 26.595000 -5.459897 -36.985000 26.595000 -5.445815 -35.985000 26.595000 -5.413017 -34.985000 26.595000 -5.398801 -33.985000 26.595000 -5.374193 -32.985000 26.595000 -5.352007 -31.985000 26.595000 -5.332729 -30.985000 26.595000 -5.322089 -29.985000 26.595000 -5.413785 -28.985000 26.595000 -5.185402 -27.985000 26.595000 -5.237841 -26.985000 26.595000 -5.250648 -25.985000 26.595000 -5.296881 -24.985000 26.595000 -5.286714 -23.985000 26.595000 -5.264297 -22.985000 26.595000 -5.224029 -21.985000 26.595000 -5.182410 -20.985000 26.595000 -5.160881 -19.985000 26.595000 -5.083361 -18.985000 26.595000 -5.098429 -17.985000 26.595000 -5.015915 -16.985000 26.595000 -4.881289 -15.985000 26.595000 -4.907810 -14.985000 26.595000 -4.980461 -13.985000 26.595000 -4.995180 -12.985000 26.595000 -4.837428 -11.985000 26.595000 -4.716961 -10.985000 26.595000 -4.504686 -9.985000 26.595000 -4.307609 -8.985000 26.595000 -4.170185 -7.985000 26.595000 -3.953121 -6.985000 26.595000 -3.808369 -5.985000 26.595000 -3.643035 -4.985000 26.595000 -3.531217 -3.985000 26.595000 -3.601601 -2.985000 26.595000 -3.992496 -1.985000 26.595000 -4.605700 -0.985000 26.595000 -5.442401 0.015000 26.595000 -5.710056 1.015000 26.595000 -6.557298 2.015000 26.595000 -7.063001 3.015000 26.595000 -7.507857 4.015000 26.595000 -8.189936 5.015000 26.595000 -8.747084 6.015000 26.595000 -9.182841 7.015000 26.595000 -9.621977 8.015000 26.595000 -10.065185 9.015000 26.595000 -10.939033 10.015000 26.595000 -11.164297 11.015000 26.595000 -11.740187 12.015000 26.595000 -12.022210 13.015000 26.595000 -12.257321 14.015000 26.595000 -12.770208 15.015000 26.595000 -13.180282 16.015000 26.595000 -13.448158 17.015000 26.595000 -13.203281 18.015000 26.595000 -13.206849 19.015000 26.595000 -13.275961 20.015000 26.595000 -13.232359 21.015000 26.595000 -13.670080 22.015000 26.595000 -13.521457 23.015000 26.595000 -13.501263 24.015000 26.595000 -13.443769 25.015000 26.595000 -13.741209 26.015000 26.595000 -14.007528 27.015000 26.595000 -14.355298 28.015000 26.595000 -14.758737 29.015000 26.595000 -15.150209 30.015000 26.595000 -15.460761 31.015000 26.595000 -15.682709 32.015000 26.595000 -15.850025 33.015000 26.595000 -15.988610 34.015000 26.595000 -16.138531 35.015000 26.595000 -16.294409 36.015000 26.595000 -16.429817 37.015000 26.595000 -16.501873 38.015000 26.595000 -16.663040 39.015000 26.595000 -16.782641 40.015000 26.595000 -16.927241 41.015000 26.595000 -17.012865 42.015000 26.595000 -17.055242 43.015000 26.595000 -16.977985 44.015000 26.595000 -16.814673 45.015000 26.595000 -16.607733 46.015000 26.595000 -16.337673 47.015000 26.595000 -16.111921 48.015000 26.595000 -15.815025 49.015000 26.595000 -15.541338 50.015000 26.595000 -15.299041 -49.985000 27.595000 -5.909041 -48.985000 27.595000 -5.877481 -47.985000 27.595000 -5.843324 -46.985000 27.595000 -5.796609 -45.985000 27.595000 -5.757521 -44.985000 27.595000 -5.733473 -43.985000 27.595000 -5.701364 -42.985000 27.595000 -5.651537 -41.985000 27.595000 -5.612836 -40.985000 27.595000 -5.576408 -39.985000 27.595000 -5.532065 -38.985000 27.595000 -5.497201 -37.985000 27.595000 -5.465906 -36.985000 27.595000 -5.445867 -35.985000 27.595000 -5.404821 -34.985000 27.595000 -5.382001 -33.985000 27.595000 -5.355825 -32.985000 27.595000 -5.329382 -31.985000 27.595000 -5.311328 -30.985000 27.595000 -5.281617 -29.985000 27.595000 -5.340656 -28.985000 27.595000 -5.245852 -27.985000 27.595000 -5.156353 -26.985000 27.595000 -5.094977 -25.985000 27.595000 -5.101246 -24.985000 27.595000 -5.125805 -23.985000 27.595000 -5.109687 -22.985000 27.595000 -5.105550 -21.985000 27.595000 -5.110728 -20.985000 27.595000 -5.108524 -19.985000 27.595000 -5.044673 -18.985000 27.595000 -5.053041 -17.985000 27.595000 -5.000224 -16.985000 27.595000 -4.893185 -15.985000 27.595000 -4.879065 -14.985000 27.595000 -4.926149 -13.985000 27.595000 -4.898158 -12.985000 27.595000 -4.519233 -11.985000 27.595000 -4.462981 -10.985000 27.595000 -4.290964 -9.985000 27.595000 -4.099351 -8.985000 27.595000 -3.913617 -7.985000 27.595000 -3.715081 -6.985000 27.595000 -3.561537 -5.985000 27.595000 -3.211217 -4.985000 27.595000 -3.341428 -3.985000 27.595000 -3.465377 -2.985000 27.595000 -3.908433 -1.985000 27.595000 -4.613297 -0.985000 27.595000 -5.439681 0.015000 27.595000 -5.603005 1.015000 27.595000 -6.374263 2.015000 27.595000 -7.034801 3.015000 27.595000 -7.356833 4.015000 27.595000 -8.414347 5.015000 27.595000 -8.787896 6.015000 27.595000 -9.165745 7.015000 27.595000 -9.501213 8.015000 27.595000 -10.159375 9.015000 27.595000 -10.677896 10.015000 27.595000 -11.038289 11.015000 27.595000 -11.546368 12.015000 27.595000 -11.829472 13.015000 27.595000 -12.127633 14.015000 27.595000 -12.458876 15.015000 27.595000 -12.710041 16.015000 27.595000 -12.743691 17.015000 27.595000 -12.865481 18.015000 27.595000 -12.942569 19.015000 27.595000 -12.941929 20.015000 27.595000 -12.853961 21.015000 27.595000 -13.077237 22.015000 27.595000 -13.252081 23.015000 27.595000 -13.311227 24.015000 27.595000 -13.361073 25.015000 27.595000 -13.718767 26.015000 27.595000 -14.026627 27.015000 27.595000 -14.362040 28.015000 27.595000 -14.787601 29.015000 27.595000 -15.150721 30.015000 27.595000 -15.406598 31.015000 27.595000 -15.609433 32.015000 27.595000 -15.786121 33.015000 27.595000 -15.942305 34.015000 27.595000 -16.054316 35.015000 27.595000 -16.198822 36.015000 27.595000 -16.306168 37.015000 27.595000 -16.437116 38.015000 27.595000 -16.558795 39.015000 27.595000 -16.672873 40.015000 27.595000 -16.779217 41.015000 27.595000 -16.861209 42.015000 27.595000 -16.951795 43.015000 27.595000 -16.870768 44.015000 27.595000 -16.738095 45.015000 27.595000 -16.578882 46.015000 27.595000 -16.370085 47.015000 27.595000 -16.149233 48.015000 27.595000 -15.885830 49.015000 27.595000 -15.628183 50.015000 27.595000 -15.349041 -49.985000 28.595000 -5.969041 -48.985000 28.595000 -5.917701 -47.985000 28.595000 -5.877658 -46.985000 28.595000 -5.836726 -45.985000 28.595000 -5.797585 -44.985000 28.595000 -5.771959 -43.985000 28.595000 -5.727891 -42.985000 28.595000 -5.684956 -41.985000 28.595000 -5.652486 -40.985000 28.595000 -5.628046 -39.985000 28.595000 -5.571829 -38.985000 28.595000 -5.545481 -37.985000 28.595000 -5.486488 -36.985000 28.595000 -5.467764 -35.985000 28.595000 -5.425656 -34.985000 28.595000 -5.399785 -33.985000 28.595000 -5.366476 -32.985000 28.595000 -5.347748 -31.985000 28.595000 -5.316985 -30.985000 28.595000 -5.286328 -29.985000 28.595000 -5.274902 -28.985000 28.595000 -5.237013 -27.985000 28.595000 -5.175145 -26.985000 28.595000 -5.158126 -25.985000 28.595000 -5.141579 -24.985000 28.595000 -5.104087 -23.985000 28.595000 -5.071054 -22.985000 28.595000 -5.042381 -21.985000 28.595000 -5.060239 -20.985000 28.595000 -5.005091 -19.985000 28.595000 -5.005663 -18.985000 28.595000 -5.010688 -17.985000 28.595000 -4.954479 -16.985000 28.595000 -4.880974 -15.985000 28.595000 -4.822921 -14.985000 28.595000 -4.781837 -13.985000 28.595000 -4.592456 -12.985000 28.595000 -4.371726 -11.985000 28.595000 -4.245565 -10.985000 28.595000 -4.135103 -9.985000 28.595000 -3.907394 -8.985000 28.595000 -3.729195 -7.985000 28.595000 -3.506297 -6.985000 28.595000 -3.196669 -5.985000 28.595000 -3.107569 -4.985000 28.595000 -3.095870 -3.985000 28.595000 -3.216892 -2.985000 28.595000 -3.645993 -1.985000 28.595000 -4.443056 -0.985000 28.595000 -5.273067 0.015000 28.595000 -5.697204 1.015000 28.595000 -6.620529 2.015000 28.595000 -6.877371 3.015000 28.595000 -7.355195 4.015000 28.595000 -8.018467 5.015000 28.595000 -8.769424 6.015000 28.595000 -9.154900 7.015000 28.595000 -9.570123 8.015000 28.595000 -10.100353 9.015000 28.595000 -10.504735 10.015000 28.595000 -10.998311 11.015000 28.595000 -11.321636 12.015000 28.595000 -11.585079 13.015000 28.595000 -11.968851 14.015000 28.595000 -12.196053 15.015000 28.595000 -12.335732 16.015000 28.595000 -12.401173 17.015000 28.595000 -12.456786 18.015000 28.595000 -12.572056 19.015000 28.595000 -12.542999 20.015000 28.595000 -12.573976 21.015000 28.595000 -12.809975 22.015000 28.595000 -13.014562 23.015000 28.595000 -13.225832 24.015000 28.595000 -13.415015 25.015000 28.595000 -13.484375 26.015000 28.595000 -14.082487 27.015000 28.595000 -14.482921 28.015000 28.595000 -14.807448 29.015000 28.595000 -15.074554 30.015000 28.595000 -15.386997 31.015000 28.595000 -15.564593 32.015000 28.595000 -15.703449 33.015000 28.595000 -15.838711 34.015000 28.595000 -15.974099 35.015000 28.595000 -16.114284 36.015000 28.595000 -16.156583 37.015000 28.595000 -16.257543 38.015000 28.595000 -16.372295 39.015000 28.595000 -16.520126 40.015000 28.595000 -16.657491 41.015000 28.595000 -16.798616 42.015000 28.595000 -16.767869 43.015000 28.595000 -16.684865 44.015000 28.595000 -16.585270 45.015000 28.595000 -16.486961 46.015000 28.595000 -16.327120 47.015000 28.595000 -16.121782 48.015000 28.595000 -15.907371 49.015000 28.595000 -15.646919 50.015000 28.595000 -15.399041 -49.985000 29.595000 -6.029041 -48.985000 29.595000 -5.932225 -47.985000 29.595000 -5.930500 -46.985000 29.595000 -5.873022 -45.985000 29.595000 -5.834474 -44.985000 29.595000 -5.794224 -43.985000 29.595000 -5.739362 -42.985000 29.595000 -5.734672 -41.985000 29.595000 -5.693332 -40.985000 29.595000 -5.662836 -39.985000 29.595000 -5.614937 -38.985000 29.595000 -5.590927 -37.985000 29.595000 -5.528859 -36.985000 29.595000 -5.501141 -35.985000 29.595000 -5.452945 -34.985000 29.595000 -5.437009 -33.985000 29.595000 -5.394358 -32.985000 29.595000 -5.375551 -31.985000 29.595000 -5.325256 -30.985000 29.595000 -5.338457 -29.985000 29.595000 -5.306635 -28.985000 29.595000 -5.232398 -27.985000 29.595000 -5.215777 -26.985000 29.595000 -5.201499 -25.985000 29.595000 -5.143130 -24.985000 29.595000 -5.118816 -23.985000 29.595000 -5.087083 -22.985000 29.595000 -5.054928 -21.985000 29.595000 -5.063797 -20.985000 29.595000 -5.004503 -19.985000 29.595000 -4.978655 -18.985000 29.595000 -5.011073 -17.985000 29.595000 -4.934162 -16.985000 29.595000 -4.837420 -15.985000 29.595000 -4.731404 -14.985000 29.595000 -4.607286 -13.985000 29.595000 -4.418874 -12.985000 29.595000 -4.241041 -11.985000 29.595000 -4.104497 -10.985000 29.595000 -3.917108 -9.985000 29.595000 -3.595079 -8.985000 29.595000 -3.509598 -7.985000 29.595000 -3.359457 -6.985000 29.595000 -3.213576 -5.985000 29.595000 -3.013395 -4.985000 29.595000 -2.897441 -3.985000 29.595000 -3.236692 -2.985000 29.595000 -3.506495 -1.985000 29.595000 -4.508739 -0.985000 29.595000 -5.206340 0.015000 29.595000 -5.695604 1.015000 29.595000 -6.392031 2.015000 29.595000 -6.936361 3.015000 29.595000 -7.431503 4.015000 29.595000 -8.119208 5.015000 29.595000 -8.662752 6.015000 29.595000 -9.132073 7.015000 29.595000 -9.587873 8.015000 29.595000 -9.925684 9.015000 29.595000 -10.318046 10.015000 29.595000 -10.771107 11.015000 29.595000 -11.101046 12.015000 29.595000 -11.375254 13.015000 29.595000 -11.562585 14.015000 29.595000 -11.854593 15.015000 29.595000 -12.021686 16.015000 29.595000 -12.147645 17.015000 29.595000 -12.265701 18.015000 29.595000 -12.385561 19.015000 29.595000 -12.432541 20.015000 29.595000 -12.581470 21.015000 29.595000 -12.654449 22.015000 29.595000 -13.084715 23.015000 29.595000 -13.371002 24.015000 29.595000 -13.544330 25.015000 29.595000 -13.784041 26.015000 29.595000 -14.047177 27.015000 29.595000 -14.572677 28.015000 29.595000 -14.825179 29.015000 29.595000 -15.056921 30.015000 29.595000 -15.328965 31.015000 29.595000 -15.475221 32.015000 29.595000 -15.575421 33.015000 29.595000 -15.694305 34.015000 29.595000 -15.805342 35.015000 29.595000 -15.930530 36.015000 29.595000 -15.949208 37.015000 29.595000 -16.070449 38.015000 29.595000 -16.230348 39.015000 29.595000 -16.428992 40.015000 29.595000 -16.600198 41.015000 29.595000 -16.727459 42.015000 29.595000 -16.723452 43.015000 29.595000 -16.621385 44.015000 29.595000 -16.504105 45.015000 29.595000 -16.371703 46.015000 29.595000 -16.248915 47.015000 29.595000 -16.033537 48.015000 29.595000 -15.846689 49.015000 29.595000 -15.632946 50.015000 29.595000 -15.439041 -49.985000 30.595000 -6.029041 -48.985000 30.595000 -5.969041 -47.985000 30.595000 -5.978508 -46.985000 30.595000 -5.860473 -45.985000 30.595000 -5.850766 -44.985000 30.595000 -5.814441 -43.985000 30.595000 -5.790036 -42.985000 30.595000 -5.753057 -41.985000 30.595000 -5.710657 -40.985000 30.595000 -5.701404 -39.985000 30.595000 -5.659952 -38.985000 30.595000 -5.604417 -37.985000 30.595000 -5.594153 -36.985000 30.595000 -5.564642 -35.985000 30.595000 -5.482737 -34.985000 30.595000 -5.490637 -33.985000 30.595000 -5.419792 -32.985000 30.595000 -5.410998 -31.985000 30.595000 -5.356681 -30.985000 30.595000 -5.369332 -29.985000 30.595000 -5.313559 -28.985000 30.595000 -5.263449 -27.985000 30.595000 -5.265969 -26.985000 30.595000 -5.218841 -25.985000 30.595000 -5.163612 -24.985000 30.595000 -5.139753 -23.985000 30.595000 -5.116465 -22.985000 30.595000 -5.046434 -21.985000 30.595000 -5.094577 -20.985000 30.595000 -5.053137 -19.985000 30.595000 -4.985601 -18.985000 30.595000 -4.981257 -17.985000 30.595000 -4.902827 -16.985000 30.595000 -4.823697 -15.985000 30.595000 -4.686913 -14.985000 30.595000 -4.534196 -13.985000 30.595000 -4.360362 -12.985000 30.595000 -4.125361 -11.985000 30.595000 -3.951719 -10.985000 30.595000 -3.622252 -9.985000 30.595000 -3.490523 -8.985000 30.595000 -3.128209 -7.985000 30.595000 -3.024529 -6.985000 30.595000 -2.858198 -5.985000 30.595000 -2.796001 -4.985000 30.595000 -2.684001 -3.985000 30.595000 -3.238481 -2.985000 30.595000 -3.607494 -1.985000 30.595000 -4.407818 -0.985000 30.595000 -5.092385 0.015000 30.595000 -5.699467 1.015000 30.595000 -6.433562 2.015000 30.595000 -6.856609 3.015000 30.595000 -7.412361 4.015000 30.595000 -7.757084 5.015000 30.595000 -8.495132 6.015000 30.595000 -8.979593 7.015000 30.595000 -9.377201 8.015000 30.595000 -9.702446 9.015000 30.595000 -10.104137 10.015000 30.595000 -10.522304 11.015000 30.595000 -10.867358 12.015000 30.595000 -11.182817 13.015000 30.595000 -11.453838 14.015000 30.595000 -11.654801 15.015000 30.595000 -11.922072 16.015000 30.595000 -12.146851 17.015000 30.595000 -12.363935 18.015000 30.595000 -12.412145 19.015000 30.595000 -12.474610 20.015000 30.595000 -12.530521 21.015000 30.595000 -12.711307 22.015000 30.595000 -13.125177 23.015000 30.595000 -13.416203 24.015000 30.595000 -13.623878 25.015000 30.595000 -13.861897 26.015000 30.595000 -14.172581 27.015000 30.595000 -14.525173 28.015000 30.595000 -14.809641 29.015000 30.595000 -15.037298 30.015000 30.595000 -15.228577 31.015000 30.595000 -15.367920 32.015000 30.595000 -15.452599 33.015000 30.595000 -15.493505 34.015000 30.595000 -15.563446 35.015000 30.595000 -15.660115 36.015000 30.595000 -15.752585 37.015000 30.595000 -15.903073 38.015000 30.595000 -16.074339 39.015000 30.595000 -16.317297 40.015000 30.595000 -16.453393 41.015000 30.595000 -16.578299 42.015000 30.595000 -16.663464 43.015000 30.595000 -16.585537 44.015000 30.595000 -16.475385 45.015000 30.595000 -16.316689 46.015000 30.595000 -16.149671 47.015000 30.595000 -15.948545 48.015000 30.595000 -15.778128 49.015000 30.595000 -15.594086 50.015000 30.595000 -15.419041 -49.985000 31.595000 -5.979041 -48.985000 31.595000 -6.002092 -47.985000 31.595000 -5.910728 -46.985000 31.595000 -5.849049 -45.985000 31.595000 -5.876209 -44.985000 31.595000 -5.837801 -43.985000 31.595000 -5.791097 -42.985000 31.595000 -5.720025 -41.985000 31.595000 -5.734505 -40.985000 31.595000 -5.730817 -39.985000 31.595000 -5.620033 -38.985000 31.595000 -5.624681 -37.985000 31.595000 -5.668460 -36.985000 31.595000 -5.592114 -35.985000 31.595000 -5.500953 -34.985000 31.595000 -5.528609 -33.985000 31.595000 -5.486377 -32.985000 31.595000 -5.419196 -31.985000 31.595000 -5.401721 -30.985000 31.595000 -5.407041 -29.985000 31.595000 -5.329137 -28.985000 31.595000 -5.241066 -27.985000 31.595000 -5.289224 -26.985000 31.595000 -5.232209 -25.985000 31.595000 -5.131654 -24.985000 31.595000 -5.133128 -23.985000 31.595000 -5.150986 -22.985000 31.595000 -5.089272 -21.985000 31.595000 -5.095772 -20.985000 31.595000 -5.065310 -19.985000 31.595000 -5.002235 -18.985000 31.595000 -4.973490 -17.985000 31.595000 -4.909432 -16.985000 31.595000 -4.826392 -15.985000 31.595000 -4.684698 -14.985000 31.595000 -4.485772 -13.985000 31.595000 -4.286731 -12.985000 31.595000 -4.041924 -11.985000 31.595000 -3.878537 -10.985000 31.595000 -3.436672 -9.985000 31.595000 -3.149421 -8.985000 31.595000 -2.744702 -7.985000 31.595000 -2.668537 -6.985000 31.595000 -2.638504 -5.985000 31.595000 -2.669960 -4.985000 31.595000 -2.712523 -3.985000 31.595000 -2.959281 -2.985000 31.595000 -3.546024 -1.985000 31.595000 -4.322777 -0.985000 31.595000 -4.976220 0.015000 31.595000 -5.845986 1.015000 31.595000 -6.370736 2.015000 31.595000 -6.845849 3.015000 31.595000 -7.304416 4.015000 31.595000 -7.777065 5.015000 31.595000 -8.311639 6.015000 31.595000 -8.745321 7.015000 31.595000 -9.133640 8.015000 31.595000 -9.464393 9.015000 31.595000 -9.857216 10.015000 31.595000 -10.231638 11.015000 31.595000 -10.595121 12.015000 31.595000 -10.918863 13.015000 31.595000 -11.232617 14.015000 31.595000 -11.452908 15.015000 31.595000 -11.769493 16.015000 31.595000 -12.047444 17.015000 31.595000 -12.262863 18.015000 31.595000 -12.418753 19.015000 31.595000 -12.456231 20.015000 31.595000 -12.450705 21.015000 31.595000 -12.660020 22.015000 31.595000 -12.994153 23.015000 31.595000 -13.319694 24.015000 31.595000 -13.748238 25.015000 31.595000 -14.022984 26.015000 31.595000 -14.330823 27.015000 31.595000 -14.618154 28.015000 31.595000 -14.832961 29.015000 31.595000 -15.013561 30.015000 31.595000 -15.140148 31.015000 31.595000 -15.257191 32.015000 31.595000 -15.342297 33.015000 31.595000 -15.369841 34.015000 31.595000 -15.390664 35.015000 31.595000 -15.427227 36.015000 31.595000 -15.528771 37.015000 31.595000 -15.686337 38.015000 31.595000 -15.875550 39.015000 31.595000 -16.045901 40.015000 31.595000 -16.268437 41.015000 31.595000 -16.427649 42.015000 31.595000 -16.522753 43.015000 31.595000 -16.492265 44.015000 31.595000 -16.402920 45.015000 31.595000 -16.272573 46.015000 31.595000 -16.094957 47.015000 31.595000 -15.914793 48.015000 31.595000 -15.732729 49.015000 31.595000 -15.543009 50.015000 31.595000 -15.419041 -49.985000 32.595000 -5.989041 -48.985000 32.595000 -5.979948 -47.985000 32.595000 -5.877705 -46.985000 32.595000 -5.870512 -45.985000 32.595000 -5.899105 -44.985000 32.595000 -5.863067 -43.985000 32.595000 -5.786276 -42.985000 32.595000 -5.697481 -41.985000 32.595000 -5.776909 -40.985000 32.595000 -5.752472 -39.985000 32.595000 -5.622068 -38.985000 32.595000 -5.653868 -37.985000 32.595000 -5.682184 -36.985000 32.595000 -5.558272 -35.985000 32.595000 -5.502435 -34.985000 32.595000 -5.551845 -33.985000 32.595000 -5.527137 -32.985000 32.595000 -5.426900 -31.985000 32.595000 -5.420310 -30.985000 32.595000 -5.429429 -29.985000 32.595000 -5.327511 -28.985000 32.595000 -5.264394 -27.985000 32.595000 -5.323528 -26.985000 32.595000 -5.248607 -25.985000 32.595000 -5.133490 -24.985000 32.595000 -5.155128 -23.985000 32.595000 -5.187900 -22.985000 32.595000 -5.108390 -21.985000 32.595000 -5.130855 -20.985000 32.595000 -5.043366 -19.985000 32.595000 -5.028369 -18.985000 32.595000 -4.919160 -17.985000 32.595000 -4.833617 -16.985000 32.595000 -4.843343 -15.985000 32.595000 -4.633998 -14.985000 32.595000 -4.476333 -13.985000 32.595000 -4.338673 -12.985000 32.595000 -3.913968 -11.985000 32.595000 -3.613277 -10.985000 32.595000 -3.190768 -9.985000 32.595000 -2.866467 -8.985000 32.595000 -2.719611 -7.985000 32.595000 -2.571320 -6.985000 32.595000 -2.607938 -5.985000 32.595000 -2.647419 -4.985000 32.595000 -2.656265 -3.985000 32.595000 -2.783486 -2.985000 32.595000 -3.299563 -1.985000 32.595000 -4.086106 -0.985000 32.595000 -4.740473 0.015000 32.595000 -5.681273 1.015000 32.595000 -6.011766 2.015000 32.595000 -6.645827 3.015000 32.595000 -7.112204 4.015000 32.595000 -7.560904 5.015000 32.595000 -8.034970 6.015000 32.595000 -8.407534 7.015000 32.595000 -8.814268 8.015000 32.595000 -9.137683 9.015000 32.595000 -9.548874 10.015000 32.595000 -9.906317 11.015000 32.595000 -10.242418 12.015000 32.595000 -10.602493 13.015000 32.595000 -10.946872 14.015000 32.595000 -11.231151 15.015000 32.595000 -11.580355 16.015000 32.595000 -11.912613 17.015000 32.595000 -12.168416 18.015000 32.595000 -12.382539 19.015000 32.595000 -12.558511 20.015000 32.595000 -12.631925 21.015000 32.595000 -12.730221 22.015000 32.595000 -13.004813 23.015000 32.595000 -13.156586 24.015000 32.595000 -13.882963 25.015000 32.595000 -14.142514 26.015000 32.595000 -14.437943 27.015000 32.595000 -14.610443 28.015000 32.595000 -14.770724 29.015000 32.595000 -14.954377 30.015000 32.595000 -15.050927 31.015000 32.595000 -15.128668 32.015000 32.595000 -15.174554 33.015000 32.595000 -15.243042 34.015000 32.595000 -15.264510 35.015000 32.595000 -15.256016 36.015000 32.595000 -15.402026 37.015000 32.595000 -15.590521 38.015000 32.595000 -15.736226 39.015000 32.595000 -15.943892 40.015000 32.595000 -16.146430 41.015000 32.595000 -16.284528 42.015000 32.595000 -16.361875 43.015000 32.595000 -16.346473 44.015000 32.595000 -16.281165 45.015000 32.595000 -16.160244 46.015000 32.595000 -15.995850 47.015000 32.595000 -15.820889 48.015000 32.595000 -15.654538 49.015000 32.595000 -15.449622 50.015000 32.595000 -15.319041 -49.985000 33.595000 -6.029041 -48.985000 33.595000 -5.999392 -47.985000 33.595000 -5.848701 -46.985000 33.595000 -5.876131 -45.985000 33.595000 -5.957473 -44.985000 33.595000 -5.867569 -43.985000 33.595000 -5.728640 -42.985000 33.595000 -5.704686 -41.985000 33.595000 -5.775708 -40.985000 33.595000 -5.744714 -39.985000 33.595000 -5.631285 -38.985000 33.595000 -5.656374 -37.985000 33.595000 -5.688230 -36.985000 33.595000 -5.543788 -35.985000 33.595000 -5.538373 -34.985000 33.595000 -5.585521 -33.985000 33.595000 -5.495714 -32.985000 33.595000 -5.409706 -31.985000 33.595000 -5.466473 -30.985000 33.595000 -5.442993 -29.985000 33.595000 -5.336801 -28.985000 33.595000 -5.304106 -27.985000 33.595000 -5.323428 -26.985000 33.595000 -5.199184 -25.985000 33.595000 -5.125073 -24.985000 33.595000 -5.180114 -23.985000 33.595000 -5.112252 -22.985000 33.595000 -5.125233 -21.985000 33.595000 -5.102837 -20.985000 33.595000 -5.025681 -19.985000 33.595000 -5.043121 -18.985000 33.595000 -4.951213 -17.985000 33.595000 -4.833807 -16.985000 33.595000 -4.754809 -15.985000 33.595000 -4.576385 -14.985000 33.595000 -4.475794 -13.985000 33.595000 -4.232613 -12.985000 33.595000 -3.848857 -11.985000 33.595000 -3.507281 -10.985000 33.595000 -3.294260 -9.985000 33.595000 -2.949883 -8.985000 33.595000 -2.679552 -7.985000 33.595000 -2.549041 -6.985000 33.595000 -2.545569 -5.985000 33.595000 -2.568804 -4.985000 33.595000 -2.553031 -3.985000 33.595000 -2.777681 -2.985000 33.595000 -3.622892 -1.985000 33.595000 -4.539900 -0.985000 33.595000 -4.922107 0.015000 33.595000 -5.439988 1.015000 33.595000 -5.635815 2.015000 33.595000 -6.389761 3.015000 33.595000 -6.819556 4.015000 33.595000 -7.299800 5.015000 33.595000 -7.700903 6.015000 33.595000 -8.098206 7.015000 33.595000 -8.428561 8.015000 33.595000 -8.838421 9.015000 33.595000 -9.155274 10.015000 33.595000 -9.523825 11.015000 33.595000 -9.878492 12.015000 33.595000 -10.237954 13.015000 33.595000 -10.554241 14.015000 33.595000 -10.916425 15.015000 33.595000 -11.300346 16.015000 33.595000 -11.680091 17.015000 33.595000 -11.989985 18.015000 33.595000 -12.264081 19.015000 33.595000 -12.552141 20.015000 33.595000 -12.706185 21.015000 33.595000 -12.885169 22.015000 33.595000 -13.311528 23.015000 33.595000 -13.651515 24.015000 33.595000 -13.976388 25.015000 33.595000 -14.307113 26.015000 33.595000 -14.543521 27.015000 33.595000 -14.652167 28.015000 33.595000 -14.711825 29.015000 33.595000 -14.801489 30.015000 33.595000 -14.903633 31.015000 33.595000 -14.977104 32.015000 33.595000 -15.030913 33.015000 33.595000 -15.085806 34.015000 33.595000 -15.167544 35.015000 33.595000 -15.421617 36.015000 33.595000 -15.564353 37.015000 33.595000 -15.643415 38.015000 33.595000 -15.713234 39.015000 33.595000 -15.779969 40.015000 33.595000 -15.997127 41.015000 33.595000 -16.151489 42.015000 33.595000 -16.181476 43.015000 33.595000 -16.170961 44.015000 33.595000 -16.117289 45.015000 33.595000 -16.011151 46.015000 33.595000 -15.861926 47.015000 33.595000 -15.692801 48.015000 33.595000 -15.541345 49.015000 33.595000 -15.344220 50.015000 33.595000 -15.249041 -49.985000 34.595000 -6.019041 -48.985000 34.595000 -5.986201 -47.985000 34.595000 -5.813552 -46.985000 34.595000 -5.893927 -45.985000 34.595000 -5.948601 -44.985000 34.595000 -5.877341 -43.985000 34.595000 -5.708721 -42.985000 34.595000 -5.761344 -41.985000 34.595000 -5.803977 -40.985000 34.595000 -5.694960 -39.985000 34.595000 -5.600321 -38.985000 34.595000 -5.670634 -37.985000 34.595000 -5.665553 -36.985000 34.595000 -5.537665 -35.985000 34.595000 -5.548122 -34.985000 34.595000 -5.581121 -33.985000 34.595000 -5.497681 -32.985000 34.595000 -5.429169 -31.985000 34.595000 -5.528450 -30.985000 34.595000 -5.471596 -29.985000 34.595000 -5.345473 -28.985000 34.595000 -5.328377 -27.985000 34.595000 -5.355881 -26.985000 34.595000 -5.221881 -25.985000 34.595000 -5.263200 -24.985000 34.595000 -5.223655 -23.985000 34.595000 -5.085369 -22.985000 34.595000 -5.148313 -21.985000 34.595000 -5.166289 -20.985000 34.595000 -5.063552 -19.985000 34.595000 -5.061689 -18.985000 34.595000 -4.959601 -17.985000 34.595000 -4.807087 -16.985000 34.595000 -4.768905 -15.985000 34.595000 -4.532545 -14.985000 34.595000 -4.467052 -13.985000 34.595000 -4.121444 -12.985000 34.595000 -3.681753 -11.985000 34.595000 -3.384561 -10.985000 34.595000 -3.070132 -9.985000 34.595000 -2.703990 -8.985000 34.595000 -2.611753 -7.985000 34.595000 -2.533577 -6.985000 34.595000 -2.534531 -5.985000 34.595000 -2.563292 -4.985000 34.595000 -2.532930 -3.985000 34.595000 -2.891601 -2.985000 34.595000 -3.825044 -1.985000 34.595000 -4.245091 -0.985000 34.595000 -4.685001 0.015000 34.595000 -5.151566 1.015000 34.595000 -5.694920 2.015000 34.595000 -6.125001 3.015000 34.595000 -6.532241 4.015000 34.595000 -6.983481 5.015000 34.595000 -7.359578 6.015000 34.595000 -7.753617 7.015000 34.595000 -8.106014 8.015000 34.595000 -8.441280 9.015000 34.595000 -8.844721 10.015000 34.595000 -9.151399 11.015000 34.595000 -9.484817 12.015000 34.595000 -9.830855 13.015000 34.595000 -10.215391 14.015000 34.595000 -10.545257 15.015000 34.595000 -10.942521 16.015000 34.595000 -11.315414 17.015000 34.595000 -11.666569 18.015000 34.595000 -11.972514 19.015000 34.595000 -12.341619 20.015000 34.595000 -12.601273 21.015000 34.595000 -12.825032 22.015000 34.595000 -13.184361 23.015000 34.595000 -13.536472 24.015000 34.595000 -13.911861 25.015000 34.595000 -14.293921 26.015000 34.595000 -14.559521 27.015000 34.595000 -14.668862 28.015000 34.595000 -14.701857 29.015000 34.595000 -14.731041 30.015000 34.595000 -14.816571 31.015000 34.595000 -14.954508 32.015000 34.595000 -15.085225 33.015000 34.595000 -15.131347 34.015000 34.595000 -15.326674 35.015000 34.595000 -15.521961 36.015000 34.595000 -15.630241 37.015000 34.595000 -15.684521 38.015000 34.595000 -15.719444 39.015000 34.595000 -15.749993 40.015000 34.595000 -15.874271 41.015000 34.595000 -15.950617 42.015000 34.595000 -16.001762 43.015000 34.595000 -15.977198 44.015000 34.595000 -15.954401 45.015000 34.595000 -15.828589 46.015000 34.595000 -15.722764 47.015000 34.595000 -15.529521 48.015000 34.595000 -15.394706 49.015000 34.595000 -15.204213 50.015000 34.595000 -15.079041 -49.985000 35.595000 -5.999041 -48.985000 35.595000 -6.009041 -47.985000 35.595000 -5.789041 -46.985000 35.595000 -5.799041 -45.985000 35.595000 -5.929041 -44.985000 35.595000 -5.909041 -43.985000 35.595000 -5.669041 -42.985000 35.595000 -5.799041 -41.985000 35.595000 -5.809041 -40.985000 35.595000 -5.599041 -39.985000 35.595000 -5.559041 -38.985000 35.595000 -5.689041 -37.985000 35.595000 -5.639041 -36.985000 35.595000 -5.499041 -35.985000 35.595000 -5.559041 -34.985000 35.595000 -5.569041 -33.985000 35.595000 -5.449041 -32.985000 35.595000 -5.439041 -31.985000 35.595000 -5.499041 -30.985000 35.595000 -5.399041 -29.985000 35.595000 -5.329041 -28.985000 35.595000 -5.349041 -27.985000 35.595000 -5.379041 -26.985000 35.595000 -5.239041 -25.985000 35.595000 -5.229041 -24.985000 35.595000 -5.239041 -23.985000 35.595000 -5.159041 -22.985000 35.595000 -5.249041 -21.985000 35.595000 -5.169041 -20.985000 35.595000 -5.119041 -19.985000 35.595000 -5.059041 -18.985000 35.595000 -4.979041 -17.985000 35.595000 -4.779041 -16.985000 35.595000 -4.759041 -15.985000 35.595000 -4.559041 -14.985000 35.595000 -4.399041 -13.985000 35.595000 -4.259041 -12.985000 35.595000 -3.679041 -11.985000 35.595000 -3.419041 -10.985000 35.595000 -2.929041 -9.985000 35.595000 -2.709041 -8.985000 35.595000 -2.529041 -7.985000 35.595000 -2.559041 -6.985000 35.595000 -2.539041 -5.985000 35.595000 -2.549041 -4.985000 35.595000 -2.539041 -3.985000 35.595000 -2.679041 -2.985000 35.595000 -3.689041 -1.985000 35.595000 -4.099041 -0.985000 35.595000 -4.639041 0.015000 35.595000 -4.879041 1.015000 35.595000 -5.199041 2.015000 35.595000 -5.719041 3.015000 35.595000 -6.429041 4.015000 35.595000 -6.929041 5.015000 35.595000 -7.059041 6.015000 35.595000 -7.609041 7.015000 35.595000 -7.759041 8.015000 35.595000 -8.249041 9.015000 35.595000 -8.669041 10.015000 35.595000 -8.909041 11.015000 35.595000 -9.379041 12.015000 35.595000 -9.639041 13.015000 35.595000 -10.039041 14.015000 35.595000 -10.169041 15.015000 35.595000 -10.789041 16.015000 35.595000 -11.229041 17.015000 35.595000 -11.469041 18.015000 35.595000 -11.909041 19.015000 35.595000 -12.049041 20.015000 35.595000 -12.439041 21.015000 35.595000 -12.519041 22.015000 35.595000 -13.069041 23.015000 35.595000 -13.189041 24.015000 35.595000 -13.889041 25.015000 35.595000 -14.249041 26.015000 35.595000 -14.369041 27.015000 35.595000 -14.639041 28.015000 35.595000 -14.679041 29.015000 35.595000 -14.709041 30.015000 35.595000 -14.879041 31.015000 35.595000 -15.009041 32.015000 35.595000 -15.099041 33.015000 35.595000 -15.189041 34.015000 35.595000 -15.369041 35.015000 35.595000 -15.469041 36.015000 35.595000 -15.629041 37.015000 35.595000 -15.679041 38.015000 35.595000 -15.679041 39.015000 35.595000 -15.739041 40.015000 35.595000 -15.749041 41.015000 35.595000 -15.839041 42.015000 35.595000 -15.809041 43.015000 35.595000 -15.839041 44.015000 35.595000 -15.879041 45.015000 35.595000 -15.659041 46.015000 35.595000 -15.609041 47.015000 35.595000 -15.359041 48.015000 35.595000 -15.299041 49.015000 35.595000 -15.179041 50.015000 35.595000 -15.039041
          </float_array>
          <technique_common>
            <accessor source="#seabed_positions_array" count="7272" stride="3">
              <param name="X" type="float"/>
              <param name="Y" type="float"/>
              <param name="Z" type="float"/>
            </accessor>
          </technique_common>
        </source>

        <source id="seabed_normals">
          <float_array id="seabed_normals_array" count="21816">
            0.000000 0.000000 1.000000 0.000000 0.000000 1.000000 0.000000 0.000000 1.000000 0.000000 0.000000 1.000000 -0.239488 0.000000 0.970899 -0.122406 0.000000 0.992480 0.000000 0.000000 1.000000 0.000000 0.000000 1.000000 0.000000 0.000000 1.000000 0.000000 0.000000 1.000000 -0.029973 -0.029973 0.999101 -0.029933 -0.059865 0.997758 -0.029987 0.000000 0.999550 0.086343 0.000000 0.996265 0.043293 0.000000 0.999062 0.000000 0.000000 1.000000 0.000000 0.000000 1.000000 0.000000 0.000000 1.000000 0.000000 0.000000 1.000000 0.000000 0.000000 1.000000 0.000000 0.000000 1.000000 0.000000 0.000000 1.000000 -0.092929 0.000000 0.995673 -0.046616 0.000000 0.998913 0.026657 0.000000 0.999645 0.013332 0.000000 0.999911 0.192450 -0.192450 0.962250 0.348155 -0.348155 0.870388 0.000000 0.000000 1.000000 0.000000 0.000000 1.000000 0.000000 0.000000 1.000000 0.000000 0.000000 1.000000 0.000000 0.000000 1.000000 -0.040662 -0.040662 0.998345 -0.012497 -0.133581 0.990959 0.002797 -0.155282 0.987866 -0.033606 -0.111270 0.993222 -0.021244 -0.017612 0.999619 0.085115 0.098212 0.991519 0.207548 0.185846 0.960409 0.266033 0.092405 0.959525 0.017008 0.354351 0.934958 0.038161 0.487675 0.872191 0.189007 0.283018 0.940307 0.200967 0.536686 0.819500 -0.051607 0.781220 0.622120 0.237259 0.712553 0.660285 0.296692 0.245457 0.922889 0.042365 0.198002 0.979286 0.113233 0.131660 0.984806 0.270799 0.072728 0.959885 0.288613 0.223442 0.931008 0.378490 0.456335 0.805297 0.527601 0.236604 0.815877 0.389802 0.115723 0.913599 0.333149 0.000000 0.942874 0.363345 0.000000 0.931655 0.141883 0.000000 0.989883 -0.358979 -0.358979 0.861550 -0.304855 -0.609711 0.731653 -0.384615 0.000000 0.923077 0.000000 0.000000 1.000000 0.850294 0.019285 0.525955 0.665088 0.086536 0.741734 0.137881 0.105052 0.984862 0.076382 0.039851 0.996282 0.019996 0.000000 0.999800 -0.456678 0.000000 0.889632 -0.248608 0.000000 0.968604 -0.006667 0.000000 0.999978 -0.003333 0.000000 0.999994 0.000000 0.000000 1.000000 -0.183491 -0.183491 0.965744 -0.174872 -0.349744 0.920380 -0.186661 0.000000 0.982424 0.000000 0.000000 1.000000 0.000000 0.000000 1.000000 0.000000 0.000000 1.000000 0.000000 0.000000 1.000000 0.000000 0.000000 1.000000 0.000000 0.000000 1.000000 0.119145 0.000000 0.992877 0.059892 0.000000 0.998205 0.000000 0.000000 1.000000 0.000000 0.000000 1.000000 0.000000 0.000000 1.000000 0.000000 0.000000 1.000000 0.000000 0.000000 1.000000 0.000000 0.000000 1.000000 0.000000 0.000000 1.000000 0.000000 0.000000 1.000000 0.238490 0.238490 0.941406 0.220424 0.440848 0.870095 0.245576 0.000000 0.969377 0.000000 0.000000 1.000000 0.086023 0.086023 0.992572 0.085084 0.170167 0.981735 0.086343 0.000000 0.996265 0.000000 0.000000 1.000000 -0.108693 -0.108693 0.988115 0.000000 -0.313377 0.949629 0.000000 0.000000 1.000000 0.000000 0.000000 1.000000 0.000000 0.000000 1.000000 0.000000 0.000000 1.000000 -0.181913 0.000000 0.983315 -0.181913 0.000000 0.983315 0.000000 0.000000 1.000000 0.000000 0.000000 1.000000 0.000000 0.000000 1.000000 0.000000 0.000000 1.000000 -0.044955 0.000000 0.998989 -0.029973 -0.029973 0.999101 -0.014997 -0.014997 0.999775 0.064863 0.000000 0.997894 0.064863 0.000000 0.997894 0.000000 0.000000 1.000000 0.000000 0.000000 1.000000 0.000000 0.000000 1.000000 0.000000 0.000000 1.000000 0.000000 0.000000 1.000000 0.000000 0.000000 1.000000 0.000000 0.000000 1.000000 -0.069829 0.000000 0.997559 -0.069829 0.000000 0.997559 0.019996 0.000000 0.999800 0.019996 0.000000 0.999800 0.000000 0.000000 1.000000 0.276172 -0.276172 0.920575 0.250608 -0.301381 0.919981 -0.007720 -0.090164 0.995897 -0.000357 -0.105802 0.994387 0.001408 -0.105116 0.994459 0.001408 -0.100936 0.994892 -0.039168 -0.076558 0.996295 -0.051783 -0.066098 0.996469 -0.011866 -0.087158 0.996124 0.023654 -0.081117 0.996424 0.030742 0.015957 0.999400 0.216807 0.171865 0.960967 0.186447 0.405888 0.894703 0.241406 0.394341 0.886689 0.210027 0.402517 0.890993 0.040779 0.576870 0.815817 0.148053 0.592915 0.791538 0.245032 0.552955 0.796367 0.211952 0.582347 0.784824 0.012610 0.704176 0.709914 0.123159 0.549957 0.826063 -0.056304 0.390014 0.919086 0.083695 0.321700 0.943135 0.169757 0.269821 0.947829 0.396711 0.151406 0.905371 0.405618 0.261459 0.875850 0.465027 0.225073 0.856208 0.336920 0.102100 0.935981 0.337266 0.044830 0.940342 0.315465 0.069402 0.946396 0.210197 0.000000 0.977659 -0.306281 0.265139 0.914272 -0.572044 0.132218 0.809496 -0.199840 -0.199840 0.959233 0.331295 0.331295 0.883452 0.569039 0.493386 0.657848 0.793931 0.022279 0.607600 0.130297 0.061025 0.989595 0.061497 0.041552 0.997242 -0.116710 -0.116710 0.986285 -0.241264 -0.241264 0.939991 -0.359292 0.000000 0.933225 -0.005000 0.000000 0.999988 -0.005000 0.000000 0.999988 0.000000 0.000000 1.000000 -0.274086 0.000000 0.961705 -0.183491 -0.183491 0.965744 -0.094154 -0.094154 0.991095 0.000000 0.000000 1.000000 0.000000 0.000000 1.000000 0.000000 0.000000 1.000000 0.000000 0.000000 1.000000 0.000000 0.000000 1.000000 0.029973 0.029973 0.999101 0.059785 0.059785 0.996419 0.089638 0.000000 0.995974 0.000000 0.000000 1.000000 0.000000 0.000000 1.000000 0.000000 0.000000 1.000000 0.000000 0.000000 1.000000 0.000000 0.000000 1.000000 0.000000 0.000000 1.000000 0.000000 0.000000 1.000000 0.000000 0.000000 1.000000 0.355218 0.000000 0.934784 0.238490 0.238490 0.941406 0.124682 0.124682 0.984332 0.000000 0.000000 1.000000 0.128915 0.000000 0.991656 0.086023 0.086023 0.992572 0.043252 0.043252 0.998127 0.000000 0.000000 1.000000 -0.162799 0.000000 0.986659 -0.213633 -0.106816 0.971057 0.000000 0.000000 1.000000 0.000000 0.000000 1.000000 0.000000 0.000000 1.000000 0.000000 0.000000 1.000000 -0.181913 0.000000 0.983315 -0.181913 0.000000 0.983315 0.000000 0.000000 1.000000 0.000000 0.000000 1.000000 0.000000 0.000000 1.000000 -0.014997 -0.014997 0.999775 -0.029973 -0.029973 0.999101 -0.044955 0.000000 0.998989 0.000000 0.000000 1.000000 0.064863 0.000000 0.997894 0.064863 0.000000 0.997894 0.000000 0.000000 1.000000 0.000000 0.000000 1.000000 0.000000 0.000000 1.000000 0.000000 0.000000 1.000000 0.000000 0.000000 1.000000 0.000000 0.000000 1.000000 -0.023321 -0.023321 0.999456 0.032892 0.032892 0.998918 -0.075540 0.224459 0.971551 0.005472 0.197158 0.980356 0.016189 0.166319 0.985939 0.001397 0.160824 0.986982 0.001396 0.164903 0.986309 0.237945 -0.097571 0.966365 0.127403 -0.184169 0.974603 -0.014713 -0.111249 0.993684 0.003505 -0.116086 0.993233 0.006741 -0.113948 0.993464 0.003506 -0.113840 0.993493 -0.012738 -0.075845 0.997038 0.010466 -0.017233 0.999797 0.070616 0.043526 0.996554 0.138228 0.120831 0.983002 0.414570 0.205727 0.886458 0.395143 0.409552 0.822271 0.209035 0.553851 0.805949 0.204348 0.559626 0.803156 0.204984 0.570745 0.795130 0.160537 0.618075 0.769553 0.169233 0.636546 0.752442 0.149531 0.591342 0.792436 0.069160 0.548350 0.833384 -0.026037 0.545850 0.837478 -0.101878 0.547886 0.830326 0.015778 0.511507 0.859134 0.105381 0.482523 0.869521 0.247236 0.421688 0.872384 0.415885 0.286686 0.863047 0.398165 0.247759 0.883221 0.259955 0.249845 0.932738 0.324821 0.166666 0.930975 0.330099 0.148280 0.932228 0.108854 0.100214 0.988993 0.237516 0.000946 0.971383 -0.620624 0.393401 0.678278 -0.179935 0.537059 0.824131 0.532233 0.505055 0.679446 0.554386 0.518584 0.650943 0.471589 0.323961 0.820154 0.127278 0.013224 0.991779 0.049938 0.000000 0.998752 -0.359292 0.000000 0.933225 -0.241264 -0.241264 0.939991 -0.126271 -0.126271 0.983927 -0.005000 0.000000 0.999988 -0.005000 0.000000 0.999988 -0.115110 -0.115110 0.986661 -0.161771 -0.224237 0.961014 -0.274086 0.000000 0.961705 0.000000 0.000000 1.000000 0.000000 0.000000 1.000000 0.000000 0.000000 1.000000 0.000000 0.000000 1.000000 0.000000 0.000000 1.000000 0.000000 0.000000 1.000000 0.089638 0.000000 0.995974 0.059785 0.059785 0.996419 0.029973 0.029973 0.999101 0.000000 0.000000 1.000000 0.000000 0.000000 1.000000 0.000000 0.000000 1.000000 0.000000 0.000000 1.000000 0.000000 0.000000 1.000000 0.000000 0.000000 1.000000 0.000000 0.000000 1.000000 0.124682 0.124682 0.984332 0.238490 0.238490 0.941406 0.355218 0.000000 0.934784 0.000000 0.000000 1.000000 0.043252 0.043252 0.998127 0.086023 0.086023 0.992572 0.128915 0.000000 0.991656 0.000000 0.000000 1.000000 0.100632 0.100632 0.989821 -0.252829 0.192782 0.948110 -0.313377 0.000000 0.949629 0.000000 0.000000 1.000000 0.000000 0.000000 1.000000 0.000000 0.000000 1.000000 -0.061433 -0.061433 0.996219 -0.121499 -0.121499 0.985127 -0.181913 0.000000 0.983315 0.000000 0.000000 1.000000 0.000000 0.000000 1.000000 -0.014997 -0.014997 0.999775 -0.029973 -0.029973 0.999101 -0.029973 -0.029973 0.999101 -0.014997 -0.014997 0.999775 0.000000 0.000000 1.000000 0.064863 0.000000 0.997894 0.064863 0.000000 0.997894 0.000000 0.000000 1.000000 0.056601 0.056601 0.996791 -0.007651 0.160486 0.987008 -0.007678 0.138005 0.990402 -0.007700 0.115308 0.993300 -0.006772 0.093368 0.995609 -0.044959 0.104247 0.993535 0.113157 0.029375 0.993143 0.120624 0.064300 0.990614 -0.029113 0.176922 0.983794 -0.014383 0.164297 0.986306 -0.002880 0.153161 0.988197 0.006995 0.152435 0.988289 0.006991 0.156531 0.987648 0.079221 0.017865 0.996697 -0.001217 -0.035253 0.999378 0.003169 -0.027184 0.999625 0.004357 -0.035749 0.999351 0.011978 -0.028135 0.999532 0.016150 0.006877 0.999846 0.082925 0.053351 0.995127 0.147720 0.141946 0.978790 0.207892 0.202864 0.956884 0.463735 0.196137 0.863991 0.570443 0.227432 0.789221 0.325757 0.422683 0.845708 0.223234 0.516598 0.826615 0.264632 0.546476 0.794565 0.188856 0.635152 0.748943 0.180983 0.662703 0.726684 0.132523 0.695080 0.706612 -0.013099 0.693604 0.720237 -0.045265 0.585788 0.809199 -0.112004 0.562924 0.818885 -0.035883 0.544198 0.838189 0.077766 0.504730 0.859767 0.185614 0.474982 0.860197 0.317456 0.427930 0.846225 0.375135 0.373942 0.848198 0.257709 0.384896 0.886251 0.193119 0.384076 0.902879 0.273522 0.254510 0.927583 0.050007 0.250498 0.966825 0.110426 0.205996 0.972302 -0.278535 0.327859 0.902733 -0.184566 0.484566 0.855062 0.636557 0.369068 0.677188 0.427149 0.377862 0.821440 0.149523 0.075583 0.985865 0.114224 0.019865 0.993256 0.073069 0.043177 0.996392 -0.387654 0.067418 0.919336 -0.359292 0.000000 0.933225 -0.001667 -0.001667 0.999997 -0.003333 -0.003333 0.999989 -0.154622 -0.149739 0.976560 -0.165964 -0.270285 0.948368 -0.183491 -0.183491 0.965744 -0.051251 -0.115728 0.991958 0.000000 0.000000 1.000000 0.000000 0.000000 1.000000 0.000000 0.000000 1.000000 0.000000 0.000000 1.000000 0.000000 0.000000 1.000000 0.029973 0.029973 0.999101 0.059785 0.059785 0.996419 0.089638 0.000000 0.995974 0.000000 0.000000 1.000000 0.000000 0.000000 1.000000 0.000000 0.000000 1.000000 0.000000 0.000000 1.000000 0.000000 0.000000 1.000000 0.000000 0.000000 1.000000 0.000000 0.000000 1.000000 0.124682 0.124682 0.984332 0.238490 0.238490 0.941406 0.238490 0.238490 0.941406 0.124682 0.124682 0.984332 0.043252 0.043252 0.998127 0.086023 0.086023 0.992572 0.086023 0.086023 0.992572 0.043252 0.043252 0.998127 0.000000 0.000000 1.000000 0.296095 0.004776 0.955146 -0.256780 0.201643 0.945201 -0.585316 0.161558 0.794547 0.000000 0.000000 1.000000 0.000000 0.000000 1.000000 0.000000 0.000000 1.000000 -0.181913 0.000000 0.983315 -0.121499 -0.121499 0.985127 -0.061433 -0.061433 0.996219 0.000000 0.000000 1.000000 -0.014997 -0.014997 0.999775 -0.029973 -0.029973 0.999101 -0.029973 -0.029973 0.999101 0.063712 0.063712 0.995932 -0.007556 0.223369 0.974705 -0.007593 0.201673 0.979424 0.035107 0.158842 0.986680 0.056902 0.093827 0.993961 -0.007732 0.070959 0.997449 0.112002 -0.001990 0.993706 0.098989 0.005427 0.995074 -0.029499 0.074000 0.996822 -0.029489 0.078208 0.996501 -0.027590 0.081477 0.996293 -0.009329 0.076629 0.997016 -0.016138 0.118694 0.992800 0.086343 -0.012008 0.996193 -0.000672 -0.071713 0.997425 -0.000673 -0.044351 0.999016 0.003496 -0.025227 0.999676 0.008492 -0.020234 0.999759 0.007696 -0.021029 0.999749 0.004943 -0.026164 0.999645 0.003854 -0.036251 0.999335 -0.003237 -0.043331 0.999056 0.009925 -0.031816 0.999444 0.043584 0.005464 0.999035 0.093680 0.075486 0.992737 0.152060 0.165127 0.974480 0.200461 0.203801 0.958269 0.211278 0.179808 0.960745 0.460244 0.150362 0.874967 0.610290 0.126096 0.782078 0.498511 0.188047 0.846241 0.360114 0.352470 0.863761 0.341825 0.457016 0.821153 0.383455 0.513724 0.767496 0.251426 0.644243 0.722313 0.195146 0.677523 0.709141 -0.101988 0.710947 0.695810 -0.242596 0.645123 0.724544 -0.150926 0.561630 0.813506 -0.079708 0.531008 0.843610 0.026245 0.511147 0.859093 0.152644 0.474553 0.866891 0.284725 0.423342 0.860066 0.333140 0.380152 0.862846 0.257570 0.354711 0.898798 0.147159 0.360458 0.921094 0.162194 0.293106 0.942222 0.122943 0.231971 0.964922 0.033669 0.304986 0.951762 0.204184 0.246385 0.947419 -0.234107 0.680522 0.694323 0.427339 0.406014 0.807796 0.369056 -0.004365 0.929397 0.022197 -0.003309 0.999748 0.176049 -0.092388 0.980036 0.105833 0.066145 0.992182 -0.387654 0.067418 0.919336 -0.416423 0.033314 0.908560 -0.005000 0.000000 0.999988 -0.003333 -0.003333 0.999989 -0.419154 -0.001513 0.907914 -0.124895 -0.290894 0.948568 -0.000000 -0.109340 0.994004 0.021657 0.021657 0.999531 0.000000 0.000000 1.000000 0.000000 0.000000 1.000000 0.000000 0.000000 1.000000 0.000000 0.000000 1.000000 0.000000 0.000000 1.000000 0.089638 0.000000 0.995974 0.059785 0.059785 0.996419 0.029973 0.029973 0.999101 0.000000 0.000000 1.000000 0.000000 0.000000 1.000000 0.000000 0.000000 1.000000 0.000000 0.000000 1.000000 0.000000 0.000000 1.000000 0.000000 0.000000 1.000000 0.000000 0.000000 1.000000 0.355218 0.000000 0.934784 0.238490 0.238490 0.941406 0.124682 0.124682 0.984332 0.000000 0.000000 1.000000 0.128915 0.000000 0.991656 0.086023 0.086023 0.992572 0.043252 0.043252 0.998127 0.000000 0.000000 1.000000 0.100632 0.100632 0.989821 0.209220 0.194846 0.958260 -0.167587 0.009858 0.985808 -0.692514 0.007214 0.721369 0.000000 0.000000 1.000000 0.000000 0.000000 1.000000 0.000000 0.000000 1.000000 -0.181913 0.000000 0.983315 -0.181913 0.000000 0.983315 0.056561 0.056561 0.996796 -0.007652 0.160369 0.987027 -0.037285 0.152313 0.987629 -0.037406 0.129765 0.990839 -0.022577 0.121763 0.992302 0.148436 0.035064 0.988300 0.137021 0.023420 0.990291 -0.029422 0.103039 0.994242 -0.029409 0.107214 0.993801 -0.007907 0.068632 0.997611 -0.029541 0.051286 0.998247 -0.015779 0.048663 0.998691 0.059072 -0.069471 0.995833 -0.000670 -0.108422 0.994105 -0.000672 -0.081292 0.996690 -0.000673 -0.053980 0.998542 0.000276 -0.028445 0.999595 0.008492 -0.020234 0.999759 0.008492 -0.020234 0.999759 0.008492 -0.020234 0.999759 0.008492 -0.020234 0.999759 0.007445 -0.021280 0.999746 0.004943 -0.026917 0.999625 0.003352 -0.036752 0.999319 -0.003739 -0.043832 0.999032 -0.000016 -0.042495 0.999097 0.000254 -0.023571 0.999722 0.060143 0.009009 0.998149 0.115173 0.097055 0.988593 0.169979 0.165168 0.971507 0.172120 0.172360 0.969880 0.191153 0.108223 0.975576 0.145133 0.073056 0.986711 0.482273 0.027514 0.875589 0.586649 0.035425 0.809066 0.571478 -0.013800 0.820502 0.484244 0.084661 0.870827 0.470358 0.179192 0.864091 0.523127 0.274454 0.806854 0.380920 0.411269 0.828105 0.216058 0.438329 0.872460 -0.020352 0.456993 0.889237 -0.297213 0.546536 0.782919 -0.246352 0.555524 0.794169 -0.124933 0.498418 0.857888 0.007061 0.470359 0.882447 0.134356 0.456756 0.879388 0.215853 0.428888 0.877190 0.284466 0.342811 0.895299 0.247762 0.305792 0.919296 0.147720 0.315685 0.937295 0.089577 0.302088 0.949062 0.076700 0.258375 0.962995 0.095882 0.252442 0.962850 0.194437 0.290285 0.936979 0.214869 0.334368 0.917621 0.019938 0.510599 0.859588 0.157176 0.370744 0.915339 -0.102412 0.255362 0.961406 0.095467 0.104546 0.989927 0.193490 -0.052347 0.979705 -0.343476 -0.040731 0.938278 -0.465141 0.055630 0.883487 -0.005000 0.000000 0.999988 -0.154622 -0.149739 0.976560 -0.252237 -0.252237 0.934212 -0.305471 0.069641 0.949651 0.172380 0.000000 0.985030 0.000000 0.000000 1.000000 0.000000 0.000000 1.000000 0.000000 0.000000 1.000000 0.000000 0.000000 1.000000 0.000000 0.000000 1.000000 -0.058136 -0.058136 0.996614 0.145760 -0.114643 0.982655 0.089638 0.000000 0.995974 0.000000 0.000000 1.000000 0.000000 0.000000 1.000000 0.000000 0.000000 1.000000 0.000000 0.000000 1.000000 0.000000 0.000000 1.000000 0.000000 0.000000 1.000000 0.000000 0.000000 1.000000 0.124682 0.124682 0.984332 0.238490 0.238490 0.941406 0.355218 0.000000 0.934784 0.000000 0.000000 1.000000 0.043252 0.043252 0.998127 0.086023 0.086023 0.992572 0.128915 0.000000 0.991656 0.000000 0.000000 1.000000 0.000000 0.000000 1.000000 0.291732 0.000000 0.956500 0.056527 0.041564 0.997536 -0.197783 -0.212138 0.957016 -0.696258 0.000000 0.717792 0.014423 -0.025560 0.999569 -0.004573 -0.012929 0.999906 -0.017028 -0.039085 0.999091 -0.133111 -0.022342 0.990849 -0.188810 0.069566 0.979547 0.105143 -0.008930 0.994417 0.090287 -0.023926 0.995628 -0.029569 0.027261 0.999191 -0.044465 0.061353 0.997125 -0.029484 0.080479 0.996320 -0.029474 0.084681 0.995972 0.056492 -0.072047 0.995800 -0.011545 -0.139357 0.990175 -0.000669 -0.117901 0.993025 -0.000671 -0.090849 0.995864 -0.000673 -0.063594 0.997976 -0.000674 -0.036197 0.999344 0.006221 -0.022504 0.999727 0.008492 -0.020234 0.999759 0.008492 -0.020234 0.999759 0.008492 -0.020234 0.999759 0.008492 -0.020234 0.999759 0.008492 -0.020234 0.999759 0.008492 -0.020234 0.999759 0.007194 -0.021531 0.999742 0.004943 -0.027670 0.999605 0.002850 -0.037254 0.999302 -0.004241 -0.044333 0.999008 -0.009236 -0.052447 0.998581 0.003743 -0.047729 0.998853 0.013425 -0.024415 0.999612 0.069065 0.024473 0.997312 0.118338 0.127568 0.984745 0.165868 0.148295 0.974934 0.172770 0.095524 0.980319 0.128082 0.055750 0.990195 0.097748 0.010496 0.995156 0.128856 -0.042475 0.990753 0.467102 -0.063873 0.881893 0.595437 -0.036382 0.802578 0.565595 -0.000812 0.824683 0.557674 0.072568 0.826882 0.501901 0.099477 0.859186 0.606221 0.057305 0.793229 0.497245 0.135843 0.856909 0.227891 0.205942 0.951658 0.086925 0.261591 0.961257 -0.168753 0.406427 0.897964 -0.298357 0.478397 0.825905 -0.185704 0.471792 0.861932 -0.041021 0.461230 0.886332 0.124287 0.413322 0.902063 0.182581 0.405353 0.895742 0.192992 0.361955 0.911999 0.220257 0.274241 0.936097 0.155494 0.253420 0.954777 0.073811 0.258867 0.963089 0.051428 0.257196 0.964990 0.154279 0.271938 0.949867 0.229722 0.340980 0.911570 0.228349 0.349273 0.908771 0.110287 0.336233 0.935299 0.008360 0.323543 0.946177 -0.011142 0.303491 0.952769 -0.081263 0.399414 0.913162 -0.050576 0.242921 0.968727 -0.289887 0.047531 0.955880 -0.395440 0.200124 0.896425 -0.169072 0.093961 0.981115 -0.383253 -0.088527 0.919391 -0.165964 -0.270285 0.948368 -0.036617 -0.036617 0.998658 0.101078 0.036454 0.994210 0.000000 0.000000 1.000000 0.000000 0.000000 1.000000 0.000000 0.000000 1.000000 0.000000 0.000000 1.000000 -0.058136 -0.058136 0.996614 -0.115110 -0.115110 0.986661 0.145760 -0.114643 0.982655 0.202060 -0.057033 0.977711 0.000000 0.000000 1.000000 0.000000 0.000000 1.000000 0.000000 0.000000 1.000000 0.000000 0.000000 1.000000 0.000000 0.000000 1.000000 0.000000 0.000000 1.000000 0.124682 0.124682 0.984332 0.238490 0.238490 0.941406 0.238490 0.238490 0.941406 0.124682 0.124682 0.984332 0.000000 0.000000 1.000000 0.128915 0.000000 0.991656 0.086023 0.086023 0.992572 0.043252 0.043252 0.998127 0.000000 0.000000 1.000000 0.100632 0.100632 0.989821 0.196893 0.196893 0.960451 -0.164398 0.003288 0.986389 -0.281514 -0.295209 0.913018 -0.294050 -0.294050 0.909433 0.029445 -0.033778 0.998995 0.014969 -0.022017 0.999646 -0.058331 0.006409 0.998277 -0.068378 -0.029925 0.997211 -0.103726 0.053474 0.993167 -0.058457 0.073708 0.995565 0.019834 -0.101475 0.994640 -0.012205 -0.156698 0.987571 -0.000669 -0.127348 0.991858 -0.000671 -0.100381 0.994949 -0.000672 -0.073191 0.997318 -0.000673 -0.045836 0.998949 0.003000 -0.025723 0.999665 0.008492 -0.020234 0.999759 0.008492 -0.020234 0.999759 0.008492 -0.020234 0.999759 0.008492 -0.020234 0.999759 0.008492 -0.020234 0.999759 0.008492 -0.020234 0.999759 0.008492 -0.020234 0.999759 0.008492 -0.020234 0.999759 0.008492 -0.020234 0.999759 0.006943 -0.021782 0.999739 0.004943 -0.028423 0.999584 0.002348 -0.037756 0.999284 -0.004743 -0.044834 0.998983 -0.009236 -0.053197 0.998541 -0.006539 -0.057983 0.998296 -0.002648 -0.042905 0.999076 0.033491 -0.017701 0.999282 0.073485 0.055235 0.995766 0.117081 0.112492 0.986731 0.166022 0.084661 0.982481 0.127649 0.043176 0.990879 0.070557 -0.002308 0.997505 0.096494 -0.069049 0.992936 0.100944 -0.058924 0.993146 0.126466 -0.033125 0.991418 0.424738 -0.025029 0.904970 0.611523 -0.096782 0.785285 0.614191 -0.075652 0.785523 0.645861 0.044739 0.762143 0.460051 0.199654 0.865154 0.532939 0.096305 0.840655 0.542055 -0.023247 0.840022 0.267514 0.050565 0.962226 0.178688 0.090683 0.979718 -0.025272 0.170682 0.985002 -0.211779 0.305654 0.928292 -0.190605 0.434153 0.880444 -0.052884 0.462862 0.884852 0.067131 0.432427 0.899166 0.178972 0.375295 0.909463 0.136850 0.358958 0.923267 0.124944 0.310944 0.942180 0.136810 0.233488 0.962687 0.088409 0.228862 0.969436 0.073498 0.263884 0.961750 0.193522 0.289832 0.937308 0.280530 0.312911 0.907408 0.205916 0.313426 0.927018 0.078225 0.283855 0.955671 -0.007877 0.260311 0.965493 -0.028344 0.249614 0.967931 -0.051957 0.227142 0.972475 -0.191006 0.172724 0.966273 -0.247685 0.172406 0.953377 -0.274483 0.300758 0.913347 -0.417785 0.287190 0.861961 -0.462696 0.048970 0.885164 -0.214272 0.028927 0.976346 0.146109 0.053518 0.987820 0.021657 0.021657 0.999531 0.000000 0.000000 1.000000 0.000000 0.000000 1.000000 0.000000 0.000000 1.000000 -0.058136 -0.058136 0.996614 -0.115110 -0.115110 0.986661 -0.115110 -0.115110 0.986661 0.202060 -0.057033 0.977711 0.256158 0.000000 0.966635 0.000000 0.000000 1.000000 0.000000 0.000000 1.000000 0.000000 0.000000 1.000000 0.000000 0.000000 1.000000 0.000000 0.000000 1.000000 0.000000 0.000000 1.000000 0.355218 0.000000 0.934784 0.238490 0.238490 0.941406 0.124682 0.124682 0.984332 0.000000 0.000000 1.000000 0.043252 0.043252 0.998127 0.086023 0.086023 0.992572 0.128915 0.000000 0.991656 0.000000 0.000000 1.000000 0.000000 0.000000 1.000000 0.291732 0.000000 0.956500 0.202972 0.198177 0.958920 -0.347856 0.104046 0.931757 -0.427827 0.001506 0.903859 0.000000 0.000000 1.000000 -0.033660 0.174458 0.984089 0.001510 0.056621 0.998395 -0.026083 0.012232 0.999585 -0.079020 0.044880 0.995862 -0.052225 0.054159 0.997166 -0.104592 0.052225 0.993143 -0.074554 0.015771 0.997092 -0.027425 -0.014152 0.999524 0.018640 -0.059692 0.998043 0.009466 -0.055598 0.998408 0.014517 -0.047612 0.998760 0.013602 -0.030455 0.999444 0.008492 -0.020234 0.999759 0.008492 -0.020234 0.999759 0.008492 -0.020234 0.999759 0.008492 -0.020234 0.999759 0.008492 -0.020234 0.999759 0.008492 -0.020234 0.999759 0.008492 -0.020234 0.999759 0.008492 -0.020234 0.999759 0.006692 -0.022033 0.999735 0.004943 -0.029176 0.999562 0.001846 -0.038257 0.999266 -0.005245 -0.045335 0.998958 -0.009236 -0.053948 0.998501 -0.010526 -0.061956 0.998023 -0.004386 -0.055836 0.998430 0.000282 -0.037244 0.999306 0.044639 -0.006538 0.998982 0.073271 0.066215 0.995112 0.126120 0.064290 0.989930 0.117448 0.035279 0.992452 0.074722 -0.010286 0.997151 0.059335 -0.084247 0.994677 0.073531 -0.098334 0.992433 0.102839 -0.057016 0.993063 0.105493 -0.054342 0.992934 0.141381 -0.080545 0.986673 0.451485 -0.022186 0.892003 0.579287 0.055656 0.813221 0.581594 -0.006291 0.813455 0.694323 -0.132168 0.707423 0.579725 -0.032004 0.814184 0.455602 0.116482 0.882529 0.465248 0.021672 0.884915 0.372918 -0.048791 0.926580 0.203580 0.064482 0.976933 0.036329 0.104838 0.993826 -0.035538 0.181328 0.982780 -0.037279 0.376617 0.925619 -0.048134 0.474302 0.879046 -0.006837 0.440482 0.897735 0.103977 0.357077 0.928270 0.117080 0.287794 0.950509 0.071361 0.270262 0.960139 0.112052 0.256503 0.960026 0.115180 0.301147 0.946596 0.119127 0.346188 0.930571 0.184255 0.354347 0.916781 0.266950 0.282534 0.921364 0.172589 0.228621 0.958095 0.050550 0.204050 0.977654 -0.014590 0.198202 0.980053 -0.041811 0.197025 0.979507 -0.102681 0.163321 0.981215 -0.199135 0.144581 0.969248 -0.290436 0.118024 0.949588 -0.164687 0.007064 0.986321 -0.359014 0.193741 0.913002 -0.498975 0.370147 0.783591 -0.264530 0.387801 0.882969 0.028958 0.154616 0.987550 -0.008647 -0.018640 0.999789 0.018222 -0.001449 0.999833 -0.011663 0.023325 0.999660 0.000000 0.000000 1.000000 -0.172380 0.000000 0.985030 -0.115110 -0.115110 0.986661 -0.058136 -0.058136 0.996614 0.256158 0.000000 0.966635 0.256158 0.000000 0.966635 0.000000 0.000000 1.000000 0.000000 0.000000 1.000000 0.000000 0.000000 1.000000 0.000000 0.000000 1.000000 0.000000 0.000000 1.000000 0.124682 0.124682 0.984332 0.238490 0.238490 0.941406 0.355218 0.000000 0.934784 0.000000 0.000000 1.000000 0.043252 0.043252 0.998127 0.086023 0.086023 0.992572 0.086023 0.086023 0.992572 0.043252 0.043252 0.998127 0.000000 0.000000 1.000000 0.102247 0.102247 0.989490 0.193751 0.198555 0.960748 0.304776 0.000000 0.952424 -0.427820 0.006026 0.903844 -0.433949 0.003003 0.900932 0.000000 0.000000 1.000000 -0.083697 0.164919 0.982750 -0.038477 0.249756 0.967544 -0.150148 0.223074 0.963168 0.003355 0.100286 0.994953 -0.107150 0.168828 0.979804 -0.096166 0.060922 0.993499 -0.094692 0.072898 0.992834 -0.044617 0.087914 0.995128 -0.064120 0.053372 0.996514 0.006550 -0.038977 0.999219 0.021215 -0.050191 0.998514 0.029443 -0.058184 0.997872 0.017392 -0.056082 0.998275 0.009238 -0.052837 0.998560 0.014417 -0.045405 0.998865 0.012933 -0.029116 0.999492 0.008492 -0.020234 0.999759 0.008492 -0.020234 0.999759 0.006440 -0.022284 0.999731 0.004943 -0.029928 0.999540 0.001343 -0.038758 0.999248 -0.005747 -0.045836 0.998932 -0.009235 -0.054698 0.998460 -0.010777 -0.062206 0.998005 -0.012771 -0.064192 0.997856 -0.004285 -0.055736 0.998436 0.009593 -0.041589 0.999089 0.049936 -0.001229 0.998752 0.067463 0.045622 0.996678 0.110372 0.007899 0.993859 0.064049 -0.021008 0.997726 0.041677 -0.087398 0.995301 0.042001 -0.127180 0.990990 0.072067 -0.099792 0.992395 0.082433 -0.077505 0.993578 0.096095 -0.135589 0.986094 0.063476 -0.192433 0.979255 0.149321 -0.207277 0.966819 0.541236 -0.084392 0.836625 0.630784 0.051494 0.774248 0.519603 0.114561 0.846693 0.594879 -0.020146 0.803563 0.652043 -0.168572 0.739204 0.545984 -0.055313 0.835968 0.403995 0.052661 0.913244 0.342056 0.006770 0.939655 0.292091 -0.006251 0.956370 0.121245 0.092702 0.988284 0.040305 0.173078 0.984083 0.152668 0.208491 0.966035 0.039503 0.354885 0.934075 -0.085982 0.427317 0.900004 0.003039 0.357355 0.933964 0.053035 0.277616 0.959227 0.083284 0.251716 0.964211 0.155231 0.302660 0.940372 0.182908 0.367122 0.912012 0.163628 0.402037 0.900884 0.130488 0.411187 0.902163 0.146220 0.323725 0.934784 0.104487 0.216483 0.970679 0.034987 0.158849 0.986683 -0.008371 0.144938 0.989405 -0.045447 0.152945 0.987189 -0.138855 0.157068 0.977778 -0.182834 0.113828 0.976532 -0.329465 0.164434 0.929739 -0.309805 0.095867 0.945955 -0.122533 -0.052895 0.991054 -0.279991 0.194520 0.940089 -0.299275 0.439095 0.847130 -0.259299 0.409508 0.874681 -0.217728 0.166131 0.961767 0.035398 -0.075846 0.996491 0.033440 -0.052399 0.998066 0.046615 0.076330 0.995992 -0.234445 0.131787 0.963155 -0.172380 0.000000 0.985030 0.000000 0.000000 1.000000 0.256158 0.000000 0.966635 0.256158 0.000000 0.966635 0.000000 0.000000 1.000000 0.000000 0.000000 1.000000 0.000000 0.000000 1.000000 0.000000 0.000000 1.000000 0.008333 0.008333 0.999931 0.348340 0.015621 0.937238 0.238490 0.238490 0.941406 0.124682 0.124682 0.984332 0.000000 0.000000 1.000000 0.128915 0.000000 0.991656 0.086023 0.086023 0.992572 0.043252 0.043252 0.998127 0.000000 0.000000 1.000000 0.000000 0.000000 1.000000 0.296099 0.000000 0.955157 0.195229 0.200030 0.960143 0.110359 0.105417 0.988285 -0.425361 0.000000 0.905024 -0.436384 0.000000 0.899761 0.000000 0.000000 1.000000 -0.086271 0.075527 0.993405 0.056973 0.008955 0.998336 -0.124265 0.144409 0.981684 -0.102403 0.153737 0.982791 -0.079294 0.091499 0.992643 -0.168660 0.111795 0.979314 -0.088925 0.126670 0.987951 -0.030226 0.102816 0.994241 -0.095432 0.113176 0.988981 -0.072274 0.087187 0.993567 -0.001387 0.021174 0.999775 0.008014 -0.004497 0.999958 0.007087 -0.024676 0.999670 0.006093 -0.035752 0.999342 0.020558 -0.046871 0.998689 0.032589 -0.049760 0.998229 0.022488 -0.032002 0.999235 -0.012567 -0.038381 0.999184 0.014070 -0.068619 0.997544 -0.004487 -0.047543 0.998859 -0.010007 -0.053911 0.998496 -0.011028 -0.062455 0.997987 -0.012771 -0.064192 0.997856 -0.009761 -0.061193 0.998078 -0.007200 -0.049623 0.998742 0.017932 -0.033260 0.999286 0.025171 -0.001627 0.999682 0.076792 -0.024444 0.996747 0.071448 -0.046275 0.996370 0.020048 -0.082398 0.996398 0.020864 -0.147566 0.988832 0.030433 -0.140933 0.989551 0.051405 -0.126155 0.990678 0.089272 -0.157737 0.983438 0.059496 -0.176259 0.982544 0.004374 -0.194433 0.980906 0.009164 -0.240317 0.970651 0.212914 -0.216457 0.952793 0.603295 -0.121508 0.788208 0.669094 -0.108576 0.735203 0.575042 -0.069554 0.815162 0.478282 0.054945 0.876486 0.638952 -0.041959 0.768101 0.582707 -0.045795 0.811391 0.473916 -0.109436 0.873743 0.338641 0.001453 0.940915 0.323860 0.072146 0.943350 0.194206 0.090019 0.976822 0.083392 0.150804 0.985040 0.142710 0.142483 0.979455 0.190278 0.113996 0.975089 0.006649 0.257775 0.966182 -0.067502 0.338926 0.938388 -0.006863 0.304441 0.952507 0.107980 0.287596 0.951645 0.216382 0.312537 0.924932 0.227655 0.333054 0.915013 0.160195 0.332302 0.929469 0.097536 0.305948 0.947039 0.055593 0.257864 0.964581 0.014240 0.195200 0.980660 -0.004241 0.132251 0.991207 -0.024847 0.114577 0.993104 -0.037588 0.105018 0.993760 -0.123537 0.109839 0.986242 -0.234431 0.118200 0.964920 -0.276451 0.058638 0.959238 -0.343357 0.120055 0.931500 -0.239416 0.124869 0.962854 -0.149603 -0.011241 0.988682 -0.176229 -0.000185 0.984349 -0.230086 0.142449 0.962688 -0.360585 0.306911 0.880786 -0.232972 0.195230 0.952685 0.023279 -0.114345 0.993168 0.188898 -0.200180 0.961377 -0.092408 0.025062 0.995406 -0.263074 0.261271 0.928725 -0.088243 0.176485 0.980340 0.256158 0.000000 0.966635 0.256158 0.000000 0.966635 0.000000 0.000000 1.000000 0.000000 0.000000 1.000000 0.000000 0.000000 1.000000 0.008333 0.008333 0.999931 0.132605 0.132605 0.982259 0.238490 0.238490 0.941406 0.341481 0.007832 0.939856 0.000000 0.000000 1.000000 0.043252 0.043252 0.998127 0.086023 0.086023 0.992572 0.128915 0.000000 0.991656 0.000000 0.000000 1.000000 0.000000 0.000000 1.000000 0.107084 0.107084 0.988467 0.191898 0.206290 0.959489 0.300447 0.000000 0.953799 -0.013332 -0.008332 0.999876 -0.413936 -0.031841 0.909749 -0.436384 0.000000 0.899761 0.000000 0.000000 1.000000 -0.162928 0.225846 0.960442 -0.083454 0.164724 0.982803 0.000208 0.017524 0.999846 -0.121532 0.136417 0.983169 -0.072498 0.158543 0.984687 -0.151277 0.151683 0.976784 -0.035638 0.159247 0.986595 -0.056793 0.182958 0.981479 -0.083066 0.186019 0.979029 -0.107781 0.187357 0.976361 -0.072464 0.131516 0.988662 -0.009939 0.042397 0.999051 0.008252 0.041797 0.999092 0.007850 0.064082 0.997914 0.009094 0.080615 0.996704 0.023597 0.078562 0.996630 0.029259 0.066969 0.997326 -0.053211 0.055820 0.997022 -0.029451 -0.023766 0.999284 0.010552 -0.080910 0.996666 -0.001185 -0.075127 0.997173 -0.009188 -0.049117 0.998751 0.006677 -0.020183 0.999774 0.029672 0.052141 0.998199 -0.040657 0.074132 0.996419 0.022565 -0.029992 0.999295 0.037392 -0.062820 0.997324 0.010572 -0.082831 0.996508 0.014007 -0.152787 0.988160 -0.004678 -0.186792 0.982388 0.015969 -0.176390 0.984191 0.067175 -0.176739 0.981963 0.039478 -0.156828 0.986837 0.011759 -0.174430 0.984599 0.036323 -0.229444 0.972644 0.025003 -0.228375 0.973252 0.027233 -0.183206 0.982697 0.288681 -0.146691 0.946121 0.615626 -0.047816 0.786587 0.636532 -0.057880 0.769075 0.604499 -0.134608 0.785150 0.598620 -0.040448 0.800011 0.600041 0.061023 0.797638 0.572724 0.036591 0.818932 0.427067 -0.003431 0.904213 0.422932 -0.010717 0.906098 0.391514 0.021119 0.919930 0.205334 0.101071 0.973459 0.110980 0.091180 0.989631 0.132733 0.109312 0.985105 0.186805 0.133630 0.973266 0.137539 0.147936 0.979387 -0.006820 0.249197 0.968429 -0.012365 0.304661 0.952381 0.123402 0.316969 0.940374 0.203548 0.316690 0.926432 0.198184 0.240987 0.950078 0.134251 0.179407 0.974572 0.068420 0.147085 0.986755 0.008320 0.110099 0.993886 -0.038406 0.077158 0.996279 -0.027703 0.053803 0.998167 -0.008514 0.079953 0.996762 -0.044309 0.102891 0.993705 -0.134843 0.077251 0.987851 -0.248973 0.042309 0.967586 -0.313736 0.021413 0.949269 -0.293941 0.002447 0.955820 -0.273252 0.011210 0.961877 -0.241280 -0.012070 0.970381 -0.196285 -0.059832 0.978720 -0.120435 -0.120680 0.985359 -0.184177 -0.024515 0.982587 -0.305413 0.194628 0.932117 -0.247046 0.183073 0.951553 -0.020305 -0.087759 0.995935 0.185096 -0.324590 0.927567 -0.008426 -0.078546 0.996875 -0.099625 0.213350 0.971883 0.023365 0.222105 0.974743 0.251367 0.010219 0.967838 0.000000 0.000000 1.000000 0.000000 0.000000 1.000000 0.008333 0.008333 0.999931 0.016662 0.016662 0.999722 0.348340 0.015621 0.937238 0.231498 0.231498 0.944890 0.116710 0.116710 0.986285 0.008333 0.008333 0.999931 0.120760 0.016542 0.992544 0.086023 0.086023 0.992572 0.043252 0.043252 0.998127 0.000000 0.000000 1.000000 0.089280 0.089280 0.991997 0.220957 0.168120 0.960684 0.193751 0.198555 0.960748 0.103861 0.103861 0.989154 -0.044954 0.004995 0.998977 -0.420208 -0.030231 0.906924 -0.409042 -0.016727 0.912362 0.000000 0.000000 1.000000 -0.080544 0.041628 0.995881 -0.143992 0.127719 0.981302 -0.061015 0.083289 0.994656 0.022373 0.136681 0.990362 -0.037772 0.248452 0.967907 -0.139057 0.332113 0.932933 -0.127558 0.274564 0.953070 -0.032796 0.163742 0.985958 -0.039748 0.220190 0.974647 -0.086006 0.293225 0.952167 -0.208867 0.260855 0.942512 -0.099541 0.073234 0.992335 0.010565 -0.004395 0.999935 0.036615 -0.009991 0.999280 0.034224 0.010375 0.999360 0.104889 0.102642 0.989173 0.009027 0.242008 0.970232 -0.096220 0.192170 0.976633 -0.125940 0.119695 0.984791 -0.048669 0.042038 0.997930 0.005964 -0.000929 0.999982 0.031750 0.029463 0.999061 0.052062 0.067593 0.996354 0.122497 0.091851 0.988209 -0.043414 0.181100 0.982506 -0.117816 0.156899 0.980562 -0.042061 0.028948 0.998696 -0.035324 -0.072222 0.996763 -0.037694 -0.129961 0.990802 0.015828 -0.158308 0.987263 0.033364 -0.122197 0.991945 0.041748 -0.102544 0.993852 0.053287 -0.118223 0.991556 0.027608 -0.082518 0.996207 0.035913 -0.035177 0.998736 0.047151 -0.007737 0.998858 0.062735 0.009566 0.997984 0.301012 0.036758 0.952912 0.633378 0.004527 0.773829 0.647510 -0.012758 0.761950 0.599053 0.059996 0.798459 0.626422 0.020467 0.779215 0.575931 -0.066886 0.814758 0.596418 -0.119523 0.793725 0.428333 0.000425 0.903621 0.427862 0.030371 0.903334 0.385525 0.002723 0.922693 0.264242 0.015121 0.964338 0.106994 0.089356 0.990236 0.141721 0.081722 0.986528 0.247985 0.085465 0.964987 0.173883 0.182835 0.967645 0.087919 0.231772 0.968789 0.029836 0.296251 0.954644 0.118697 0.310153 0.943248 0.162159 0.258894 0.952197 0.099260 0.182319 0.978216 0.084213 0.113070 0.990012 0.033938 0.079511 0.996256 -0.033582 0.046359 0.998360 -0.059311 0.008308 0.998205 -0.006844 0.014124 0.999877 0.024692 0.049211 0.998483 -0.038220 0.050270 0.998004 -0.170422 0.042341 0.984461 -0.277463 0.022009 0.960484 -0.328045 0.003049 0.944657 -0.323178 -0.018551 0.946156 -0.289299 -0.069431 0.954717 -0.250824 -0.099202 0.962936 -0.204096 -0.076828 0.975932 -0.166096 -0.072805 0.983418 -0.125735 -0.114329 0.985454 -0.134491 -0.105939 0.985235 -0.240865 0.048919 0.969325 -0.226713 0.119142 0.966647 -0.041723 -0.085178 0.995492 0.163505 -0.259300 0.951856 0.126117 -0.224193 0.966350 0.025794 -0.026295 0.999321 0.151016 -0.025824 0.988194 0.015529 -0.020260 0.999674 -0.000546 0.026084 0.999660 0.016662 0.016662 0.999722 0.102247 0.102247 0.989490 0.262654 0.172466 0.949352 0.334545 0.000000 0.942380 0.008333 0.008333 0.999931 0.058136 0.058136 0.996614 0.079352 0.099190 0.991900 0.112609 0.008280 0.993605 0.000000 0.000000 1.000000 0.000000 0.000000 1.000000 0.260666 0.000000 0.965429 0.211617 0.173141 0.961894 0.130114 0.080704 0.988209 0.003333 -0.001667 0.999993 -0.178562 -0.139603 0.973975 -0.312039 -0.261808 0.913284 -0.395028 0.000000 0.918669 0.000000 0.000000 1.000000 0.024222 -0.081451 0.996383 -0.095504 -0.033891 0.994852 -0.085761 -0.000626 0.996316 0.102959 -0.019613 0.994492 0.089181 0.034334 0.995423 -0.090045 0.106003 0.990280 -0.175073 0.161276 0.971257 -0.110577 0.173767 0.978559 0.030156 0.138746 0.989869 -0.001703 0.192929 0.981211 -0.214619 0.317434 0.923675 -0.293912 0.313799 0.902854 -0.082138 0.125889 0.988638 -0.005752 -0.019901 0.999785 0.037210 -0.093146 0.994957 0.204192 -0.143014 0.968428 0.209020 -0.019340 0.977720 -0.127915 0.216338 0.967903 -0.229880 0.190729 0.954347 -0.074528 0.093961 0.992782 0.055974 0.175201 0.982940 0.007637 0.224733 0.974390 0.133946 0.188345 0.972926 0.101893 0.306941 0.946258 0.003053 0.258695 0.965954 -0.144721 0.251328 0.957021 -0.146432 0.210103 0.966651 -0.132162 0.094788 0.986686 -0.120820 -0.015776 0.992549 -0.018881 -0.120606 0.992521 0.064335 -0.149118 0.986724 0.065654 -0.131818 0.989097 0.072111 -0.107196 0.991619 0.072265 -0.085287 0.993732 0.072384 -0.063254 0.995369 0.094394 -0.020730 0.995319 0.116505 0.079240 0.990024 0.307217 0.142306 0.940939 0.580384 0.083614 0.810039 0.652822 0.007633 0.757473 0.596578 -0.013347 0.802444 0.614952 -0.047173 0.787152 0.496080 0.039020 0.867399 0.555778 -0.092632 0.826154 0.540380 -0.138580 0.829931 0.438999 -0.055037 0.896800 0.368927 -0.029520 0.928989 0.325745 -0.009624 0.945409 0.189499 0.077731 0.978799 0.110417 0.148875 0.982672 0.248496 0.084636 0.964928 0.269357 0.086700 0.959130 0.142332 0.171966 0.974766 0.078917 0.216622 0.973061 0.095748 0.232248 0.967932 0.095088 0.201316 0.974900 0.040643 0.173854 0.983932 0.035218 0.145158 0.988781 0.016438 0.100047 0.994847 -0.062326 0.083341 0.994570 -0.074997 0.071334 0.994629 0.011928 0.072564 0.997292 0.027548 0.075602 0.996757 -0.076524 0.031715 0.996563 -0.180285 -0.019955 0.983412 -0.276578 -0.025384 0.960656 -0.337768 -0.020570 0.941005 -0.338093 -0.020566 0.940888 -0.325128 -0.010534 0.945611 -0.258900 -0.014034 0.965802 -0.198562 -0.029179 0.979654 -0.168376 -0.056452 0.984105 -0.163863 -0.065592 0.984300 -0.136215 -0.102132 0.985401 -0.131890 -0.115335 0.984532 -0.170358 -0.057519 0.983702 -0.211072 0.024973 0.977152 -0.001202 -0.138201 0.990404 0.177102 -0.272413 0.945741 0.133206 -0.201215 0.970448 0.140598 -0.172024 0.975008 0.098704 -0.114763 0.988477 0.088451 -0.027686 0.995696 -0.010857 0.063849 0.997901 0.281450 0.050382 0.958252 0.224430 0.224430 0.948295 0.185853 0.092926 0.978173 0.016662 0.016662 0.999722 0.133780 0.009910 0.990962 0.077857 0.077857 0.993920 0.021643 0.041621 0.998899 0.000000 0.000000 1.000000 0.086023 0.086023 0.992572 0.194287 0.184653 0.963408 0.278367 0.033596 0.959887 0.044955 0.000000 0.998989 -0.013332 -0.008332 0.999876 -0.413936 -0.031841 0.909749 -0.312039 -0.261808 0.913284 -0.140476 -0.140476 0.980068 0.000000 0.000000 1.000000 -0.055520 0.066535 0.996238 -0.034424 0.032274 0.998886 -0.081424 0.071784 0.994091 0.040766 0.036786 0.998491 0.102769 -0.061566 0.992798 -0.038259 -0.015554 0.999147 -0.111956 0.039378 0.992933 -0.087115 0.091246 0.992011 0.032489 0.111719 0.993209 0.035755 0.118638 0.992294 -0.031221 0.153322 0.987683 -0.278437 0.332965 0.900892 -0.254770 0.342188 0.904434 -0.176941 0.196739 0.964358 0.038670 0.118277 0.992227 0.142091 0.248053 0.958269 0.262330 0.159205 0.951755 0.062102 0.110556 0.991928 -0.220920 0.244097 0.944252 -0.122309 0.278502 0.952616 0.140664 0.223430 0.964517 0.076732 0.311901 0.947011 0.089425 0.350506 0.932281 0.237864 0.334402 0.911919 -0.030689 0.457376 0.888744 -0.264274 0.362308 0.893808 -0.188751 0.176760 0.965986 -0.241000 0.181736 0.953358 -0.238860 0.086332 0.967209 -0.163141 -0.078739 0.983456 0.049107 -0.235428 0.970650 0.073681 -0.239690 0.968050 0.074758 -0.241250 0.967579 0.090070 -0.229258 0.969189 0.116828 -0.162740 0.979728 0.159941 -0.063641 0.985073 0.219239 -0.005018 0.975658 0.365372 0.066606 0.928476 0.501835 0.061805 0.862752 0.640489 -0.076442 0.764153 0.598429 0.032902 0.800500 0.578548 0.019703 0.815410 0.592226 -0.064551 0.803182 0.507806 0.077014 0.858022 0.470261 0.008666 0.882485 0.498062 -0.099115 0.861459 0.403880 0.010892 0.914747 0.346407 0.026555 0.937709 0.268658 0.047104 0.962083 0.148233 0.100630 0.983819 0.186369 0.123152 0.974731 0.272630 0.080044 0.958784 0.194372 0.066683 0.978659 0.105989 0.095252 0.989795 0.094747 0.100787 0.990386 0.098672 0.106082 0.989450 0.058319 0.138651 0.988623 0.008454 0.158338 0.987349 -0.026595 0.127193 0.991521 -0.070632 0.108008 0.991638 -0.060721 0.120279 0.990881 -0.001972 0.133655 0.991026 -0.000507 0.086065 0.996289 -0.137718 0.038665 0.989716 -0.220734 -0.011254 0.975269 -0.281922 -0.037167 0.958717 -0.335941 -0.032054 0.941337 -0.337207 -0.038473 0.940644 -0.287958 -0.040329 0.956794 -0.237469 0.006091 0.971376 -0.210989 0.050392 0.976189 -0.220538 0.035314 0.974739 -0.181528 -0.020825 0.983165 -0.174101 -0.040975 0.983875 -0.147725 -0.083609 0.985488 -0.140335 -0.105437 0.984474 -0.121816 -0.073100 0.989857 -0.145903 0.049111 0.988079 0.107938 -0.027696 0.993772 0.221368 -0.057749 0.973479 0.170228 0.000246 0.985405 0.144980 0.015420 0.989314 0.163829 0.042638 0.985567 0.092170 0.156562 0.983358 0.222000 0.181446 0.958015 0.225556 -0.018013 0.974064 0.136343 -0.130288 0.982057 0.058136 0.058136 0.996614 0.071186 0.091052 0.993299 0.110967 -0.013250 0.993736 -0.006666 -0.006666 0.999956 0.000000 0.000000 1.000000 0.251634 0.000000 0.967823 0.228613 0.166264 0.959215 0.111776 0.121639 0.986261 0.014997 0.014997 0.999775 -0.044954 0.004995 0.998977 -0.420208 -0.030231 0.906924 -0.409042 -0.016727 0.912362 0.000000 0.000000 1.000000 0.000000 0.000000 1.000000 -0.037510 0.218144 0.975195 -0.036844 0.168170 0.985069 -0.062556 0.170525 0.983366 -0.040034 0.154005 0.987259 0.024204 0.080035 0.996498 0.039946 0.015876 0.999076 -0.060492 0.067477 0.995885 -0.066616 0.105167 0.992221 0.059908 0.134420 0.989112 0.015097 0.179856 0.983577 0.020652 0.128648 0.991475 -0.128605 0.197761 0.971777 -0.281305 0.288212 0.915315 -0.246394 0.318940 0.915187 0.058079 0.295953 0.953435 0.297347 0.293220 0.908629 0.099013 0.324206 0.940791 0.036090 0.201755 0.978771 -0.131152 0.264611 0.955395 -0.108912 0.330887 0.937365 0.086416 0.356863 0.930151 0.175352 0.327291 0.928511 0.058266 0.394353 0.917110 0.171485 0.225592 0.959010 0.039163 0.001355 0.999232 -0.361540 0.103171 0.926631 -0.324435 0.107529 0.939776 -0.218344 0.083069 0.972330 -0.308974 0.085074 0.947258 -0.333303 0.026050 0.942460 -0.112857 -0.160133 0.980623 0.082261 -0.282937 0.955604 0.104961 -0.235900 0.966092 0.122489 -0.173414 0.977202 0.203151 -0.159727 0.966032 0.252118 -0.130018 0.958922 0.251459 -0.078708 0.964662 0.405956 -0.045985 0.912735 0.505517 0.063898 0.860447 0.560283 0.096905 0.822613 0.681049 -0.029983 0.731623 0.569422 0.060295 0.819831 0.524887 0.060649 0.849009 0.558640 -0.050336 0.827881 0.442521 0.041735 0.895786 0.457843 0.047510 0.887763 0.484372 -0.008674 0.874819 0.327306 0.049962 0.943597 0.282808 0.021038 0.958946 0.191391 0.055401 0.979949 0.198671 0.091342 0.975801 0.237256 0.083456 0.967856 0.177209 0.043118 0.983228 0.114525 0.012403 0.993343 0.095749 0.020447 0.995195 0.116309 0.019094 0.993030 0.090391 0.043272 0.994966 0.009196 0.068750 0.997592 -0.046026 0.068032 0.996621 -0.052172 0.083326 0.995156 -0.040135 0.111492 0.992955 -0.023493 0.111480 0.993489 -0.072620 0.051471 0.996031 -0.171712 -0.009869 0.985098 -0.249202 -0.023623 0.968163 -0.287320 -0.031771 0.957308 -0.318986 -0.027788 0.947352 -0.347412 -0.003125 0.937707 -0.308419 -0.029285 0.950800 -0.215372 -0.070880 0.973956 -0.161111 -0.066630 0.984685 -0.211207 -0.000411 0.977441 -0.216709 0.031109 0.975740 -0.187377 0.016387 0.982151 -0.183413 0.020671 0.982819 -0.149694 0.012399 0.988655 -0.072086 0.010243 0.997346 -0.000853 0.077302 0.997007 0.070516 0.203061 0.976624 0.214293 0.186013 0.958894 0.174849 0.153535 0.972551 0.175210 0.167347 0.970204 0.167777 0.215796 0.961916 0.213109 0.187149 0.958937 0.134484 0.252344 0.958247 0.011919 0.204228 0.978851 0.014426 0.033299 0.999341 0.203205 -0.175582 0.963265 0.162241 -0.118771 0.979577 0.021643 0.041621 0.998899 0.000000 0.000000 1.000000 0.086023 0.086023 0.992572 0.171398 0.171398 0.970178 0.301891 0.001589 0.953341 0.051596 -0.008322 0.998633 -0.006666 0.003333 0.999972 -0.039968 0.000000 0.999201 -0.436384 0.000000 0.899761 -0.395028 0.000000 0.918669 0.000000 0.000000 1.000000 0.000000 0.000000 1.000000 -0.112246 0.239213 0.964457 -0.061130 0.234097 0.970290 -0.052246 0.242621 0.968713 -0.039042 0.280838 0.958961 -0.059649 0.272024 0.960440 -0.037199 0.169311 0.984860 -0.011516 0.120651 0.992628 -0.046716 0.182913 0.982019 0.110626 0.178656 0.977673 0.063772 0.233297 0.970312 -0.082988 0.220300 0.971895 -0.022949 0.129519 0.991311 -0.179183 0.272373 0.945360 -0.184382 0.377834 0.907329 -0.015984 0.414927 0.909714 0.203672 0.266244 0.942142 -0.013839 0.112383 0.993569 -0.051683 -0.050861 0.997368 0.070110 -0.051275 0.996221 -0.037864 0.165994 0.985400 0.142627 0.243298 0.959408 0.160116 0.296003 0.941671 0.041083 0.221817 0.974223 -0.105517 0.128285 0.986108 -0.158556 0.028342 0.986943 -0.235373 -0.056386 0.970268 -0.253714 0.083717 0.963650 -0.180522 0.164090 0.969787 -0.317360 0.168317 0.933248 -0.387226 0.152019 0.909366 -0.309166 0.031775 0.950477 0.000212 -0.179067 0.983837 0.170833 -0.249785 0.953113 0.187389 -0.205490 0.960551 0.177806 -0.170149 0.969244 0.202497 -0.210500 0.956392 0.266973 -0.253665 0.929720 0.435197 -0.198831 0.878106 0.609517 -0.141228 0.780092 0.579534 -0.029496 0.814414 0.643288 0.021663 0.765317 0.580342 0.018585 0.814160 0.480769 -0.056001 0.875057 0.545801 -0.084736 0.833619 0.535731 -0.061676 0.842133 0.438139 0.035600 0.898202 0.447626 0.004301 0.894211 0.343057 -0.043708 0.938297 0.275678 -0.028959 0.960814 0.251671 -0.000404 0.967813 0.213210 0.050988 0.975675 0.198171 0.024702 0.979856 0.132126 -0.030821 0.990754 0.108784 -0.043446 0.993116 0.107260 -0.026819 0.993869 0.117031 -0.012467 0.993050 0.114283 -0.002888 0.993444 0.031839 0.016809 0.999352 -0.036739 0.034960 0.998713 -0.020403 0.050109 0.998535 -0.022361 0.081419 0.996429 -0.055105 0.076714 0.995529 -0.141573 0.028461 0.989519 -0.201620 -0.016305 0.979328 -0.257215 -0.030851 0.965862 -0.284316 -0.044869 0.957680 -0.312460 -0.036950 0.949212 -0.321743 -0.022192 0.946567 -0.337280 0.009182 0.941360 -0.263259 -0.027618 0.964330 -0.170421 -0.092121 0.981056 -0.148778 -0.109165 0.982827 -0.183668 -0.056497 0.981363 -0.155613 0.003962 0.987810 -0.150211 0.080538 0.985368 -0.123750 0.137385 0.982757 -0.063047 0.184502 0.980808 0.056943 0.188740 0.980375 0.150580 0.212124 0.965572 0.171743 0.250212 0.952837 0.152604 0.232947 0.960442 0.202106 0.215234 0.955420 0.218393 0.255680 0.941771 0.161732 0.295081 0.941685 0.132644 0.269324 0.953871 0.059144 0.211522 0.975582 -0.084788 0.326622 0.941344 -0.055132 0.284477 0.957096 0.080796 -0.025354 0.996408 0.137676 -0.207921 0.968408 0.122812 -0.072412 0.989785 0.196407 0.113624 0.973917 0.177763 0.168067 0.969615 0.131602 0.092121 0.987013 0.048276 -0.006659 0.998812 -0.014995 -0.019994 0.999688 -0.024977 -0.034968 0.999076 -0.436384 0.000000 0.899761 -0.395028 0.000000 0.918669 -0.001667 -0.001667 0.999997 0.000000 -0.003333 0.999994 -0.161114 0.344730 0.924772 -0.075129 0.287048 0.954966 -0.012502 0.282829 0.959089 -0.003391 0.288884 0.957358 -0.095298 0.285598 0.953600 -0.133940 0.255054 0.957605 -0.013141 0.201951 0.979307 0.044870 0.229708 0.972225 0.053294 0.281529 0.958072 0.097748 0.194909 0.975938 -0.138807 0.220782 0.965395 -0.088625 0.153160 0.984219 -0.028588 0.097639 0.994811 -0.025257 0.250403 0.967812 -0.057217 0.408143 0.911123 -0.004183 0.331755 0.943356 -0.088194 0.201940 0.975419 -0.214032 0.172244 0.961521 0.030020 -0.031636 0.999049 0.082711 -0.169683 0.982022 0.306749 -0.072045 0.949060 0.191126 0.162086 0.968090 -0.142215 0.133529 0.980788 -0.112414 -0.014798 0.993551 -0.085434 0.047112 0.995229 -0.171683 0.181113 0.968361 -0.215672 0.213068 0.952936 -0.202263 0.125451 0.971263 -0.278217 0.127180 0.952061 -0.404926 0.190178 0.894353 -0.421346 0.184138 0.888009 -0.209934 0.087537 0.973789 0.057835 -0.119651 0.991130 0.188332 -0.274081 0.943086 0.176384 -0.288959 0.940952 0.159063 -0.305260 0.938890 0.307635 -0.291370 0.905795 0.518133 -0.118724 0.847020 0.592540 -0.032021 0.804904 0.586799 -0.137927 0.797899 0.644089 -0.216594 0.733646 0.644173 -0.139940 0.751969 0.437751 0.050328 0.897686 0.492331 -0.021525 0.870142 0.554584 -0.103440 0.825673 0.490457 -0.088447 0.866965 0.408795 -0.067639 0.910116 0.337653 -0.076114 0.938188 0.293815 -0.075944 0.952841 0.292165 -0.047346 0.955195 0.231333 -0.016090 0.972742 0.154999 -0.016816 0.987771 0.100493 -0.036493 0.994268 0.115520 -0.050310 0.992030 0.130068 -0.048267 0.990329 0.150994 -0.019528 0.988342 0.123075 0.025233 0.992076 0.046225 0.023964 0.998644 -0.029002 0.028810 0.999164 -0.001726 0.038392 0.999261 -0.005176 0.057494 0.998332 -0.082759 0.049722 0.995328 -0.180513 0.014188 0.983470 -0.227675 -0.018093 0.973569 -0.266414 -0.033716 0.963269 -0.300386 -0.046258 0.952695 -0.309617 -0.058943 0.949033 -0.297560 -0.058072 0.952935 -0.304011 -0.020185 0.952455 -0.300140 0.015208 0.953774 -0.243436 -0.032192 0.969383 -0.137964 -0.087605 0.986555 -0.110379 -0.010170 0.993837 -0.079561 0.090784 0.992687 -0.063708 0.169091 0.983539 -0.068498 0.222176 0.972597 -0.032129 0.243733 0.969310 0.052872 0.240831 0.969126 0.160810 0.238353 0.957772 0.201326 0.247206 0.947817 0.163585 0.287914 0.943581 0.166951 0.305934 0.937300 0.255059 0.251466 0.933654 0.201912 0.293532 0.934382 0.121824 0.334629 0.934442 -0.002445 0.329811 0.944044 -0.044102 0.276589 0.959976 -0.039359 0.239915 0.969996 -0.130918 0.350495 0.927369 -0.041539 0.263461 0.963775 0.113351 -0.018047 0.993391 0.257062 -0.207501 0.943855 0.097144 -0.355862 0.929476 0.209645 -0.331917 0.919717 0.044955 0.000000 0.998989 -0.048276 0.006659 0.998812 -0.026639 -0.036629 0.998974 -0.409042 -0.016727 0.912362 -0.395028 0.000000 0.918669 -0.005000 0.000000 0.999988 -0.006666 -0.003333 0.999972 -0.142859 0.336764 0.930689 -0.120371 0.364906 0.923230 -0.034307 0.319547 0.946949 -0.056792 0.278055 0.958885 -0.110547 0.221020 0.968984 -0.149171 0.218816 0.964296 -0.067769 0.193119 0.978832 0.060182 0.104157 0.992738 0.071295 0.095009 0.992920 0.027093 0.109752 0.993590 -0.091881 0.098776 0.990859 -0.177088 0.126880 0.975982 -0.065937 0.074231 0.995059 0.124760 0.042144 0.991291 0.099138 0.193173 0.976143 -0.072232 0.300685 0.950984 -0.126382 0.284582 0.950284 -0.240521 0.294043 0.925034 -0.200488 0.216522 0.955470 -0.054519 0.060615 0.996671 0.287749 -0.153444 0.945334 0.375053 -0.243251 0.894519 -0.089942 -0.028967 0.995526 -0.174322 0.116755 0.977742 -0.045447 0.104292 0.993508 -0.123757 0.077534 0.989279 -0.248742 0.087713 0.964590 -0.268587 0.064002 0.961127 -0.251526 0.045143 0.966797 -0.354782 0.073073 0.932089 -0.419324 0.083928 0.903949 -0.289133 0.076825 0.954201 -0.113065 0.024108 0.993295 0.040107 -0.095425 0.994628 0.145263 -0.229326 0.962449 0.132944 -0.282647 0.949967 0.382061 -0.244475 0.891213 0.633283 -0.104719 0.766803 0.597449 -0.019760 0.801663 0.553669 -0.025745 0.832339 0.599304 0.055658 0.798584 0.655402 -0.081474 0.750873 0.584973 -0.159234 0.795268 0.449654 0.015815 0.893063 0.493501 -0.043231 0.868670 0.500333 -0.112902 0.858441 0.424766 -0.088668 0.900950 0.348441 -0.068113 0.934853 0.300431 -0.039081 0.953002 0.305395 -0.051648 0.950824 0.240624 -0.054417 0.969092 0.171024 -0.050818 0.983955 0.106154 -0.016052 0.994220 0.107969 0.001200 0.994154 0.142546 0.016286 0.989654 0.171165 0.037412 0.984532 0.143926 0.031755 0.989079 0.033624 0.018175 0.999269 -0.019437 0.013841 0.999715 0.022279 0.039915 0.998955 -0.000230 0.065314 0.997865 -0.109919 0.046088 0.992871 -0.208655 0.013804 0.977892 -0.260343 -0.004531 0.965506 -0.278409 -0.040293 0.959617 -0.309369 -0.050191 0.949616 -0.310499 -0.049983 0.949259 -0.297650 -0.047657 0.953485 -0.268203 -0.046608 0.962234 -0.266401 -0.009978 0.963811 -0.260435 0.062789 0.963448 -0.143289 0.097863 0.984831 0.012157 0.127212 0.991801 0.009184 0.209400 0.977787 -0.025721 0.230120 0.972822 -0.058069 0.219194 0.973952 -0.038937 0.216038 0.975608 0.027014 0.205703 0.978241 0.179107 0.191985 0.964916 0.230368 0.221434 0.947575 0.204882 0.245215 0.947572 0.145548 0.256741 0.955458 0.207346 0.188581 0.959919 0.249539 0.147574 0.957054 0.153012 0.176046 0.972417 0.006289 0.225618 0.974195 -0.070383 0.280039 0.957405 -0.067448 0.292085 0.954011 -0.047150 0.274911 0.960313 -0.048526 0.292125 0.955148 -0.123658 0.391533 0.911817 -0.029026 0.258034 0.965700 -0.179960 0.044899 0.982649 0.211405 -0.352874 0.911475 0.288748 -0.516787 0.805951 0.132746 -0.344487 0.929358 -0.051598 0.003329 0.998662 -0.395028 0.000000 0.918669 -0.395028 0.000000 0.918669 -0.005000 0.000000 0.999988 -0.010000 0.000000 0.999950 -0.021816 0.129990 0.991275 -0.099697 0.230629 0.967921 -0.095454 0.244481 0.964944 -0.096873 0.200786 0.974834 -0.130976 0.178221 0.975235 -0.155643 0.176183 0.971975 -0.132818 0.151782 0.979450 -0.050111 0.088445 0.994820 0.042561 -0.015972 0.998966 0.050334 -0.072673 0.996085 -0.050788 -0.027998 0.998317 -0.165847 0.029582 0.985708 -0.080284 0.033455 0.996210 0.127402 0.073063 0.989157 0.221357 0.063119 0.973148 0.014574 0.149754 0.988616 -0.118524 0.247215 0.961684 -0.226406 0.262450 0.938009 -0.274204 0.264873 0.924475 -0.133061 0.228938 0.964304 0.053802 0.217250 0.974632 0.294331 0.005049 0.955690 0.132027 -0.077351 0.988224 -0.048932 0.078184 0.995737 -0.055627 0.132228 0.989657 -0.150763 0.116903 0.981633 -0.227221 0.114052 0.967142 -0.260405 0.140184 0.955268 -0.233281 0.177425 0.956086 -0.334926 0.185566 0.923791 -0.446987 0.172570 0.877737 -0.364816 0.101001 0.925585 -0.159827 -0.030526 0.986673 -0.017898 -0.053685 0.998398 0.036161 -0.080525 0.996096 0.134439 -0.123934 0.983141 0.420198 -0.091255 0.902832 0.668477 -0.091870 0.738037 0.593406 -0.103764 0.798187 0.597107 -0.101618 0.795699 0.667298 0.000934 0.744790 0.561607 0.042464 0.826313 0.545786 -0.067992 0.835161 0.543717 -0.068228 0.836491 0.440183 0.033272 0.897292 0.468808 -0.035399 0.882590 0.445316 -0.097764 0.890020 0.379586 -0.088351 0.920928 0.317305 -0.054149 0.946776 0.286252 -0.049129 0.956894 0.241267 -0.055253 0.968885 0.183981 -0.043339 0.981974 0.142898 -0.014524 0.989631 0.128277 0.023415 0.991462 0.183571 0.046056 0.981927 0.175931 0.078655 0.981255 0.108927 0.049452 0.992819 0.006267 0.009251 0.999938 0.004111 0.012181 0.999917 0.066827 0.061989 0.995837 -0.008615 0.087933 0.996089 -0.143176 0.038780 0.988937 -0.229436 0.008618 0.973286 -0.276879 -0.003679 0.960898 -0.300510 -0.021014 0.953547 -0.312693 -0.024467 0.949539 -0.303580 -0.022922 0.952530 -0.291697 -0.004262 0.956501 -0.261692 0.007007 0.965126 -0.233558 0.019996 0.972137 -0.152280 0.060654 0.986474 -0.085732 0.177486 0.980382 0.033399 0.212871 0.976509 0.011529 0.193359 0.981060 -0.064902 0.144803 0.987330 -0.075932 0.113899 0.990586 -0.040816 0.112552 0.992807 0.035540 0.122002 0.991893 0.179520 0.121984 0.976162 0.268500 0.115238 0.956362 0.208451 0.137853 0.968269 0.144412 0.134811 0.980291 0.129071 0.135108 0.982388 0.212331 0.069537 0.974721 0.170356 0.018953 0.985200 0.096938 0.041011 0.994445 0.022463 0.148714 0.988625 -0.025166 0.245761 0.969004 -0.044369 0.296750 0.953924 -0.068646 0.303107 0.950481 -0.048623 0.248086 0.967517 -0.012756 0.292167 0.956282 -0.118578 0.446166 0.887060 -0.231656 0.545059 0.805758 -0.062539 0.274704 0.959493 0.169148 -0.272881 0.947061 0.228398 -0.437152 0.869904 -0.265358 -0.266218 0.926668 -0.396318 -0.001530 0.918112 -0.003333 -0.003333 0.999989 -0.010000 0.000000 0.999950 -0.016189 0.122480 0.992339 -0.030218 0.106696 0.993832 -0.093879 0.146138 0.984800 -0.104875 0.168901 0.980038 -0.150383 0.177457 0.972571 -0.166423 0.157396 0.973411 -0.141847 0.152801 0.978024 -0.096004 0.163132 0.981922 -0.017048 0.155464 0.987694 -0.048352 0.101404 0.993670 -0.019253 -0.038030 0.999091 -0.108200 -0.003617 0.994123 -0.044606 0.065494 0.996855 0.134343 0.095708 0.986302 0.187536 0.035858 0.981603 0.085861 -0.020622 0.996094 -0.012713 0.037306 0.999223 -0.182051 0.175918 0.967425 -0.265590 0.250669 0.930928 -0.146159 0.281543 0.948352 0.041759 0.280598 0.958916 0.163766 0.228137 0.959757 0.140401 0.207776 0.968048 -0.005271 0.222777 0.974855 -0.087610 0.188403 0.978176 -0.152875 0.160154 0.975182 -0.207210 0.162591 0.964691 -0.227883 0.184145 0.956117 -0.210534 0.201554 0.956583 -0.300227 0.229297 0.925898 -0.422559 0.291489 0.858183 -0.450877 0.281029 0.847191 -0.294176 0.138360 0.945683 -0.056880 0.003657 0.998374 0.028662 -0.026668 0.999233 0.213255 0.038248 0.976248 0.400441 0.143275 0.905052 0.588422 -0.017462 0.808366 0.595250 -0.188986 0.781001 0.637638 -0.112392 0.762093 0.658967 -0.059702 0.749799 0.564338 -0.147300 0.812296 0.508652 -0.092300 0.856011 0.609052 -0.082080 0.788872 0.501646 -0.012565 0.864982 0.404122 0.046984 0.913498 0.399614 0.003841 0.916675 0.366446 -0.053556 0.928897 0.334203 -0.089177 0.938273 0.290455 -0.084967 0.953109 0.255549 -0.070528 0.964220 0.211393 -0.044096 0.976406 0.174093 -0.015612 0.984605 0.190009 0.030439 0.981310 0.180147 0.093221 0.979213 0.169460 0.059502 0.983739 0.064953 0.028188 0.997490 0.002321 0.016658 0.999859 0.048144 0.051405 0.997517 0.108361 0.099270 0.989143 -0.025642 0.102395 0.994413 -0.200827 0.055436 0.978057 -0.253788 0.009899 0.967209 -0.281589 -0.008460 0.959498 -0.308696 -0.007280 0.951133 -0.302473 -0.001785 0.953156 -0.292439 0.016986 0.956133 -0.275575 0.030782 0.960787 -0.244484 0.043169 0.968692 -0.204681 0.081241 0.975451 -0.101292 0.127457 0.986658 -0.016995 0.171753 0.984993 0.012983 0.175782 0.984343 -0.030435 0.133737 0.990549 -0.099663 0.097613 0.990222 -0.070730 0.099004 0.992570 -0.025005 0.129984 0.991201 0.055036 0.149050 0.987297 0.162680 0.172483 0.971486 0.239628 0.128970 0.962260 0.205665 0.068331 0.976234 0.162853 0.054564 0.985140 0.141969 0.091477 0.985635 0.163422 0.095314 0.981941 0.151236 0.082040 0.985087 0.111558 0.080463 0.990495 0.108122 0.081861 0.990762 0.054114 0.132538 0.989700 -0.000132 0.188840 0.982008 -0.047687 0.239831 0.969643 -0.087242 0.287759 0.953721 -0.006283 0.268371 0.963295 0.008836 0.217498 0.976021 -0.092655 0.280930 0.955245 -0.140202 0.414606 0.899136 -0.244753 0.511391 0.823757 -0.129154 0.220812 0.966727 -0.185454 -0.174848 0.966972 -0.167788 -0.125645 0.977783 0.007540 -0.025077 0.999657 -0.003333 -0.003333 0.999989 -0.029440 0.112389 0.993228 -0.047457 0.118571 0.991811 -0.066418 0.104227 0.992333 -0.087811 0.113644 0.989633 -0.127752 0.140851 0.981754 -0.170489 0.178076 0.969135 -0.135661 0.186258 0.973090 -0.091013 0.190629 0.977434 -0.017678 0.161034 0.986791 -0.077667 0.192772 0.978165 -0.110788 0.222885 0.968529 -0.058192 0.214061 0.975085 -0.004141 0.236291 0.971673 0.057011 0.169291 0.983916 0.088964 -0.017396 0.995883 0.028856 -0.098508 0.994718 0.066167 -0.114645 0.991201 -0.029985 -0.016692 0.999411 -0.154180 0.153521 0.976043 -0.121960 0.265461 0.956377 0.012441 0.271018 0.962494 0.089409 0.228162 0.969509 0.136651 0.156926 0.978111 0.041859 0.181984 0.982410 -0.111430 0.233425 0.965969 -0.170761 0.211617 0.962320 -0.197933 0.201392 0.959304 -0.213282 0.212714 0.953553 -0.210787 0.216314 0.953298 -0.240315 0.216068 0.946342 -0.387257 0.227933 0.893352 -0.462282 0.233451 0.855451 -0.445194 0.231650 0.864951 -0.185656 0.085946 0.978849 0.024293 -0.040262 0.998894 0.311583 -0.035687 0.949549 0.455675 0.074581 0.887016 0.440838 0.112256 0.890539 0.530513 -0.025781 0.847285 0.647259 -0.121972 0.752449 0.652723 -0.178902 0.736170 0.569355 -0.178109 0.802566 0.586607 -0.034358 0.809143 0.563568 0.003266 0.826064 0.537008 -0.097523 0.837921 0.442668 -0.063319 0.894447 0.402721 -0.009268 0.915276 0.331747 0.024138 0.943060 0.290167 -0.026699 0.956604 0.289008 -0.082689 0.953749 0.271083 -0.086109 0.958697 0.243950 -0.061422 0.967841 0.192056 -0.026064 0.981038 0.254057 -0.007197 0.967163 0.200474 0.050982 0.978372 0.136080 0.034878 0.990084 0.050638 0.034728 0.998113 0.024621 0.050058 0.998443 0.107387 0.095578 0.989612 0.119004 0.140196 0.982946 -0.055013 0.111245 0.992269 -0.245142 0.071629 0.966838 -0.282214 0.040164 0.958510 -0.286993 0.018324 0.957757 -0.305723 0.020284 0.951904 -0.295029 0.016032 0.955354 -0.270360 0.025211 0.962429 -0.254521 0.064908 0.964886 -0.222647 0.108373 0.968857 -0.151460 0.149773 0.977051 -0.060599 0.196434 0.978643 -0.003255 0.202588 0.979259 -0.017781 0.174487 0.984499 -0.063066 0.149466 0.986754 -0.100006 0.156152 0.982657 -0.049200 0.183093 0.981864 0.010566 0.202906 0.979141 0.067821 0.223262 0.972396 0.170447 0.212220 0.962243 0.181666 0.191129 0.964607 0.147755 0.153374 0.977059 0.147756 0.115570 0.982248 0.155809 0.091338 0.983555 0.151665 0.067969 0.986092 0.163366 0.050289 0.985283 0.124954 0.081989 0.988769 0.111418 0.103018 0.988420 0.073050 0.102961 0.991999 0.037382 0.103979 0.993877 0.004665 0.122166 0.992499 -0.017427 0.167997 0.985633 -0.028486 0.229458 0.972902 -0.043491 0.212607 0.976170 -0.093444 0.172690 0.980534 -0.095210 0.111674 0.989173 -0.165089 0.104706 0.980705 -0.267389 0.199767 0.942654 -0.352969 0.238077 0.904838 -0.282903 0.033115 0.958577 -0.081914 -0.275793 0.957721 0.041690 -0.282775 0.958280 -0.034023 0.147204 0.988521 -0.046584 0.123633 0.991234 -0.068520 0.125393 0.989738 -0.080207 0.135636 0.987507 -0.098509 0.144332 0.984614 -0.115835 0.179203 0.976969 -0.137709 0.225888 0.964371 -0.104415 0.197524 0.974721 -0.081116 0.168425 0.982371 -0.025242 0.103547 0.994304 -0.032050 0.151600 0.987922 -0.003863 0.240042 0.970755 -0.018922 0.274860 0.961298 -0.085735 0.254204 0.963343 -0.087970 0.162235 0.982823 -0.009998 0.088970 0.995984 0.075181 0.057266 0.995524 0.076558 0.060758 0.995212 -0.021339 0.115992 0.993021 -0.062058 0.187108 0.980377 -0.013863 0.192867 0.981127 0.059486 0.162232 0.984958 0.077722 0.147825 0.985955 0.085633 0.105208 0.990756 -0.061709 0.158615 0.985410 -0.175428 0.215455 0.960627 -0.196611 0.227700 0.953675 -0.188788 0.238344 0.952655 -0.205320 0.267391 0.941460 -0.242016 0.252653 0.936800 -0.445270 0.200925 0.872561 -0.462287 0.088271 0.882326 -0.476073 0.110837 0.872393 -0.294187 0.081807 0.952240 -0.087113 0.025334 0.995876 0.240118 -0.131689 0.961770 0.526805 -0.218415 0.821444 0.506879 -0.092927 0.856994 0.466850 0.000555 0.884336 0.583248 -0.036936 0.811454 0.627557 -0.121060 0.769102 0.592672 -0.135622 0.793943 0.662622 -0.135732 0.736552 0.571044 -0.056514 0.818972 0.474694 -0.039349 0.879271 0.468646 -0.101461 0.877540 0.429026 -0.100483 0.897686 0.359014 -0.080576 0.929847 0.247552 -0.047886 0.967691 0.242494 -0.080416 0.966814 0.279230 -0.110628 0.953830 0.276931 -0.083760 0.957232 0.228579 -0.038370 0.972769 0.255915 -0.025867 0.966353 0.230142 -0.036848 0.972459 0.126420 -0.022755 0.991716 0.091213 0.018559 0.995658 0.065331 0.079812 0.994667 0.153782 0.126426 0.979983 0.121835 0.149054 0.981295 -0.096726 0.117658 0.988332 -0.269063 0.089978 0.958910 -0.303136 0.072011 0.950223 -0.297260 0.055722 0.953169 -0.294581 0.059323 0.953784 -0.299165 0.080931 0.950763 -0.259448 0.086099 0.961912 -0.207976 0.097123 0.973300 -0.161584 0.146065 0.975989 -0.102008 0.206290 0.973159 -0.043417 0.238021 0.970289 -0.031141 0.227926 0.973180 -0.059810 0.199668 0.978037 -0.054984 0.180615 0.982016 -0.055599 0.221051 0.973676 -0.018622 0.267918 0.963262 0.028715 0.289227 0.956830 0.060969 0.295962 0.953252 0.131914 0.264995 0.955184 0.138207 0.216235 0.966510 0.130011 0.169853 0.976856 0.126202 0.158125 0.979321 0.102212 0.115592 0.988024 0.122293 0.050099 0.991229 0.140690 0.034226 0.989462 0.153861 0.014278 0.987989 0.122972 0.019673 0.992215 0.079405 0.026006 0.996503 0.036245 0.026265 0.998998 0.020031 0.036423 0.999136 0.012694 0.056267 0.998335 0.004666 0.072485 0.997359 -0.042395 0.098635 0.994220 -0.100201 0.139748 0.985104 -0.156430 0.149744 0.976272 -0.213931 0.065304 0.974663 -0.267927 -0.068176 0.961024 -0.375500 -0.158882 0.913103 -0.425381 -0.161668 0.890458 -0.313010 -0.179360 0.932660 -0.179546 -0.362113 0.914679 -0.056189 0.109143 0.992437 -0.057136 0.129929 0.989876 -0.068888 0.129842 0.989139 -0.065105 0.129981 0.989377 -0.071827 0.150407 0.986011 -0.089842 0.177122 0.980080 -0.112909 0.186261 0.975991 -0.143733 0.201817 0.968819 -0.113325 0.178857 0.977327 -0.083788 0.140318 0.986555 -0.012374 0.088283 0.996019 0.019050 0.050243 0.998555 -0.010494 0.044559 0.998952 -0.047466 0.072046 0.996271 -0.078488 0.165381 0.983102 -0.015638 0.210740 0.977417 0.033717 0.198180 0.979586 0.074491 0.167734 0.983014 -0.015832 0.176018 0.984260 -0.037906 0.158649 0.986607 -0.036895 0.169710 0.984803 0.024448 0.146727 0.988875 0.065941 0.112572 0.991453 0.054113 0.094693 0.994035 0.017678 0.091151 0.995680 -0.117454 0.167967 0.978770 -0.173553 0.221377 0.959621 -0.175522 0.237928 0.955292 -0.181345 0.241480 0.953311 -0.278067 0.239243 0.930291 -0.477686 0.195998 0.856388 -0.518737 0.162975 0.839257 -0.459786 0.149765 0.875310 -0.357701 0.113786 0.926878 -0.109166 0.059478 0.992242 0.045888 0.041999 0.998063 0.412822 -0.204411 0.887578 0.600257 -0.280602 0.748968 0.508336 -0.120234 0.852724 0.564597 -0.086088 0.820865 0.627523 -0.081812 0.774288 0.602472 -0.046474 0.796786 0.639418 -0.052883 0.767038 0.618933 -0.080309 0.781327 0.476610 -0.027432 0.878687 0.432438 -0.048007 0.900385 0.415543 -0.102105 0.903824 0.383440 -0.110771 0.916899 0.280337 -0.070510 0.957308 0.216579 -0.041490 0.975383 0.271772 -0.067083 0.960021 0.302950 -0.076047 0.949968 0.260070 -0.077544 0.962471 0.227684 -0.080539 0.970399 0.233253 -0.113259 0.965798 0.155506 -0.077480 0.984792 0.160077 -0.031112 0.986614 0.139527 0.050436 0.988933 0.172385 0.105527 0.979361 0.122548 0.092773 0.988117 -0.121432 0.095870 0.987959 -0.279748 0.095148 0.955347 -0.307970 0.091825 0.946954 -0.306335 0.094473 0.947224 -0.284144 0.084916 0.955014 -0.266645 0.100607 0.958529 -0.241832 0.140452 0.960099 -0.188880 0.172165 0.966790 -0.130701 0.190642 0.972920 -0.065499 0.201157 0.977367 -0.029277 0.222230 0.974555 -0.035477 0.238313 0.970540 -0.060924 0.260492 0.963552 -0.039704 0.283694 0.958093 -0.015071 0.304090 0.952524 0.017385 0.322622 0.946368 0.044352 0.339770 0.939462 0.049141 0.345203 0.937241 0.086647 0.315457 0.944976 0.091353 0.279372 0.955827 0.073463 0.232655 0.969781 0.079250 0.158429 0.984185 0.044515 0.096887 0.994299 0.075577 0.047546 0.996006 0.129232 0.013697 0.991520 0.137360 -0.014385 0.990417 0.120343 -0.018416 0.992562 0.073161 -0.022990 0.997055 0.025423 -0.035664 0.999040 0.052809 -0.042545 0.997698 0.030678 -0.008142 0.999496 0.018287 -0.002239 0.999830 0.000603 0.015439 0.999881 -0.086077 0.034514 0.995691 -0.158040 -0.012075 0.987359 -0.313733 -0.042287 0.948569 -0.390862 -0.116773 0.913012 -0.440190 -0.157170 0.884042 -0.375425 -0.137910 0.916535 -0.222305 -0.027177 0.974598 -0.174403 0.037806 0.983948 -0.017759 -0.034413 0.999250 -0.045898 0.005886 0.998929 -0.056163 0.022398 0.998170 -0.065743 0.035217 0.997215 -0.054805 0.030160 0.998041 -0.075456 0.043736 0.996190 -0.098082 0.059853 0.993377 -0.120702 0.094372 0.988193 -0.127025 0.124671 0.984033 -0.116529 0.120778 0.985816 -0.078098 0.092604 0.992635 -0.024775 0.031894 0.999184 -0.018788 -0.003739 0.999817 -0.002624 -0.016529 0.999860 -0.005270 0.014772 0.999877 -0.000898 0.051854 0.998654 0.011567 0.064474 0.997852 0.067572 0.044426 0.996725 0.012635 0.057280 0.998278 -0.031268 0.094941 0.994992 -0.001585 0.138062 0.990422 0.000778 0.181464 0.983397 0.024429 0.147935 0.988695 0.026009 0.097926 0.994854 0.042689 0.078061 0.996034 -0.039418 0.128903 0.990874 -0.134857 0.191218 0.972239 -0.165959 0.226193 0.959841 -0.189778 0.234547 0.953400 -0.299990 0.209433 0.930669 -0.459012 0.188569 0.868188 -0.533672 0.220229 0.816513 -0.456224 0.182947 0.870856 -0.400942 0.191538 0.895856 -0.183908 0.137732 0.973246 0.006411 0.043794 0.999020 0.196122 0.012321 0.980502 0.594599 -0.129645 0.793501 0.622192 -0.117741 0.773960 0.563618 -0.035987 0.825252 0.622127 -0.065937 0.780135 0.625906 -0.065606 0.777134 0.633692 -0.035337 0.772778 0.608558 -0.089306 0.788468 0.510059 -0.137982 0.849000 0.391811 -0.109947 0.913452 0.389596 -0.116050 0.913645 0.398084 -0.120869 0.909351 0.300393 -0.120195 0.946212 0.281134 -0.089031 0.955530 0.234206 0.014217 0.972083 0.277255 -0.038444 0.960027 0.228053 -0.089956 0.969484 0.201319 -0.128343 0.971081 0.227630 -0.150220 0.962091 0.215837 -0.115635 0.969558 0.213269 -0.052869 0.975562 0.213326 0.006419 0.976960 0.169627 0.038033 0.984774 0.106788 -0.006442 0.994261 -0.087231 0.012938 0.996104 -0.259327 0.075453 0.962838 -0.301460 0.102742 0.947927 -0.302955 0.112773 0.946309 -0.287101 0.119094 0.950468 -0.257717 0.117597 0.959038 -0.212640 0.117208 0.970075 -0.150797 0.145557 0.977790 -0.098509 0.203796 0.974045 -0.065485 0.242389 0.967967 -0.015128 0.236973 0.971399 0.000384 0.255489 0.966812 -0.014898 0.302862 0.952918 -0.002996 0.348244 0.937399 0.001529 0.383241 0.923647 0.020077 0.385327 0.922562 0.033357 0.366253 0.929917 0.046580 0.339568 0.939427 0.048510 0.336046 0.940595 0.051989 0.301630 0.952007 0.000918 0.251989 0.967730 0.003668 0.181301 0.983421 0.007139 0.135258 0.990785 0.011687 0.101959 0.994720 0.087586 0.011822 0.996087 0.111956 -0.029447 0.993277 0.126642 -0.035832 0.991301 0.087751 -0.019056 0.995960 0.024258 0.021851 0.999467 0.030778 0.008370 0.999491 0.042368 -0.034448 0.998508 0.001039 -0.060039 0.998196 -0.020339 -0.132846 0.990928 -0.104753 -0.192664 0.975657 -0.241743 -0.234939 0.941469 -0.327574 -0.282174 0.901706 -0.368573 -0.237839 0.898658 -0.341276 -0.094683 0.935182 -0.275970 0.106027 0.955300 -0.108703 0.218859 0.969683 -0.083226 0.252565 0.963994 -0.000379 -0.070222 0.997531 -0.026106 -0.065792 0.997492 -0.045939 -0.055341 0.997410 -0.058552 -0.048050 0.997127 -0.063938 -0.045397 0.996921 -0.061023 -0.051885 0.996787 -0.072526 -0.035381 0.996739 -0.081328 -0.006474 0.996666 -0.102421 0.019617 0.994548 -0.116721 0.043384 0.992217 -0.095410 0.055106 0.993912 -0.060420 0.053811 0.996722 -0.039243 0.040145 0.998423 -0.024185 0.019765 0.999512 -0.006073 -0.007158 0.999956 0.014658 -0.031844 0.999385 0.031195 -0.023383 0.999240 0.053067 -0.001348 0.998590 0.035650 -0.000286 0.999364 0.000878 0.017650 0.999844 0.053509 0.034133 0.997984 0.041579 0.074286 0.996370 -0.013448 0.109023 0.993948 -0.018567 0.087563 0.995986 0.027551 0.045412 0.998588 0.031040 0.048045 0.998363 -0.067144 0.128222 0.989470 -0.130630 0.198186 0.971421 -0.163857 0.244005 0.955831 -0.346504 0.237116 0.907585 -0.452449 0.137173 0.881177 -0.509760 0.175360 0.842255 -0.495912 0.208624 0.842940 -0.400786 0.197226 0.894691 -0.266716 0.180326 0.946755 -0.087584 0.092711 0.991834 0.170664 -0.005007 0.985317 0.533174 -0.050346 0.844506 0.658662 -0.085251 0.747594 0.581343 -0.030497 0.813087 0.588585 -0.012960 0.808331 0.604450 -0.112080 0.788719 0.656692 -0.142745 0.740527 0.532681 -0.090554 0.841458 0.457969 -0.209635 0.863897 0.431224 -0.241522 0.869318 0.402374 -0.191403 0.895243 0.403178 -0.171064 0.898991 0.290721 -0.155516 0.944085 0.327007 -0.170989 0.929424 0.317873 -0.110684 0.941651 0.220647 -0.075106 0.972458 0.191408 -0.114338 0.974828 0.182185 -0.127535 0.974958 0.229433 -0.126475 0.965072 0.251550 -0.113739 0.961138 0.272922 -0.087982 0.958005 0.249939 -0.039362 0.967461 0.156407 -0.031380 0.987194 0.065771 -0.061451 0.995941 -0.030266 -0.058940 0.997803 -0.192096 0.010025 0.981325 -0.275985 0.073213 0.958369 -0.295301 0.099541 0.950205 -0.276175 0.108372 0.954978 -0.251391 0.137631 0.958050 -0.212963 0.156241 0.964487 -0.126058 0.161706 0.978755 -0.037490 0.182192 0.982548 -0.016067 0.241653 0.970230 -0.005553 0.299247 0.954159 0.028418 0.322756 0.946055 0.031273 0.348955 0.936617 0.031270 0.371504 0.927905 0.028668 0.377301 0.925647 0.022858 0.392637 0.919410 -0.005885 0.399425 0.916747 0.001141 0.351224 0.936291 0.036914 0.300268 0.953140 0.019580 0.283610 0.958740 -0.041881 0.283599 0.958028 -0.058817 0.259063 0.964068 -0.034920 0.191024 0.980964 -0.039256 0.131801 0.990499 -0.004305 0.071050 0.997463 0.095772 0.019433 0.995214 0.130811 0.020610 0.991193 0.121306 0.033186 0.992060 0.059859 0.061828 0.996290 -0.003071 0.069639 0.997567 -0.014739 0.019103 0.999709 -0.051878 -0.044294 0.997671 -0.137278 -0.097351 0.985737 -0.185888 -0.215997 0.958536 -0.258651 -0.252041 0.932510 -0.294288 -0.186219 0.937399 -0.256217 -0.052601 0.965187 -0.158598 0.099861 0.982280 -0.135299 0.230878 0.963530 -0.036441 0.290473 0.956189 -0.005850 0.322398 0.946586 -0.026100 -0.041578 0.998794 -0.020603 -0.057733 0.998119 -0.041058 -0.054375 0.997676 -0.053498 -0.051368 0.997246 -0.061829 -0.047249 0.996968 -0.058975 -0.039379 0.997482 -0.054235 -0.030744 0.998055 -0.067465 -0.020933 0.997502 -0.084144 -0.013100 0.996367 -0.094284 0.007923 0.995514 -0.080041 0.029350 0.996359 -0.059225 0.036573 0.997574 -0.052517 0.028681 0.998208 -0.038473 0.015033 0.999147 -0.026813 0.009539 0.999595 -0.002100 0.000066 0.999998 0.029384 -0.009621 0.999522 0.061331 -0.023788 0.997834 0.056968 -0.021617 0.998142 0.013402 0.014236 0.999809 0.034318 0.000616 0.999411 0.060533 -0.033958 0.997588 0.027776 -0.013821 0.999519 -0.019696 0.040340 0.998992 -0.004664 0.057681 0.998324 0.045542 0.032046 0.998448 0.027153 0.062602 0.997669 -0.070706 0.147864 0.986477 -0.127410 0.169907 0.977189 -0.345488 0.209396 0.914763 -0.494584 0.240078 0.835314 -0.479302 0.218102 0.850118 -0.466751 0.221276 0.856259 -0.404110 0.252943 0.879042 -0.330329 0.213119 0.919491 -0.169659 0.128657 0.977069 0.104919 0.099359 0.989505 0.473595 0.055019 0.879022 0.634008 -0.039850 0.772299 0.609601 -0.102548 0.786048 0.591986 -0.125248 0.796157 0.529981 -0.100973 0.841977 0.614158 -0.204821 0.762140 0.584681 -0.247344 0.772638 0.424149 -0.152764 0.892614 0.428223 -0.164844 0.888511 0.437026 -0.179470 0.881362 0.408196 -0.145646 0.901201 0.328147 -0.146310 0.933227 0.310352 -0.112627 0.943926 0.353697 -0.132849 0.925878 0.214997 -0.125788 0.968480 0.192622 -0.108762 0.975227 0.178140 -0.092084 0.979687 0.232435 -0.110296 0.966338 0.258456 -0.115053 0.959147 0.284124 -0.120423 0.951195 0.266476 -0.121745 0.956122 0.162390 -0.111783 0.980374 0.046365 -0.096124 0.994289 0.002938 -0.098604 0.995122 -0.119766 -0.047330 0.991673 -0.228152 0.023275 0.973347 -0.274125 0.067782 0.959302 -0.265276 0.093359 0.959642 -0.214744 0.111638 0.970269 -0.178908 0.160069 0.970757 -0.104066 0.214926 0.971070 -0.016781 0.251365 0.967747 0.037384 0.269531 0.962266 0.055778 0.306915 0.950101 0.055218 0.349742 0.935218 0.050258 0.357469 0.932572 0.032324 0.355792 0.934006 0.017711 0.346727 0.937799 0.029920 0.331171 0.943096 0.015247 0.342097 0.939541 -0.055912 0.366153 0.928873 -0.008666 0.337157 0.941409 0.025099 0.336332 0.941409 -0.053813 0.332829 0.941451 -0.066246 0.291399 0.954305 -0.135196 0.273037 0.952456 -0.107216 0.169457 0.979688 -0.036575 0.134848 0.990191 0.075199 0.131095 0.988514 0.135553 0.113412 0.984258 0.130296 0.105702 0.985825 0.065456 0.105092 0.992306 -0.012962 0.099300 0.994973 -0.061395 0.099592 0.993132 -0.106419 0.073256 0.991619 -0.178344 0.019032 0.983784 -0.245085 0.020998 0.969274 -0.221921 0.065821 0.972841 -0.180064 0.160615 0.970454 -0.111485 0.268946 0.956681 -0.066100 0.337832 0.938883 -0.086361 0.361430 0.928391 -0.054998 0.328019 0.943069 0.063556 0.291135 0.954569 -0.038661 -0.022623 0.998996 -0.030837 -0.023962 0.999237 -0.036924 -0.022214 0.999071 -0.048889 -0.016928 0.998661 -0.055480 -0.007566 0.998431 -0.048889 -0.001901 0.998802 -0.050205 0.002167 0.998737 -0.060788 0.002438 0.998148 -0.074985 0.007182 0.997159 -0.071331 0.015775 0.997328 -0.070956 0.026465 0.997128 -0.071700 0.017438 0.997274 -0.070288 -0.004343 0.997517 -0.047229 -0.017168 0.998737 -0.017494 -0.008538 0.999811 -0.000330 0.012965 0.999916 0.024729 0.020597 0.999482 0.044567 0.013373 0.998917 0.053446 -0.007013 0.998546 0.038546 -0.015034 0.999144 0.014226 -0.000842 0.999898 0.034972 -0.012761 0.999307 0.053948 -0.030662 0.998073 0.037405 -0.003431 0.999294 0.017688 0.050905 0.998547 0.035133 0.078522 0.996293 0.066986 0.081994 0.994379 -0.012735 0.108580 0.994006 -0.182475 0.092900 0.978812 -0.260804 0.024955 0.965069 -0.437691 0.138865 0.888337 -0.453214 0.245958 0.856797 -0.469191 0.290856 0.833824 -0.420594 0.271518 0.865666 -0.363895 0.276980 0.889304 -0.264303 0.256762 0.929633 0.076235 0.135846 0.987793 0.453840 0.060975 0.888995 0.588114 0.020012 0.808530 0.556582 -0.032928 0.830140 0.557311 -0.099994 0.824261 0.535818 -0.158202 0.829380 0.544961 -0.171459 0.820743 0.591117 -0.250158 0.766813 0.465188 -0.279790 0.839832 0.450235 -0.222533 0.864736 0.438805 -0.145361 0.886747 0.425560 -0.155695 0.891436 0.342162 -0.157410 0.926362 0.300401 -0.152963 0.941468 0.346725 -0.181216 0.920295 0.253299 -0.138198 0.957466 0.221165 -0.095549 0.970544 0.187277 -0.061592 0.980374 0.200190 -0.068698 0.977346 0.247429 -0.098077 0.963929 0.259840 -0.119163 0.958271 0.260949 -0.153198 0.953119 0.188330 -0.158642 0.969208 0.063672 -0.122920 0.990372 0.003563 -0.118872 0.992903 -0.044305 -0.095069 0.994484 -0.161136 -0.004013 0.986924 -0.234675 0.059436 0.970255 -0.243416 0.098144 0.964944 -0.193732 0.122051 0.973433 -0.112316 0.165751 0.979751 -0.035208 0.253697 0.966643 0.023705 0.315947 0.948481 0.044549 0.331449 0.942421 0.072862 0.310952 0.947629 0.069793 0.296158 0.952586 0.042720 0.291110 0.955735 0.019015 0.283870 0.958674 0.018392 0.277167 0.960646 0.034005 0.306426 0.951287 0.052726 0.341184 0.938517 -0.068005 0.360856 0.930139 0.044780 0.364440 0.930150 0.028618 0.438653 0.898201 -0.041257 0.448759 0.892700 -0.180051 0.421594 0.888729 -0.172199 0.281595 0.943955 -0.172510 0.250840 0.952533 -0.030128 0.235651 0.971371 0.056936 0.237178 0.969796 0.122338 0.212307 0.969515 0.104886 0.206640 0.972779 0.055505 0.182407 0.981655 -0.009943 0.175039 0.984511 -0.042953 0.187609 0.981304 -0.125134 0.198608 0.972058 -0.191201 0.202958 0.960339 -0.183361 0.243335 0.952453 -0.123802 0.321518 0.938775 -0.081801 0.392216 0.916229 -0.067030 0.424689 0.902854 -0.061600 0.410429 0.909809 -0.082751 0.384371 0.919463 -0.138223 0.370826 0.918359 -0.081789 0.305679 0.948615 0.005343 0.042632 0.999077 -0.023667 0.048678 0.998534 -0.029701 0.055618 0.998010 -0.041423 0.058175 0.997447 -0.049125 0.060555 0.996955 -0.050712 0.054645 0.997217 -0.055893 0.044500 0.997445 -0.060402 0.034303 0.997585 -0.072900 0.034690 0.996736 -0.071674 0.029120 0.997003 -0.075313 0.019870 0.996962 -0.091815 0.007521 0.995748 -0.090897 -0.015122 0.995745 -0.049939 -0.030464 0.998288 0.007704 -0.024136 0.999679 0.026389 0.008051 0.999619 0.027476 0.028295 0.999222 0.032470 0.022997 0.999208 0.034767 0.011159 0.999333 0.032328 -0.001796 0.999476 0.024401 -0.005542 0.999687 0.025289 -0.000859 0.999680 0.042182 -0.009142 0.999068 0.056370 -0.025758 0.998078 0.064176 -0.018118 0.997774 0.071423 0.031362 0.996953 0.080277 0.081532 0.993432 -0.002089 0.097657 0.995218 -0.225329 0.115027 0.967469 -0.277778 0.091101 0.956316 -0.321531 0.170710 0.931384 -0.419148 0.225142 0.879560 -0.407570 0.242529 0.880378 -0.457602 0.300217 0.836941 -0.339938 0.227337 0.912557 -0.272776 0.288577 0.917778 -0.098792 0.272662 0.957024 0.354017 0.066399 0.932879 0.530665 -0.092987 0.842466 0.541265 -0.167739 0.823951 0.535741 -0.160234 0.829040 0.534134 -0.141066 0.833547 0.491328 -0.144403 0.858921 0.498174 -0.293443 0.815913 0.483218 -0.355258 0.800182 0.483436 -0.316333 0.816225 0.509379 -0.240184 0.826345 0.411114 -0.159259 0.897564 0.326735 -0.197870 0.924171 0.274397 -0.224957 0.934933 0.357189 -0.233933 0.904263 0.310384 -0.174661 0.934428 0.258815 -0.133634 0.956638 0.215655 -0.098597 0.971479 0.184101 -0.079919 0.979653 0.221622 -0.104430 0.969525 0.233390 -0.134837 0.962989 0.225330 -0.172282 0.958929 0.193406 -0.200002 0.960517 0.107329 -0.178793 0.978015 0.010399 -0.125288 0.992066 -0.008508 -0.111502 0.993728 -0.065468 -0.071988 0.995255 -0.171894 0.022759 0.984852 -0.210018 0.092330 0.973328 -0.163293 0.134051 0.977428 -0.032669 0.194548 0.980349 0.058479 0.283558 0.957170 0.051056 0.327608 0.943433 0.020148 0.302878 0.952816 0.023869 0.253537 0.967031 0.037885 0.202246 0.978602 0.043765 0.177133 0.983213 0.033736 0.205886 0.977994 0.043151 0.252413 0.966657 0.084877 0.295453 0.951579 0.113991 0.336510 0.934755 -0.025556 0.429376 0.902764 0.038674 0.437974 0.898156 0.074396 0.420390 0.904288 -0.037439 0.385513 0.921943 -0.217359 0.398224 0.891163 -0.272870 0.386341 0.881069 -0.197746 0.345104 0.917496 -0.034234 0.324602 0.945231 0.097589 0.364991 0.925882 0.052076 0.402480 0.913946 0.090600 0.313129 0.945379 0.041905 0.294710 0.954668 -0.011828 0.294781 0.955492 -0.043079 0.282314 0.958354 -0.108113 0.279642 0.953998 -0.136290 0.318126 0.938201 -0.107699 0.382673 0.917585 -0.071028 0.416183 0.906503 -0.070279 0.401815 0.913020 -0.077943 0.362367 0.928771 -0.100973 0.328766 0.938998 -0.110700 0.300573 0.947313 -0.148010 0.310244 0.939064 -0.188750 0.326619 0.926117 0.041296 0.060552 0.997310 0.011782 0.082857 0.996492 -0.026434 0.113448 0.993192 -0.042714 0.118690 0.992012 -0.055800 0.115382 0.991753 -0.066135 0.103478 0.992431 -0.069848 0.086955 0.993761 -0.070521 0.071613 0.994936 -0.076312 0.061756 0.995170 -0.083334 0.052925 0.995115 -0.085916 0.040982 0.995459 -0.104320 0.030178 0.994086 -0.111710 0.017914 0.993579 -0.066304 -0.004656 0.997789 0.013664 -0.027087 0.999540 0.058044 -0.021495 0.998083 0.038244 0.004980 0.999256 0.023026 0.011744 0.999666 0.025729 0.003809 0.999662 0.025559 -0.000624 0.999673 0.024252 -0.004086 0.999698 0.029357 -0.002264 0.999566 0.033960 0.007559 0.999395 0.042195 0.011315 0.999045 0.064745 0.000393 0.997902 0.109436 -0.016595 0.993855 0.139117 0.010886 0.990216 0.039225 0.097644 0.994448 -0.155119 0.183306 0.970740 -0.259790 0.263541 0.929008 -0.195438 0.278406 0.940369 -0.374385 0.366770 0.851654 -0.423228 0.337460 0.840832 -0.413079 0.314952 0.854500 -0.375652 0.403350 0.834383 -0.220776 0.420322 0.880106 -0.160844 0.418471 0.893874 0.162955 0.336144 0.927606 0.395015 0.161604 0.904349 0.507015 -0.007604 0.861904 0.518082 -0.067483 0.852665 0.547778 -0.156964 0.821767 0.480592 -0.152234 0.863630 0.391291 -0.159834 0.906281 0.487803 -0.249532 0.836530 0.546962 -0.207146 0.811125 0.547486 -0.184594 0.816201 0.462157 -0.205813 0.862584 0.304585 -0.161179 0.938749 0.252445 -0.178131 0.951074 0.364538 -0.202339 0.908940 0.367795 -0.183468 0.911628 0.276150 -0.165375 0.946780 0.237893 -0.162564 0.957591 0.191947 -0.149535 0.969946 0.188087 -0.147644 0.970991 0.199982 -0.174981 0.964048 0.192879 -0.196926 0.961258 0.174275 -0.217983 0.960266 0.143342 -0.233600 0.961709 0.079433 -0.194569 0.977667 0.012185 -0.122083 0.992445 -0.021604 -0.090032 0.995705 -0.084810 -0.043903 0.995429 -0.143835 0.036929 0.988912 -0.110720 0.103608 0.988436 0.039922 0.156173 0.986923 0.116552 0.191865 0.974476 0.046245 0.188735 0.980939 -0.032190 0.164165 0.985908 -0.019204 0.141784 0.989711 0.009541 0.140050 0.990098 0.045847 0.143477 0.988591 0.097102 0.173586 0.980020 0.119953 0.251855 0.960302 0.130219 0.324100 0.937018 0.139549 0.347719 0.927156 0.102398 0.356628 0.928618 0.009855 0.450655 0.892644 0.039528 0.413264 0.909753 -0.137377 0.372372 0.917860 -0.168897 0.312371 0.934825 -0.247203 0.364222 0.897905 -0.157725 0.462946 0.872240 -0.049075 0.518816 0.853476 0.151437 0.493710 0.856339 0.068159 0.535212 0.841963 -0.072728 0.489892 0.868744 0.023437 0.340766 0.939856 -0.013292 0.336737 0.941505 -0.059478 0.333924 0.940721 -0.079012 0.337861 0.937874 -0.081053 0.372939 0.924309 -0.072834 0.389997 0.917931 -0.096937 0.365240 0.925852 -0.123539 0.316487 0.940518 -0.140160 0.279752 0.949786 -0.141869 0.246728 0.958644 -0.120410 0.235441 0.964401 -0.101988 0.249314 0.963037 -0.134263 0.279541 0.950700 0.021436 0.137457 0.990276 0.022306 0.103096 0.994421 -0.002496 0.097462 0.995236 -0.038402 0.111587 0.993012 -0.059411 0.109917 0.992164 -0.075243 0.106225 0.991491 -0.081513 0.100918 0.991550 -0.081248 0.096610 0.992001 -0.083848 0.092980 0.992131 -0.092823 0.087247 0.991853 -0.096854 0.076515 0.992353 -0.113112 0.066333 0.991365 -0.125461 0.056249 0.990503 -0.095874 0.035967 0.994743 -0.020265 -0.006051 0.999776 0.063840 -0.045044 0.996943 0.067370 -0.030940 0.997248 0.029599 0.000594 0.999562 0.022902 0.010419 0.999683 0.022966 0.011194 0.999674 0.019597 0.007501 0.999780 0.035794 0.004584 0.999349 0.049854 0.013415 0.998666 0.059196 0.031038 0.997764 0.066363 0.061066 0.995925 0.079850 0.069895 0.994353 0.154000 0.032405 0.987539 0.130134 0.032747 0.990956 -0.013575 0.132741 0.991058 -0.224244 0.248591 0.942294 -0.213090 0.223403 0.951148 -0.259325 0.249769 0.932934 -0.478777 0.346102 0.806837 -0.395591 0.294354 0.869979 -0.294681 0.321613 0.899849 -0.156855 0.425395 0.891311 -0.138115 0.523638 0.840671 0.035973 0.558998 0.828388 0.247709 0.484195 0.839164 0.349040 0.382794 0.855359 0.448322 0.239949 0.861064 0.433135 0.117102 0.893690 0.519318 0.001337 0.854580 0.395499 0.062417 0.916343 0.458571 0.056904 0.886834 0.566992 -0.025969 0.823314 0.521053 -0.098668 0.847802 0.428125 -0.193546 0.882751 0.376544 -0.215889 0.900892 0.252059 -0.098747 0.962661 0.329306 -0.109338 0.937872 0.377471 -0.160486 0.912009 0.273470 -0.167713 0.947146 0.229966 -0.179470 0.956507 0.194295 -0.196591 0.961042 0.186512 -0.197183 0.962461 0.186337 -0.190644 0.963812 0.187072 -0.191994 0.963401 0.163443 -0.191416 0.967805 0.132899 -0.198676 0.971013 0.115446 -0.207873 0.971319 0.079269 -0.181966 0.980104 0.021405 -0.123045 0.992170 -0.023022 -0.063886 0.997692 -0.066990 0.010289 0.997701 -0.057679 0.080954 0.995048 0.050235 0.095312 0.994179 0.101940 0.055835 0.993222 0.025797 0.025608 0.999339 -0.033863 0.035983 0.998779 0.003548 0.069408 0.997582 0.047217 0.116372 0.992083 0.073162 0.167895 0.983086 0.146859 0.202632 0.968180 0.186444 0.239795 0.952752 0.202996 0.288414 0.935740 0.148249 0.350364 0.924807 0.107354 0.357169 0.927850 0.060249 0.354407 0.933148 -0.000211 0.343093 0.939302 -0.129105 0.367350 0.921079 -0.190622 0.378625 0.905707 -0.158738 0.402541 0.901534 -0.056523 0.453205 0.889612 0.017888 0.504146 0.863433 0.090849 0.514452 0.852693 0.114391 0.463280 0.878798 -0.154196 0.522971 0.838287 -0.169216 0.457991 0.872703 0.014367 0.316711 0.948413 -0.055017 0.362416 0.930391 -0.063782 0.357730 0.931644 -0.067044 0.350964 0.933986 -0.095503 0.332331 0.938315 -0.142651 0.314927 0.938335 -0.161324 0.301344 0.939769 -0.141975 0.302360 0.942561 -0.137821 0.320608 0.937132 -0.110454 0.326200 0.938825 -0.087413 0.327582 0.940770 -0.100821 0.316725 0.943144 0.013573 0.090654 0.995790 0.000601 0.109217 0.994018 -0.018418 0.091325 0.995651 -0.037305 0.071110 0.996771 -0.063883 0.070959 0.995431 -0.078312 0.070367 0.994442 -0.083580 0.070705 0.993989 -0.078475 0.073095 0.994233 -0.080561 0.080049 0.993530 -0.097829 0.083748 0.991673 -0.109431 0.075417 0.991129 -0.120745 0.063773 0.990633 -0.134469 0.060669 0.989059 -0.121313 0.052498 0.991225 -0.070681 0.024558 0.997197 0.025085 -0.028205 0.999287 0.089793 -0.060756 0.994106 0.064312 -0.034241 0.997342 0.035128 0.000431 0.999383 0.025686 0.015281 0.999553 0.013885 0.017278 0.999754 0.035571 0.010404 0.999313 0.059264 0.013950 0.998145 0.071666 0.020822 0.997211 0.107664 0.038041 0.993459 0.102956 0.097636 0.989882 0.115461 0.121702 0.985828 0.154578 0.117676 0.980947 0.059845 0.154459 0.986185 -0.177717 0.184980 0.966540 -0.258069 0.175475 0.950057 -0.212087 0.133082 0.968147 -0.400985 0.168918 0.900376 -0.413820 0.284826 0.864655 -0.316499 0.347541 0.882634 -0.109929 0.262964 0.958523 0.050186 0.339979 0.939093 0.097263 0.504441 0.857951 0.197626 0.515579 0.833740 0.214073 0.483045 0.849023 0.347555 0.363658 0.864267 0.285170 0.328660 0.900367 0.471773 0.156579 0.867706 0.438768 0.129744 0.889184 0.408560 0.117385 0.905152 0.478128 0.038172 0.877460 0.441190 -0.075496 0.894233 0.337358 -0.183127 0.923393 0.410133 -0.251262 0.876732 0.387998 -0.167397 0.906331 0.292245 -0.039791 0.955515 0.341636 -0.095414 0.934976 0.287078 -0.109922 0.951579 0.245349 -0.072444 0.966724 0.145767 -0.070588 0.986797 0.184320 -0.159754 0.969796 0.191095 -0.172890 0.966225 0.190378 -0.171234 0.966662 0.165465 -0.168992 0.971629 0.133549 -0.166259 0.976997 0.116551 -0.156115 0.980838 0.102404 -0.152054 0.983053 0.071359 -0.136961 0.988003 0.041940 -0.092312 0.994846 0.011054 -0.031555 0.999441 0.000656 0.029948 0.999551 0.016405 0.060804 0.998015 0.053817 0.015047 0.998437 0.040915 0.010714 0.999105 0.013248 0.073221 0.997228 0.045466 0.123184 0.991342 0.092051 0.157583 0.983206 0.115766 0.190036 0.974928 0.178179 0.214923 0.960240 0.205092 0.238627 0.949207 0.240190 0.227332 0.943731 0.216801 0.258685 0.941318 0.117006 0.318393 0.940710 0.052422 0.335541 0.940566 -0.013349 0.335487 0.941950 -0.086036 0.333721 0.938738 -0.137641 0.391319 0.909904 -0.114551 0.458755 0.881148 -0.038192 0.479644 0.876632 0.022254 0.465032 0.885014 0.041964 0.434715 0.899590 0.070018 0.363290 0.929041 -0.025098 0.344066 0.938610 -0.229401 0.457866 0.858914 -0.103826 0.443519 0.890231 -0.000243 0.378296 0.925685 -0.085646 0.402011 0.911620 -0.097981 0.380025 0.919772 -0.113656 0.358391 0.926627 -0.125383 0.361502 0.923902 -0.145226 0.380701 0.913223 -0.109985 0.394137 0.912447 -0.120866 0.413278 0.902548 -0.119994 0.408784 0.904709 -0.092023 0.393787 0.914584 -0.094118 0.382788 0.919029 0.004812 0.035754 0.999349 -0.000724 0.033889 0.999425 -0.029444 0.034232 0.998980 -0.048285 0.030336 0.998373 -0.064546 0.020879 0.997696 -0.074713 0.019049 0.997023 -0.080844 0.023537 0.996449 -0.079196 0.022141 0.996613 -0.075926 0.015611 0.996991 -0.096927 0.018312 0.995123 -0.116131 0.022209 0.992986 -0.128107 0.022103 0.991514 -0.131752 0.021787 0.991043 -0.125712 0.029945 0.991615 -0.094191 0.030252 0.995094 -0.024147 0.010945 0.999649 0.068674 -0.026817 0.997279 0.093998 -0.034985 0.994957 0.062089 -0.010300 0.998017 0.038118 0.006531 0.999252 0.017276 0.018030 0.999688 0.027352 0.021329 0.999398 0.062563 0.011553 0.997974 0.079860 0.015319 0.996688 0.124202 0.016794 0.992115 0.168505 0.027456 0.985318 0.145374 0.100700 0.984239 0.177610 0.125662 0.976045 0.130368 0.192575 0.972584 -0.184842 0.251999 0.949911 -0.271327 0.209676 0.939371 -0.238035 0.236345 0.942062 -0.338178 0.259379 0.904631 -0.280551 0.358841 0.890238 -0.228870 0.496987 0.837032 -0.154963 0.562652 0.812040 0.082779 0.525110 0.846999 0.212362 0.483361 0.849273 0.192441 0.523222 0.830184 0.139269 0.523514 0.840558 0.230547 0.409307 0.882789 0.254036 0.298817 0.919877 0.303077 0.185198 0.934797 0.426546 0.008241 0.904428 0.334421 -0.034048 0.941808 0.410237 -0.159450 0.897932 0.403237 -0.200620 0.892833 0.300958 -0.160805 0.939982 0.358353 -0.175757 0.916893 0.491262 -0.189353 0.850180 0.375909 -0.062063 0.924576 0.294610 0.001576 0.955616 0.295835 -0.037634 0.954497 0.364479 0.036552 0.930494 0.130700 0.254941 0.958083 0.039590 0.191035 0.980785 0.139850 -0.007857 0.990142 0.183335 -0.105043 0.977422 0.168362 -0.120322 0.978354 0.144610 -0.116694 0.982584 0.134096 -0.100789 0.985829 0.114651 -0.077322 0.990392 0.097081 -0.051992 0.993918 0.084578 -0.019416 0.996228 0.050110 0.012126 0.998670 0.032246 0.023764 0.999197 0.037118 0.047088 0.998201 0.049682 0.089940 0.994707 0.087841 0.137226 0.986637 0.077766 0.192587 0.978194 0.072736 0.223854 0.971905 0.111509 0.226846 0.967526 0.132327 0.232808 0.963478 0.185598 0.230843 0.955126 0.223978 0.227536 0.947661 0.221652 0.244548 0.943963 0.249588 0.232205 0.940099 0.164348 0.263948 0.950432 0.078582 0.303156 0.949695 0.009772 0.337491 0.941278 -0.061942 0.380575 0.922673 -0.061661 0.407176 0.911266 -0.050852 0.449796 0.891682 -0.033915 0.477621 0.877911 -0.004380 0.473260 0.880912 0.004862 0.459969 0.887922 -0.016417 0.429850 0.902751 -0.057667 0.365722 0.928936 -0.095799 0.342494 0.934623 -0.128218 0.453045 0.882219 -0.038876 0.457884 0.888161 -0.085431 0.425619 0.900861 -0.104836 0.419602 0.901634 -0.107220 0.423645 0.899460 -0.107693 0.431844 0.895496 -0.128923 0.441407 0.887997 -0.116244 0.437149 0.891845 -0.108635 0.425904 0.898223 -0.134669 0.426920 0.894205 -0.099351 0.419216 0.902434 -0.087481 0.417977 0.904236 0.019140 -0.030531 0.999351 -0.010465 -0.009496 0.999900 -0.027919 -0.018276 0.999443 -0.049277 -0.014248 0.998684 -0.073291 -0.010781 0.997252 -0.080355 -0.023387 0.996492 -0.076762 -0.028419 0.996644 -0.086351 -0.024301 0.995968 -0.087647 -0.035176 0.995530 -0.095045 -0.047117 0.994357 -0.107994 -0.045097 0.993128 -0.121578 -0.033331 0.992022 -0.124664 -0.021551 0.991965 -0.111293 -0.006427 0.993767 -0.090714 0.012387 0.995800 -0.039324 0.019227 0.999042 0.046317 0.011469 0.998861 0.095881 0.001271 0.995392 0.081153 0.002773 0.996698 0.044427 0.013474 0.998922 0.029289 0.018550 0.999399 0.027448 0.030315 0.999163 0.053053 0.027681 0.998208 0.090267 0.025861 0.995582 0.106491 0.031061 0.993828 0.168135 -0.005699 0.985748 0.216258 -0.012834 0.976252 0.221351 0.079554 0.971944 0.200638 0.133493 0.970528 -0.073799 0.253089 0.964624 -0.346312 0.318992 0.882220 -0.164079 0.218054 0.962045 -0.263045 0.289605 0.920291 -0.169093 0.347961 0.922134 -0.078246 0.424176 0.902193 -0.105409 0.511983 0.852504 0.052201 0.573161 0.817778 0.100324 0.557797 0.823892 0.203279 0.431618 0.878853 0.136844 0.417845 0.898153 0.049619 0.399270 0.915490 0.114778 0.232369 0.965832 0.128446 0.095306 0.987126 0.292729 -0.112497 0.949555 0.309150 -0.210494 0.927426 0.275920 -0.238216 0.931193 0.405559 -0.313626 0.858580 0.315168 -0.312611 0.896071 0.392430 -0.275280 0.877622 0.481420 -0.191241 0.855372 0.511519 -0.155051 0.845167 0.316111 -0.001761 0.948721 0.254205 -0.007359 0.967122 0.500840 -0.014855 0.865413 0.345985 0.211538 0.914082 -0.035204 0.400720 0.915524 -0.032730 0.397669 0.916945 0.044071 0.281935 0.958421 0.123193 0.115239 0.985669 0.146992 0.037390 0.988431 0.126451 0.009788 0.991925 0.162082 -0.006160 0.986758 0.124694 0.054463 0.990699 0.117621 0.073783 0.990314 0.070726 0.098784 0.992592 0.028511 0.110584 0.993458 0.078818 0.116177 0.990096 0.124080 0.183671 0.975125 0.140171 0.263106 0.954530 0.111953 0.297238 0.948217 0.072877 0.310828 0.947668 0.100290 0.304010 0.947375 0.128377 0.297150 0.946162 0.169322 0.288204 0.942480 0.218413 0.265739 0.938977 0.231102 0.257109 0.938342 0.242069 0.250562 0.937348 0.203266 0.259287 0.944168 0.115847 0.305607 0.945084 0.056992 0.351579 0.934422 -0.003821 0.395516 0.918451 -0.036430 0.433526 0.900404 -0.025794 0.445151 0.895084 -0.027931 0.451046 0.892063 -0.002613 0.456458 0.889741 -0.016370 0.455431 0.890120 -0.063039 0.420343 0.905173 -0.129097 0.365179 0.921943 -0.048953 0.346664 0.936711 -0.032158 0.423689 0.905237 -0.054133 0.456707 0.887969 -0.097546 0.459326 0.882895 -0.115922 0.442484 0.889252 -0.108562 0.428671 0.896914 -0.101675 0.424173 0.899855 -0.117189 0.428285 0.896012 -0.133065 0.435629 0.890237 -0.111444 0.424890 0.898359 -0.134080 0.430827 0.892418 -0.107194 0.427674 0.897555 -0.084684 0.423175 0.902082 0.028445 -0.066027 0.997412 -0.001728 -0.064422 0.997921 -0.029995 -0.058068 0.997862 -0.044930 -0.055484 0.997448 -0.070939 -0.056025 0.995906 -0.089410 -0.051416 0.994667 -0.077871 -0.054124 0.995493 -0.083158 -0.053511 0.995099 -0.099193 -0.054266 0.993587 -0.102834 -0.064216 0.992624 -0.106164 -0.069285 0.991932 -0.107525 -0.065029 0.992073 -0.106486 -0.044225 0.993330 -0.089655 -0.018310 0.995805 -0.069792 0.006936 0.997537 -0.029563 0.029240 0.999135 0.039954 0.036912 0.998519 0.085569 0.027320 0.995958 0.081925 0.014231 0.996537 0.052128 0.014570 0.998534 0.037092 0.021306 0.999085 0.036534 0.031209 0.998845 0.046665 0.033578 0.998346 0.089339 0.019300 0.995814 0.110498 0.022092 0.993631 0.127565 0.024645 0.991524 0.195661 -0.021563 0.980434 0.296355 -0.080663 0.951666 0.252856 -0.024361 0.967197 0.130647 0.052999 0.990011 -0.289666 0.305783 0.906968 -0.240710 0.368322 0.897996 -0.229806 0.342060 0.911145 -0.152226 0.352727 0.923261 0.010960 0.404230 0.914592 -0.077004 0.475923 0.876109 0.099929 0.385565 0.917253 0.077726 0.363792 0.928232 0.056440 0.307605 0.949839 0.105663 0.165409 0.980548 0.019437 0.133913 0.990802 -0.022274 0.105334 0.994187 0.034075 0.023784 0.999136 0.106986 -0.068748 0.991881 0.245941 -0.215453 0.945036 0.251163 -0.267344 0.930293 0.381391 -0.270295 0.884014 0.320342 -0.250801 0.913499 0.353271 -0.340927 0.871188 0.521866 -0.351274 0.777343 0.570434 -0.246773 0.783395 0.437712 -0.114395 0.891809 0.333441 0.101079 0.937337 0.445586 0.198817 0.872883 0.519785 0.080007 0.850543 0.127752 0.254681 0.958549 0.015924 0.381925 0.924056 -0.013199 0.458099 0.888803 -0.032526 0.450736 0.892065 0.052699 0.356819 0.932686 0.106113 0.328123 0.938656 0.129317 0.328171 0.935725 0.139498 0.278973 0.950113 0.107205 0.236962 0.965586 0.071345 0.200976 0.976995 0.061020 0.208730 0.976068 0.085010 0.247659 0.965110 0.207003 0.254344 0.944701 0.183959 0.317279 0.930319 0.129707 0.333979 0.933614 0.076946 0.352121 0.932786 0.094729 0.352779 0.930899 0.125868 0.350548 0.928048 0.155128 0.347722 0.924676 0.193252 0.332379 0.923135 0.211315 0.313395 0.925813 0.213743 0.284608 0.934512 0.220385 0.256186 0.941169 0.179816 0.294366 0.938624 0.108750 0.357251 0.927656 0.038850 0.395717 0.917550 -0.006867 0.424855 0.905235 -0.016078 0.443990 0.895887 -0.023231 0.447371 0.894047 -0.015688 0.424201 0.905432 -0.022258 0.402587 0.915111 -0.107171 0.408224 0.906569 -0.137370 0.432412 0.891151 -0.065853 0.445650 0.892782 0.055585 0.416384 0.907488 -0.041507 0.447672 0.893234 -0.100111 0.443030 0.890899 -0.131330 0.445890 0.885401 -0.129347 0.437213 0.890008 -0.108135 0.418991 0.901528 -0.110550 0.415745 0.902737 -0.131359 0.418570 0.898634 -0.115056 0.416583 0.901788 -0.120673 0.425471 0.896890 -0.113297 0.434100 0.893712 -0.092246 0.434514 0.895928 0.002747 -0.030026 0.999545 -0.009926 -0.053499 0.998519 -0.030604 -0.072187 0.996921 -0.044442 -0.077539 0.995998 -0.069263 -0.076420 0.994667 -0.082930 -0.069261 0.994146 -0.079536 -0.065467 0.994680 -0.082551 -0.070794 0.994069 -0.100638 -0.069765 0.992474 -0.108654 -0.066512 0.991852 -0.105236 -0.062792 0.992463 -0.096129 -0.054137 0.993896 -0.079352 -0.035865 0.996201 -0.062355 -0.008417 0.998019 -0.042368 0.018386 0.998933 -0.007961 0.045093 0.998951 0.038766 0.060920 0.997390 0.067444 0.048873 0.996525 0.068362 0.027238 0.997289 0.057066 0.020259 0.998165 0.042101 0.026675 0.998757 0.044858 0.030054 0.998541 0.044687 0.034390 0.998409 0.060992 0.024465 0.997838 0.112078 -0.014729 0.993590 0.132347 -0.015684 0.991079 0.153053 -0.004967 0.988206 0.210445 -0.048329 0.976410 0.275603 -0.147934 0.949820 0.219469 -0.137397 0.965896 0.014868 0.004651 0.999879 -0.194258 0.262744 0.945108 -0.160156 0.379182 0.911357 -0.151116 0.442682 0.883853 0.091150 0.410126 0.907463 -0.017533 0.445653 0.895034 -0.087059 0.452981 0.887259 -0.004552 0.318621 0.947871 -0.058881 0.219206 0.973900 -0.000663 0.126448 0.991973 0.018756 0.051895 0.998476 -0.042908 0.070234 0.996607 -0.031035 0.064957 0.997405 0.018218 0.006328 0.999814 0.112954 -0.096156 0.988936 0.233150 -0.205286 0.950525 0.347901 -0.231804 0.908423 0.389468 -0.254233 0.885257 0.269801 -0.114934 0.956032 0.517938 -0.157271 0.840837 0.611847 -0.219079 0.760031 0.606372 -0.143184 0.782183 0.517870 0.040130 0.854517 0.474235 0.194442 0.858658 0.436573 0.164544 0.884494 0.265121 0.160759 0.950719 0.114256 0.280411 0.953056 0.063682 0.341721 0.937641 -0.005579 0.408232 0.912861 -0.005246 0.450582 0.892720 0.135130 0.415391 0.899550 0.128280 0.453339 0.882059 0.089445 0.476858 0.874417 0.035158 0.482070 0.875427 0.030702 0.469775 0.882252 0.051508 0.435602 0.898665 0.097448 0.407953 0.907788 0.190805 0.374775 0.907269 0.218740 0.355125 0.908867 0.132686 0.377438 0.916480 0.092982 0.388959 0.916551 0.088836 0.395587 0.914122 0.116103 0.383611 0.916167 0.143631 0.365806 0.919541 0.174296 0.345017 0.922271 0.193523 0.327241 0.924912 0.180467 0.317966 0.930768 0.207438 0.300540 0.930938 0.219324 0.304042 0.927068 0.159600 0.329900 0.930427 0.075100 0.366401 0.927421 0.029907 0.401818 0.915231 0.018507 0.440597 0.897514 -0.031254 0.471648 0.881233 -0.054325 0.473877 0.878914 -0.041271 0.459600 0.887167 -0.064841 0.467224 0.881758 -0.060220 0.486323 0.871701 -0.064052 0.525854 0.848160 -0.011701 0.490875 0.871151 -0.047308 0.430897 0.901160 -0.105275 0.418802 0.901955 -0.119733 0.422762 0.898296 -0.139467 0.433078 0.890501 -0.126068 0.424805 0.896464 -0.111208 0.416424 0.902343 -0.127972 0.418062 0.899360 -0.122958 0.417954 0.900109 -0.107261 0.413715 0.904066 -0.099380 0.427729 0.898427 -0.081029 0.439516 0.894572 -0.026537 -0.005881 0.999631 -0.031713 -0.027860 0.999109 -0.055362 -0.047570 0.997333 -0.055223 -0.075142 0.995643 -0.066963 -0.087877 0.993878 -0.069982 -0.082508 0.994130 -0.081360 -0.070462 0.994191 -0.087157 -0.070076 0.993727 -0.097410 -0.068394 0.992892 -0.102791 -0.065905 0.992517 -0.091254 -0.057298 0.994178 -0.077370 -0.033931 0.996425 -0.057433 -0.008280 0.998315 -0.037060 0.014991 0.999201 -0.018134 0.037715 0.999124 0.012400 0.056736 0.998312 0.043116 0.064922 0.996958 0.050077 0.060067 0.996937 0.050274 0.046541 0.997650 0.054837 0.033133 0.997945 0.048967 0.032771 0.998263 0.047548 0.037952 0.998148 0.043139 0.038166 0.998340 0.047140 0.034322 0.998298 0.072577 0.020123 0.997160 0.125282 -0.014550 0.992014 0.159566 -0.032731 0.986645 0.170944 -0.031241 0.984785 0.203333 -0.068203 0.976731 0.229093 -0.131160 0.964527 0.159216 -0.144078 0.976674 -0.011619 -0.017670 0.999776 -0.026011 0.082913 0.996217 -0.096951 0.248087 0.963874 -0.011461 0.262208 0.964943 -0.017893 0.163068 0.986453 -0.100458 0.167267 0.980780 -0.091989 0.170290 0.981091 -0.104019 0.162213 0.981258 -0.081860 0.146843 0.985767 -0.020182 0.109082 0.993828 -0.021957 0.089631 0.995733 -0.045964 0.077441 0.995937 -0.039568 0.049061 0.998012 0.006477 -0.000990 0.999979 0.133435 -0.103296 0.985660 0.318960 -0.172829 0.931877 0.398604 -0.199077 0.895256 0.457011 -0.128311 0.880158 0.490309 0.029946 0.871034 0.588949 0.011804 0.808084 0.644800 -0.084148 0.759706 0.591438 -0.037800 0.805464 0.506335 -0.021958 0.862057 0.449349 -0.008976 0.893311 0.344904 0.145647 0.927269 0.215608 0.224162 0.950402 0.127534 0.310692 0.941916 0.064339 0.371027 0.926390 0.018767 0.411161 0.911370 0.085854 0.406888 0.909435 0.168042 0.366495 0.915119 0.140888 0.377017 0.915428 0.102698 0.438987 0.892605 0.064894 0.493716 0.867199 0.012206 0.533472 0.845730 0.041354 0.511041 0.858561 0.105522 0.458785 0.882259 0.203938 0.387572 0.898998 0.149077 0.391053 0.908215 0.106978 0.413131 0.904366 0.085471 0.424011 0.901615 0.096004 0.419539 0.902646 0.114264 0.401892 0.908530 0.141739 0.372319 0.917218 0.176484 0.342150 0.922923 0.182474 0.338421 0.923133 0.183983 0.330743 0.925613 0.241026 0.309818 0.919739 0.170215 0.345619 0.922808 0.109131 0.357076 0.927678 0.072110 0.386592 0.919427 0.055830 0.403586 0.913237 -0.000382 0.415490 0.909598 -0.034504 0.424257 0.904884 -0.026996 0.447258 0.893998 -0.036655 0.463369 0.885407 -0.072254 0.481387 0.873525 -0.067146 0.462423 0.884113 -0.084829 0.443456 0.892273 -0.086222 0.419112 0.903831 -0.110715 0.401818 0.909002 -0.110240 0.406260 0.907083 -0.130452 0.413333 0.901187 -0.134463 0.422480 0.896343 -0.115332 0.423251 0.898642 -0.120193 0.421809 0.898683 -0.128261 0.426159 0.895510 -0.105099 0.422049 0.900460 -0.082030 0.430380 0.898913 -0.058663 0.438114 0.897003 -0.065994 0.018785 0.997643 -0.062957 -0.010017 0.997966 -0.072743 -0.038587 0.996604 -0.074468 -0.050201 0.995959 -0.078012 -0.059360 0.995184 -0.063645 -0.067209 0.995707 -0.065590 -0.052294 0.996475 -0.079378 -0.031831 0.996336 -0.091231 -0.019096 0.995647 -0.103370 -0.013753 0.994548 -0.082494 -0.015991 0.996463 -0.048467 -0.002933 0.998820 -0.029528 0.028179 0.999167 -0.015120 0.052768 0.998492 -0.000995 0.066991 0.997753 0.020448 0.072744 0.997141 0.039013 0.068364 0.996897 0.044156 0.060600 0.997185 0.042484 0.059375 0.997331 0.044786 0.055825 0.997436 0.048682 0.047566 0.997681 0.048574 0.043632 0.997866 0.045221 0.045947 0.997920 0.045613 0.051188 0.997647 0.061034 0.053255 0.996714 0.094036 0.041857 0.994689 0.140995 0.012350 0.989933 0.157527 -0.010287 0.987461 0.165283 -0.037710 0.985525 0.172798 -0.070701 0.982417 0.156345 -0.116083 0.980857 0.078616 -0.110517 0.990760 0.036900 -0.065169 0.997192 0.011376 -0.022162 0.999690 -0.027440 0.014775 0.999514 -0.053208 0.027222 0.998212 -0.079469 0.026512 0.996485 -0.086055 0.042758 0.995372 -0.083142 0.081936 0.993164 -0.032492 0.155446 0.987310 -0.028402 0.239850 0.970394 -0.049144 0.227203 0.972607 -0.103044 0.163082 0.981217 -0.086453 0.078522 0.993157 -0.034939 0.028295 0.998989 0.045914 -0.005860 0.998928 0.282597 -0.068397 0.956797 0.398174 -0.083712 0.913482 0.521225 -0.079558 0.849703 0.545963 -0.014683 0.837681 0.567390 -0.002211 0.823447 0.601681 0.006653 0.798709 0.597460 -0.064450 0.799305 0.504766 -0.105444 0.856792 0.521346 -0.055497 0.851539 0.469713 0.038037 0.881999 0.299477 0.166256 0.939507 0.207114 0.265231 0.941677 0.128459 0.337104 0.932662 0.054955 0.394898 0.917080 0.056138 0.412575 0.909192 0.137017 0.378615 0.915356 0.153407 0.365783 0.917970 0.150943 0.368555 0.917270 0.109501 0.390242 0.914178 0.066696 0.425481 0.902506 0.022663 0.459797 0.887735 0.053846 0.453106 0.889829 0.145885 0.405841 0.902225 0.166998 0.383407 0.908356 0.131260 0.399468 0.907301 0.098807 0.422553 0.900936 0.091951 0.432863 0.896758 0.096049 0.433079 0.896224 0.110215 0.423872 0.898991 0.143221 0.400316 0.905116 0.173759 0.363313 0.915320 0.186133 0.377552 0.907088 0.204646 0.385459 0.899745 0.202000 0.350261 0.914611 0.118335 0.364680 0.923583 0.089181 0.359694 0.928799 0.047554 0.356818 0.932963 0.000384 0.343070 0.939310 -0.043131 0.347859 0.936554 -0.019002 0.336190 0.941602 -0.030590 0.333938 0.942098 -0.055044 0.341161 0.938392 -0.082323 0.351407 0.932596 -0.084873 0.359994 0.929086 -0.093573 0.370184 0.924234 -0.104427 0.388503 0.915511 -0.104684 0.399639 0.910675 -0.118302 0.403898 0.907123 -0.122990 0.415003 0.901469 -0.111572 0.424595 0.898482 -0.118360 0.429109 0.895464 -0.128197 0.429873 0.893742 -0.117549 0.417918 0.900848 -0.061862 0.415331 0.907565 -0.052233 0.437373 0.897762 -0.088772 0.009325 0.996008 -0.090134 0.004347 0.995920 -0.094422 -0.010232 0.995480 -0.078082 -0.023252 0.996676 -0.076780 -0.015514 0.996927 -0.059781 -0.002979 0.998207 -0.042764 0.010265 0.999032 -0.056560 0.034497 0.997803 -0.077858 0.058793 0.995229 -0.101351 0.070255 0.992367 -0.084567 0.068700 0.994047 -0.031534 0.068325 0.997165 -0.005793 0.080959 0.996701 0.000532 0.091747 0.995782 0.002986 0.097710 0.995210 0.016132 0.094731 0.995372 0.028585 0.087147 0.995785 0.040593 0.078756 0.996067 0.041061 0.077278 0.996164 0.044055 0.075518 0.996171 0.042828 0.077622 0.996063 0.046557 0.078376 0.995836 0.048619 0.077928 0.995773 0.052788 0.082083 0.995227 0.064267 0.088185 0.994029 0.079454 0.088462 0.992906 0.111533 0.071230 0.991205 0.135687 0.042323 0.989847 0.135721 0.019593 0.990553 0.141790 -0.007967 0.989865 0.133585 -0.034923 0.990422 0.099290 -0.041710 0.994184 0.061641 -0.033559 0.997534 0.026336 -0.031520 0.999156 -0.007296 -0.028806 0.999558 -0.048712 -0.016378 0.998679 -0.072695 -0.003600 0.997348 -0.064490 0.005511 0.997903 -0.036996 0.018328 0.999147 0.078518 0.054429 0.995426 0.061509 0.176540 0.982370 -0.085892 0.236490 0.967830 -0.187196 0.187591 0.964244 -0.169662 0.103273 0.980076 -0.080923 0.037515 0.996014 0.007427 -0.003711 0.999966 0.237074 -0.047227 0.970343 0.427081 -0.040532 0.903305 0.504340 0.013150 0.863405 0.563615 -0.047395 0.824677 0.529688 -0.119674 0.839708 0.612187 -0.183770 0.769062 0.561414 -0.133156 0.816752 0.531484 -0.093578 0.841883 0.533140 -0.037113 0.845213 0.514082 -0.056757 0.855861 0.418486 -0.008206 0.908186 0.307086 0.160406 0.938066 0.224221 0.267454 0.937119 0.105719 0.365660 0.924725 0.071249 0.395510 0.915694 0.099368 0.396900 0.912467 0.144346 0.367836 0.918619 0.152248 0.355742 0.922100 0.137651 0.361347 0.922215 0.106695 0.381647 0.918130 0.061729 0.419512 0.905649 0.034900 0.447835 0.893435 0.097357 0.427475 0.898770 0.155301 0.390139 0.907565 0.150224 0.381544 0.912062 0.123655 0.397436 0.909260 0.104158 0.415882 0.903434 0.101410 0.427477 0.898321 0.106412 0.435772 0.893745 0.120734 0.439503 0.890090 0.128692 0.436127 0.890635 0.208426 0.389128 0.897295 0.198581 0.389038 0.899564 0.157379 0.361763 0.918890 0.101694 0.321979 0.941269 0.071941 0.303980 0.949958 0.040488 0.292121 0.955524 0.001583 0.295781 0.955255 -0.024135 0.314532 0.948940 -0.031529 0.329156 0.943749 -0.026508 0.322949 0.946045 -0.050642 0.327437 0.943515 -0.070836 0.333326 0.940147 -0.078215 0.344127 0.935660 -0.071306 0.355724 0.931867 -0.082636 0.375886 0.922974 -0.090472 0.391207 0.915845 -0.109925 0.402009 0.909013 -0.114418 0.409673 0.905029 -0.107561 0.409715 0.905850 -0.113111 0.411383 0.904417 -0.128693 0.415679 0.900360 -0.141752 0.414208 0.899076 -0.093506 0.369369 0.924566 -0.008736 0.345874 0.938240 -0.089775 -0.016346 0.995828 -0.087658 0.000485 0.996150 -0.095216 0.022611 0.995200 -0.078827 0.033105 0.996338 -0.061399 0.040270 0.997301 -0.041648 0.057002 0.997505 -0.029067 0.072459 0.996948 -0.033875 0.082258 0.996035 -0.054436 0.101541 0.993341 -0.087829 0.125410 0.988210 -0.085898 0.141016 0.986274 -0.033435 0.139329 0.989681 -0.001266 0.133950 0.990987 0.001217 0.129833 0.991535 0.002649 0.127491 0.991836 0.014073 0.128092 0.991662 0.024444 0.130837 0.991103 0.036181 0.129917 0.990865 0.038319 0.129105 0.990890 0.041074 0.122822 0.991578 0.045153 0.119924 0.991756 0.050436 0.119312 0.991575 0.047564 0.120317 0.991595 0.055063 0.116360 0.991680 0.068112 0.117277 0.990761 0.077575 0.122430 0.989441 0.091025 0.118137 0.988817 0.109069 0.098593 0.989133 0.112684 0.074331 0.990847 0.117638 0.049016 0.991846 0.112103 0.025738 0.993363 0.090810 0.005660 0.995852 0.062984 -0.003869 0.998007 0.024967 0.000463 0.999688 -0.002808 0.004104 0.999988 -0.032852 0.017017 0.999315 -0.046363 0.041487 0.998063 -0.054657 0.078857 0.995386 -0.088368 0.036997 0.995401 0.099878 -0.066769 0.992757 0.163302 -0.047408 0.985436 -0.023019 0.050198 0.998474 -0.235571 0.125926 0.963664 -0.233364 0.088185 0.968383 -0.123100 0.051549 0.991054 -0.017676 0.031252 0.999355 0.177818 0.000925 0.984063 0.433782 -0.096360 0.895850 0.542780 -0.086856 0.835372 0.509272 -0.049748 0.859166 0.447753 -0.083382 0.890261 0.544965 -0.177793 0.819392 0.615257 -0.223247 0.756056 0.592553 -0.136218 0.793931 0.560087 -0.054773 0.826621 0.496114 -0.059710 0.866202 0.481202 -0.051600 0.875090 0.448320 0.033476 0.893246 0.326095 0.149286 0.933475 0.216150 0.260912 0.940853 0.104515 0.362407 0.926141 0.092040 0.399225 0.912221 0.109275 0.386040 0.915987 0.144534 0.359710 0.921802 0.140538 0.352695 0.925125 0.124907 0.352161 0.927567 0.108243 0.362901 0.925520 0.069861 0.399441 0.914093 0.071826 0.421674 0.903898 0.113938 0.397640 0.910440 0.142346 0.366334 0.919531 0.140181 0.359132 0.922699 0.123554 0.368407 0.921418 0.117503 0.379226 0.917813 0.118334 0.386807 0.914537 0.131305 0.388927 0.911863 0.137652 0.388259 0.911212 0.143200 0.380097 0.913794 0.175057 0.313203 0.933412 0.107534 0.278663 0.954350 0.080079 0.260162 0.962239 0.064684 0.249021 0.966336 0.044220 0.254222 0.966134 0.021926 0.268745 0.962962 0.000156 0.293084 0.956087 -0.018376 0.313167 0.949520 -0.033560 0.321052 0.946467 -0.043793 0.316086 0.947719 -0.059608 0.321075 0.945176 -0.057500 0.340384 0.938527 -0.051701 0.364197 0.929886 -0.064702 0.384834 0.920715 -0.079648 0.391836 0.916581 -0.101935 0.395236 0.912906 -0.111183 0.395400 0.911755 -0.115766 0.391482 0.912875 -0.114109 0.382814 0.916751 -0.128587 0.380553 0.915775 -0.153361 0.371291 0.915764 -0.140374 0.383960 0.912617 -0.123474 0.366945 0.922012 -0.068093 0.018007 0.997516 -0.053632 0.020147 0.998357 -0.059953 0.068549 0.995845 -0.064927 0.102736 0.992587 -0.049978 0.116507 0.991932 -0.034299 0.120564 0.992113 -0.026632 0.112023 0.993349 -0.025793 0.106179 0.994012 -0.035749 0.116469 0.992551 -0.062817 0.135128 0.988835 -0.068849 0.158814 0.984905 -0.039407 0.169892 0.984674 -0.010424 0.158613 0.987286 -0.004835 0.148205 0.988945 0.004832 0.146512 0.989197 0.017831 0.152112 0.988202 0.029269 0.156305 0.987275 0.037440 0.161147 0.986220 0.037229 0.162444 0.986015 0.031753 0.158224 0.986893 0.037659 0.145090 0.988702 0.045225 0.132579 0.990140 0.045108 0.129018 0.990616 0.047880 0.125837 0.990895 0.073726 0.122875 0.989680 0.082173 0.130468 0.988041 0.084409 0.131615 0.987701 0.089454 0.121677 0.988531 0.090981 0.104585 0.990346 0.088164 0.081597 0.992758 0.086848 0.050260 0.994953 0.074752 0.029094 0.996778 0.060877 0.021524 0.997913 0.038214 0.026689 0.998913 0.008397 0.044940 0.998954 -0.013874 0.058026 0.998219 -0.020800 0.070436 0.997299 -0.017468 0.090398 0.995752 -0.157101 0.136178 0.978149 -0.013846 0.067263 0.997639 0.177080 -0.021034 0.983972 0.079433 -0.022203 0.996593 -0.171926 0.063973 0.983030 -0.255221 0.108403 0.960787 -0.136030 0.108353 0.984762 -0.027418 0.105152 0.994078 0.131644 0.087830 0.987398 0.348703 0.049450 0.935928 0.496869 -0.069684 0.865023 0.554934 -0.135204 0.820834 0.482339 -0.012299 0.875898 0.513566 0.062715 0.855755 0.637170 0.052441 0.768937 0.607930 0.058980 0.791797 0.562917 -0.026600 0.826085 0.512409 -0.054190 0.857030 0.496041 0.006281 0.868276 0.501168 0.006479 0.865326 0.383203 0.044662 0.922584 0.336757 0.104032 0.935827 0.203372 0.228733 0.952009 0.142761 0.302281 0.942468 0.102775 0.343866 0.933377 0.126653 0.348564 0.928688 0.137291 0.344534 0.928680 0.117745 0.341763 0.932381 0.115155 0.327837 0.937690 0.102887 0.327171 0.939347 0.086213 0.340615 0.936242 0.095034 0.346644 0.933170 0.116926 0.333249 0.935560 0.138361 0.312648 0.939738 0.133423 0.311738 0.940754 0.127037 0.316176 0.940156 0.121665 0.317635 0.940375 0.127696 0.307920 0.942804 0.128192 0.292151 0.947742 0.115119 0.274238 0.954747 0.120461 0.236119 0.964229 0.105823 0.216562 0.970517 0.079532 0.226481 0.970763 0.066088 0.236473 0.969388 0.056733 0.245255 0.967797 0.038560 0.256674 0.965728 0.024774 0.270045 0.962529 0.005770 0.292701 0.956187 -0.034879 0.310346 0.949984 -0.050167 0.301675 0.952090 -0.043756 0.306027 0.951017 -0.031062 0.330564 0.943272 -0.024206 0.352347 0.935556 -0.041314 0.372213 0.927227 -0.076815 0.384896 0.919758 -0.106193 0.380733 0.918567 -0.120576 0.369215 0.921489 -0.129446 0.356883 0.925137 -0.132428 0.338026 0.931773 -0.135361 0.319521 0.937861 -0.171258 0.316997 0.932836 -0.120543 0.292113 0.948757 -0.072591 0.327444 0.942078 -0.060051 0.130125 0.989677 -0.039771 0.114207 0.992661 -0.017910 0.116562 0.993022 -0.042356 0.139162 0.989363 -0.043287 0.145865 0.988357 -0.041289 0.144772 0.988603 -0.038546 0.136662 0.989867 -0.036670 0.127363 0.991178 -0.023834 0.116993 0.992847 -0.043529 0.126631 0.990994 -0.046489 0.145126 0.988320 -0.039046 0.162560 0.985926 -0.029304 0.152821 0.987819 -0.006392 0.139704 0.990173 0.006215 0.145584 0.989326 0.019161 0.142357 0.989630 0.033146 0.137792 0.989906 0.040322 0.140185 0.989304 0.035209 0.139567 0.989587 0.025270 0.135307 0.990481 0.025303 0.132523 0.990857 0.035478 0.129258 0.990976 0.044524 0.124754 0.991188 0.047347 0.125690 0.990939 0.070331 0.120429 0.990227 0.089408 0.113806 0.989472 0.080974 0.116269 0.989911 0.072357 0.105480 0.991785 0.070425 0.078746 0.994404 0.064600 0.055882 0.996345 0.058950 0.034190 0.997675 0.062754 0.014322 0.997926 0.059189 0.008573 0.998210 0.046561 0.007610 0.998886 0.024357 0.013569 0.999611 0.001247 0.029874 0.999553 -0.018693 0.047217 0.998710 -0.014175 0.035210 0.999279 -0.080507 0.046986 0.995646 -0.078491 0.122404 0.989372 0.130706 0.069048 0.989014 0.069137 0.037999 0.996883 -0.103670 0.036265 0.993950 -0.229461 0.094642 0.968706 -0.131725 0.127142 0.983099 -0.031743 0.132555 0.990667 0.093177 0.113699 0.989136 0.320967 0.032944 0.946517 0.363829 -0.036093 0.930766 0.590774 -0.135195 0.795430 0.550503 -0.013087 0.834730 0.570232 0.028678 0.820983 0.643582 0.090146 0.760050 0.579729 0.118397 0.806162 0.476210 0.039570 0.878441 0.517000 -0.023937 0.855650 0.542914 0.032150 0.839173 0.465026 0.046897 0.884054 0.395227 -0.037492 0.917818 0.407476 -0.040179 0.912332 0.315135 0.070048 0.946458 0.192015 0.152990 0.969394 0.140953 0.180104 0.973496 0.155449 0.210650 0.965123 0.165916 0.257159 0.952019 0.118281 0.302427 0.945805 0.102068 0.308246 0.945815 0.092772 0.296187 0.950614 0.094250 0.279992 0.955364 0.095822 0.274594 0.956774 0.101916 0.264575 0.958965 0.125604 0.245014 0.961349 0.143163 0.238740 0.960473 0.133555 0.249477 0.959127 0.123746 0.253031 0.959512 0.115074 0.253520 0.960461 0.111269 0.242135 0.963841 0.102396 0.228266 0.968199 0.096710 0.222842 0.970046 0.097339 0.211561 0.972506 0.091337 0.202996 0.974910 0.079953 0.213689 0.973624 0.070595 0.228267 0.971036 0.052627 0.247220 0.967529 0.039057 0.266022 0.963175 0.021125 0.271284 0.962267 -0.027983 0.271499 0.962032 -0.053984 0.274505 0.960069 -0.022369 0.289676 0.956863 -0.005371 0.312986 0.949742 -0.011107 0.321316 0.946907 -0.024421 0.324513 0.945566 -0.071920 0.336760 0.938840 -0.119679 0.333775 0.935025 -0.135979 0.321903 0.936957 -0.146139 0.313507 0.938273 -0.163602 0.297391 0.940634 -0.159554 0.267898 0.950144 -0.173795 0.246480 0.953437 -0.171684 0.237293 0.956147 -0.093477 0.209936 0.973236 -0.020148 0.142520 0.989587 -0.042407 0.157401 0.986624 -0.025776 0.140894 0.989689 -0.033589 0.132127 0.990664 -0.047221 0.138052 0.989299 -0.045465 0.136328 0.989620 -0.042723 0.131121 0.990445 -0.041272 0.131249 0.990490 -0.029485 0.128475 0.991274 -0.035394 0.129046 0.991007 -0.031293 0.134667 0.990397 -0.025519 0.145583 0.989017 -0.039550 0.158884 0.986505 -0.018278 0.148160 0.988794 0.012421 0.134448 0.990843 0.008307 0.133471 0.991018 0.022715 0.115437 0.993055 0.044078 0.106816 0.993301 0.034064 0.113366 0.992969 0.021506 0.114259 0.993218 0.031089 0.115756 0.992791 0.035018 0.120837 0.992054 0.040968 0.112642 0.992791 0.051117 0.108814 0.992747 0.055489 0.111102 0.992259 0.077651 0.087986 0.993091 0.074332 0.068176 0.994900 0.055629 0.053024 0.997043 0.039013 0.035017 0.998625 0.042025 0.007166 0.999091 0.044276 -0.008869 0.998980 0.050408 -0.016017 0.998600 0.051836 -0.027901 0.998266 0.047003 -0.036592 0.998224 0.028660 -0.031478 0.999093 0.018453 -0.028160 0.999433 -0.003059 -0.012384 0.999919 -0.032643 -0.003313 0.999462 -0.042427 -0.012995 0.999015 -0.051757 0.028666 0.998248 0.075272 0.002405 0.997160 0.057068 -0.024129 0.998079 -0.079196 -0.024555 0.996557 -0.159053 0.024732 0.986960 -0.110558 0.092471 0.989558 -0.019921 0.116773 0.992959 0.062223 0.136957 0.988621 0.213064 0.085588 0.973282 0.285881 -0.007182 0.958238 0.577913 -0.066959 0.813347 0.606919 -0.042596 0.793622 0.595775 -0.056323 0.801174 0.660993 0.002794 0.750387 0.586685 -0.008720 0.809769 0.462070 0.036323 0.886099 0.498363 0.088312 0.862459 0.568347 0.009308 0.822736 0.457539 0.011320 0.889117 0.311203 0.013506 0.950247 0.400229 -0.064201 0.914164 0.391732 -0.088602 0.915803 0.257808 -0.043929 0.965197 0.162558 0.022312 0.986447 0.193619 0.045588 0.980017 0.236226 0.093226 0.967216 0.186792 0.177286 0.966270 0.114011 0.238364 0.964460 0.091052 0.256953 0.962125 0.078527 0.261978 0.961874 0.081559 0.248549 0.965180 0.079219 0.224729 0.971196 0.106616 0.196068 0.974777 0.152979 0.187745 0.970231 0.136088 0.194580 0.971400 0.130440 0.182379 0.974537 0.116599 0.186086 0.975591 0.110605 0.187885 0.975944 0.100621 0.200024 0.974611 0.098086 0.210019 0.972765 0.088041 0.216006 0.972415 0.087015 0.214417 0.972858 0.096290 0.222725 0.970114 0.082894 0.243742 0.966291 0.067009 0.245504 0.967077 0.058403 0.243801 0.968065 0.016718 0.254531 0.966920 -0.031936 0.250639 0.967554 -0.029519 0.268952 0.962701 -0.005014 0.303009 0.952975 -0.000551 0.295064 0.955477 -0.017074 0.276945 0.960734 -0.025947 0.267009 0.963345 -0.067509 0.259660 0.963338 -0.134044 0.248308 0.959362 -0.136248 0.244761 0.959963 -0.147546 0.267311 0.952247 -0.175197 0.278154 0.944424 -0.185495 0.274223 0.943606 -0.193421 0.255538 0.947253 -0.192115 0.239012 0.951822 -0.169525 0.210678 0.962744 -0.023884 0.120663 0.992406 -0.035984 0.123261 0.991722 -0.050206 0.119718 0.991538 -0.030704 0.105001 0.993998 -0.042540 0.107994 0.993241 -0.037099 0.111674 0.993052 -0.046790 0.127508 0.990733 -0.041803 0.125217 0.991248 -0.032760 0.122620 0.991913 -0.027109 0.123536 0.991970 -0.029248 0.130220 0.991054 -0.017064 0.129120 0.991482 -0.028645 0.132200 0.990809 -0.029304 0.141018 0.989573 -0.002547 0.133792 0.991006 0.001905 0.122141 0.992511 0.002195 0.115193 0.993341 0.039097 0.095792 0.994633 0.043591 0.093465 0.994668 0.025661 0.103299 0.994319 0.029546 0.100615 0.994487 0.034190 0.093582 0.995024 0.017692 0.082722 0.996416 0.050219 0.055868 0.997174 0.055240 0.058847 0.996737 0.049018 0.049609 0.997565 0.050951 0.021953 0.998460 0.038107 -0.000984 0.999273 0.027842 -0.010901 0.999553 0.026458 -0.010409 0.999596 0.035544 -0.016653 0.999229 0.044383 -0.024238 0.998721 0.041724 -0.027977 0.998737 0.041122 -0.034312 0.998565 0.039840 -0.033257 0.998652 0.016945 -0.026188 0.999513 -0.003877 -0.045800 0.998943 -0.025142 -0.058485 0.997972 -0.053539 -0.062712 0.996595 -0.025898 -0.077029 0.996692 0.028293 -0.086278 0.995869 0.050362 -0.112522 0.992372 -0.051212 -0.092973 0.994351 -0.098442 -0.034554 0.994543 -0.066139 0.013884 0.997714 -0.012721 0.015657 0.999796 0.087004 0.006286 0.996188 0.171579 0.037527 0.984455 0.297887 0.060757 0.952666 0.536557 0.110521 0.836596 0.603071 0.041997 0.796581 0.568391 -0.012624 0.822662 0.675047 -0.035125 0.736938 0.599081 -0.030871 0.800093 0.523714 0.039111 0.850996 0.521263 0.093399 0.848270 0.463960 0.067913 0.883249 0.457678 -0.069208 0.886420 0.335737 -0.042228 0.941009 0.349375 -0.008487 0.936945 0.360739 -0.069242 0.930093 0.287083 -0.101611 0.952501 0.218509 -0.066343 0.973577 0.235824 -0.005796 0.971779 0.283565 0.046236 0.957838 0.264096 0.080740 0.961111 0.167003 0.151449 0.974255 0.113806 0.194413 0.974295 0.089856 0.216748 0.972084 0.053503 0.210359 0.976159 0.071607 0.183607 0.980388 0.086697 0.203368 0.975256 0.155451 0.193656 0.968676 0.124081 0.191607 0.973597 0.102106 0.150439 0.983332 0.117224 0.116823 0.986210 0.116284 0.113439 0.986717 0.125630 0.125623 0.984091 0.115172 0.151694 0.981695 0.096852 0.164540 0.981604 0.097217 0.175253 0.979712 0.113987 0.187716 0.975587 0.097309 0.191916 0.976575 0.057560 0.189017 0.980285 0.049186 0.181373 0.982184 0.026580 0.185608 0.982264 -0.015888 0.210703 0.977421 0.007217 0.235297 0.971897 0.011894 0.252980 0.967398 -0.028702 0.245785 0.968899 -0.041254 0.225642 0.973336 -0.043182 0.207059 0.977375 -0.082268 0.184850 0.979317 -0.145680 0.179058 0.972993 -0.132122 0.179722 0.974805 -0.112960 0.195278 0.974221 -0.153319 0.230196 0.960991 -0.183702 0.256487 0.948930 -0.206310 0.260798 0.943091 -0.203512 0.250101 0.946590 -0.182909 0.249206 0.951021 -0.044381 0.092455 0.994727 -0.035735 0.096470 0.994694 -0.053754 0.104275 0.993095 -0.038952 0.101120 0.994111 -0.042092 0.099488 0.994148 -0.035105 0.095632 0.994798 -0.028957 0.101719 0.994392 -0.042122 0.115389 0.992427 -0.034378 0.118145 0.992401 -0.027604 0.113970 0.993101 -0.027153 0.112569 0.993273 -0.019039 0.110449 0.993699 -0.028210 0.111010 0.993419 -0.026382 0.107716 0.993832 -0.006835 0.106584 0.994280 0.004012 0.111692 0.993735 -0.004771 0.119806 0.992786 0.014932 0.105899 0.994265 0.044978 0.080836 0.995712 0.029687 0.079755 0.996372 0.020214 0.080858 0.996521 0.026549 0.073401 0.996949 0.008161 0.075986 0.997076 0.017083 0.060137 0.998044 0.060311 0.024776 0.997872 0.038401 0.032237 0.998742 0.026884 0.025625 0.999310 0.026003 0.010345 0.999608 0.025659 0.006043 0.999652 0.027329 -0.000568 0.999626 0.031076 -0.006291 0.999497 0.036489 -0.012501 0.999256 0.043754 -0.017285 0.998893 0.034837 -0.013805 0.999298 0.038966 -0.029971 0.998791 0.020396 -0.033246 0.999239 -0.036961 -0.029495 0.998881 -0.033894 -0.058555 0.997709 -0.077747 -0.061152 0.995096 -0.042540 -0.094530 0.994613 -0.018849 -0.128762 0.991496 0.044250 -0.195986 0.979608 -0.004589 -0.180961 0.983480 -0.033993 -0.131738 0.990702 -0.036294 -0.085646 0.995664 -0.031946 -0.061648 0.997587 0.060814 -0.075110 0.995319 0.214198 -0.089230 0.972706 0.352422 -0.060150 0.933906 0.577087 0.017885 0.816487 0.588463 0.080520 0.804505 0.511661 0.120034 0.850761 0.668500 0.037427 0.742769 0.595981 0.001480 0.802997 0.563495 -0.027516 0.825661 0.535729 -0.013634 0.844280 0.418587 0.003230 0.908171 0.396309 -0.033483 0.917506 0.379793 -0.064985 0.922786 0.333470 -0.055181 0.941144 0.327464 -0.087056 0.940845 0.298030 -0.079127 0.951271 0.270471 -0.036389 0.962040 0.277773 0.005859 0.960629 0.322262 0.034817 0.946010 0.284401 0.064550 0.956530 0.219912 0.078394 0.972365 0.150586 0.117642 0.981572 0.115233 0.157610 0.980755 0.046026 0.204972 0.977685 0.054071 0.209114 0.976395 0.118797 0.199777 0.972613 0.145522 0.210204 0.966767 0.111164 0.195251 0.974433 0.037717 0.170033 0.984716 0.080937 0.100697 0.991620 0.099016 0.049668 0.993846 0.147745 0.023248 0.988752 0.142654 0.054943 0.988247 0.104983 0.082963 0.991007 0.106011 0.083037 0.990892 0.119176 0.081902 0.989489 0.095286 0.086188 0.991712 0.054780 0.097411 0.993736 0.051532 0.106710 0.992954 0.052537 0.114746 0.992005 0.024355 0.142896 0.989438 0.017346 0.174782 0.984454 0.001260 0.165338 0.986236 -0.039356 0.145217 0.988617 -0.043661 0.150774 0.987604 -0.057504 0.158479 0.985686 -0.094536 0.155796 0.983255 -0.130845 0.164473 0.977665 -0.132824 0.180138 0.974632 -0.109222 0.158753 0.981258 -0.131144 0.142478 0.981071 -0.166401 0.153084 0.974103 -0.203112 0.166725 0.964857 -0.203856 0.190931 0.960202 -0.197879 0.217907 0.955699 -0.050627 0.070969 0.996193 -0.023308 0.071454 0.997172 -0.043226 0.095124 0.994526 -0.045769 0.097015 0.994230 -0.035314 0.095102 0.994841 -0.037515 0.106885 0.993563 -0.021725 0.105750 0.994155 -0.036809 0.107370 0.993538 -0.030656 0.108382 0.993637 -0.033616 0.112044 0.993135 -0.028370 0.106818 0.993874 -0.023451 0.104284 0.994271 -0.021920 0.104399 0.994294 -0.030296 0.114340 0.992980 -0.009206 0.110806 0.993799 0.008670 0.104748 0.994461 0.002639 0.106458 0.994314 -0.005994 0.107272 0.994212 0.023570 0.086988 0.995930 0.027459 0.075516 0.996766 0.027022 0.077321 0.996640 0.022595 0.087627 0.995897 0.019046 0.082835 0.996381 -0.002029 0.096291 0.995351 0.022368 0.073899 0.997015 0.052910 0.042331 0.997702 0.022809 0.058750 0.998012 0.016499 0.053857 0.998412 0.020162 0.043232 0.998862 0.013478 0.033702 0.999341 0.013910 0.012581 0.999824 0.026211 -0.010016 0.999606 0.037448 -0.027598 0.998917 0.030542 -0.041994 0.998651 0.027517 -0.040877 0.998785 0.013123 -0.041317 0.999060 -0.026143 -0.047043 0.998551 -0.046501 -0.030325 0.998458 -0.065436 -0.017064 0.997711 -0.076385 -0.006402 0.997058 -0.054748 -0.016697 0.998361 -0.014244 -0.040001 0.999098 0.009765 -0.067836 0.997649 -0.013444 -0.083934 0.996381 -0.012015 -0.096307 0.995279 -0.006362 -0.088683 0.996040 0.068569 -0.061356 0.995758 0.218473 -0.043625 0.974867 0.298936 -0.083805 0.950586 0.621160 -0.147318 0.769713 0.653282 -0.045202 0.755764 0.544855 0.094851 0.833148 0.616108 0.051623 0.785968 0.568066 -0.023793 0.822639 0.497990 -0.093036 0.862177 0.565186 -0.144106 0.812280 0.443118 -0.046209 0.895272 0.345415 -0.075772 0.935386 0.373483 -0.129962 0.918488 0.334389 -0.105257 0.936539 0.317899 -0.087069 0.944118 0.326715 -0.061722 0.943105 0.319745 -0.033933 0.946896 0.305725 0.016597 0.951975 0.328023 0.024888 0.944342 0.302353 0.017516 0.953035 0.236663 0.040956 0.970728 0.181336 0.063485 0.981370 0.155902 0.090619 0.983607 0.115306 0.125905 0.985318 0.067522 0.187500 0.979941 0.108687 0.196302 0.974501 0.122594 0.172200 0.977404 0.102878 0.146084 0.983908 0.015856 0.160996 0.986828 0.016017 0.148597 0.988768 0.041033 0.100402 0.994100 0.110362 0.031631 0.993388 0.174188 -0.010719 0.984654 0.126000 0.003818 0.992023 0.096005 0.007496 0.995353 0.116559 -0.003187 0.993179 0.115541 0.006037 0.993284 0.086921 0.040437 0.995394 0.066411 0.071346 0.995238 0.057121 0.078321 0.995290 0.045303 0.083485 0.995479 0.031729 0.096708 0.994807 -0.007463 0.104681 0.994478 -0.041877 0.114517 0.992538 -0.030905 0.128893 0.991177 -0.046451 0.145923 0.988205 -0.080763 0.160016 0.983805 -0.106684 0.181091 0.977663 -0.133401 0.199156 0.970845 -0.152262 0.179312 0.971938 -0.159930 0.132663 0.978173 -0.176250 0.091647 0.980070 -0.201747 0.063615 0.977370 -0.177486 0.053648 0.982660 -0.155718 0.096672 0.983060 -0.064947 0.066158 0.995693 -0.020434 0.067216 0.997529 -0.020851 0.078545 0.996692 -0.050068 0.093075 0.994399 -0.035808 0.084494 0.995780 -0.027643 0.082109 0.996240 -0.020578 0.087567 0.995946 -0.038965 0.092643 0.994937 -0.028859 0.089033 0.995610 -0.032706 0.094356 0.995001 -0.033035 0.090882 0.995314 -0.025535 0.088415 0.995756 -0.012229 0.091132 0.995764 -0.021340 0.106608 0.994072 -0.011388 0.111217 0.993731 0.001911 0.112099 0.993695 0.000903 0.107484 0.994206 -0.016055 0.100177 0.994840 0.014895 0.090364 0.995797 0.020476 0.091481 0.995596 0.029222 0.074551 0.996789 0.027039 0.069291 0.997230 0.012470 0.066914 0.997681 0.013730 0.067310 0.997638 0.004409 0.087331 0.996170 0.032022 0.079351 0.996332 0.027898 0.057062 0.997981 0.009768 0.050657 0.998668 0.011440 0.051877 0.998588 -0.001217 0.044030 0.999029 -0.013575 0.021985 0.999666 0.001438 -0.012767 0.999917 0.009763 -0.041143 0.999106 0.026456 -0.054658 0.998155 0.039586 -0.042502 0.998312 0.016371 -0.027510 0.999487 -0.020083 -0.025318 0.999478 -0.036584 -0.014531 0.999225 -0.042872 -0.017171 0.998933 -0.074707 -0.002802 0.997202 -0.051021 -0.017957 0.998536 -0.020889 -0.020570 0.999570 0.010726 -0.014861 0.999832 -0.040235 0.002058 0.999188 -0.032123 -0.008952 0.999444 0.000620 -0.009870 0.999951 0.088657 0.005410 0.996047 0.220046 0.013137 0.975401 0.255549 0.049783 0.965514 0.562040 -0.025715 0.826710 0.705599 -0.104161 0.700914 0.597005 -0.074435 0.798777 0.574610 -0.033901 0.817725 0.529189 -0.061378 0.846281 0.434252 -0.106286 0.894499 0.572381 -0.171801 0.801788 0.510910 -0.153253 0.845863 0.298588 -0.095956 0.949546 0.330049 -0.127159 0.935360 0.377844 -0.148878 0.913821 0.352154 -0.109455 0.929520 0.357026 -0.071256 0.931373 0.334856 -0.048671 0.941012 0.343910 -0.032822 0.938429 0.321347 -0.000119 0.946962 0.297910 -0.008121 0.954559 0.264024 -0.004518 0.964505 0.217980 0.042338 0.975034 0.187301 0.093183 0.977873 0.138067 0.128923 0.981996 0.097204 0.139641 0.985420 0.097306 0.131653 0.986509 0.100383 0.113848 0.988414 0.094918 0.090937 0.991323 0.050010 0.106650 0.993038 0.024071 0.152391 0.988027 0.023337 0.191732 0.981170 0.035074 0.187868 0.981568 0.120858 0.100103 0.987610 0.113142 0.029686 0.993135 0.084659 0.001973 0.996408 0.110029 -0.013519 0.993836 0.125118 -0.029573 0.991701 0.116336 -0.034403 0.992614 0.085270 -0.013691 0.996264 0.053531 -0.003520 0.998560 0.051560 -0.013811 0.998574 0.048741 -0.004247 0.998802 0.015674 0.026257 0.999532 -0.010551 0.074320 0.997179 -0.010607 0.115128 0.993294 -0.027784 0.128096 0.991372 -0.067769 0.141243 0.987653 -0.091997 0.149899 0.984412 -0.127469 0.156315 0.979447 -0.171239 0.157600 0.972543 -0.202703 0.143096 0.968729 -0.215528 0.104449 0.970895 -0.229840 0.071995 0.970562 -0.206260 0.043376 0.977535 -0.151885 0.005072 0.988385 -0.053204 0.045559 0.997544 -0.016909 0.048426 0.998684 -0.004477 0.054987 0.998477 -0.049285 0.060226 0.996967 -0.043557 0.054294 0.997574 -0.032249 0.053453 0.998049 -0.022991 0.043455 0.998791 -0.023950 0.046119 0.998649 -0.029467 0.068052 0.997247 -0.025722 0.071165 0.997133 -0.037309 0.077287 0.996311 -0.021348 0.082086 0.996397 -0.005014 0.091098 0.995829 -0.010351 0.097027 0.995228 -0.007419 0.100025 0.994957 -0.005150 0.098131 0.995160 0.009526 0.090686 0.995834 -0.025582 0.110266 0.993573 0.004240 0.092598 0.995695 0.021432 0.082887 0.996328 0.003047 0.079391 0.996839 0.014954 0.055304 0.998358 0.009750 0.044430 0.998965 0.021055 0.046333 0.998704 0.023820 0.050571 0.998436 0.027116 0.062459 0.997679 0.003462 0.060962 0.998134 -0.000318 0.032693 0.999465 0.017739 0.025780 0.999510 -0.007142 0.032193 0.999456 -0.039714 0.025479 0.998886 -0.037136 -0.000316 0.999310 -0.014987 -0.030377 0.999426 0.029907 -0.054987 0.998039 0.064980 -0.041195 0.997036 0.021735 -0.020370 0.999556 -0.014492 -0.019509 0.999705 -0.031855 -0.008368 0.999457 -0.048225 -0.011262 0.998773 -0.096704 -0.025592 0.994984 -0.087329 -0.089524 0.992149 -0.018228 -0.105880 0.994212 0.026514 -0.077697 0.996624 -0.005532 -0.033536 0.999422 -0.017730 0.002136 0.999841 0.020869 0.020674 0.999568 0.105459 0.035527 0.993789 0.190202 0.011125 0.981682 0.371919 -0.002201 0.928263 0.460248 0.130225 0.878187 0.655315 -0.074176 0.751705 0.592915 -0.167816 0.787585 0.571384 -0.196522 0.796806 0.534969 -0.206632 0.819214 0.461925 -0.105698 0.880598 0.487329 -0.072010 0.870244 0.534229 -0.174107 0.827216 0.361074 -0.151752 0.920107 0.328265 -0.070648 0.941940 0.372919 -0.066982 0.925443 0.362322 -0.082087 0.928431 0.365944 -0.097934 0.925469 0.332900 -0.116610 0.935724 0.382097 -0.105129 0.918123 0.342857 -0.034610 0.938750 0.295495 -0.019465 0.955146 0.287356 -0.000758 0.957823 0.265115 0.029217 0.963774 0.233016 0.065028 0.970296 0.177991 0.104937 0.978421 0.106058 0.148288 0.983241 0.072005 0.156508 0.985049 0.076861 0.129400 0.988609 0.089017 0.124180 0.988259 0.081062 0.145870 0.985977 0.079565 0.184755 0.979559 0.073980 0.234870 0.969207 0.027610 0.277167 0.960425 0.022815 0.255996 0.966409 0.052751 0.184990 0.981324 0.052981 0.138549 0.988937 0.078620 0.092361 0.992617 0.087163 0.040804 0.995358 0.100803 -0.006181 0.994887 0.105792 -0.014184 0.994287 0.064043 0.012166 0.997873 0.040495 0.026679 0.998824 0.056581 0.017128 0.998251 0.058997 0.022692 0.998000 0.045154 0.062948 0.996995 0.017966 0.100116 0.994814 -0.028600 0.105324 0.994027 -0.065102 0.093567 0.993482 -0.091462 0.085760 0.992109 -0.126406 0.079437 0.988793 -0.168707 0.078646 0.982524 -0.210411 0.092141 0.973261 -0.240134 0.097581 0.965823 -0.243127 0.088845 0.965917 -0.219112 0.096521 0.970914 -0.200612 0.084624 0.976009 -0.056060 0.052279 0.997058 -0.030849 0.044322 0.998541 0.002585 0.021282 0.999770 -0.054641 0.031210 0.998018 -0.044685 0.024291 0.998706 -0.029125 0.033247 0.999023 -0.035764 0.034203 0.998775 -0.008026 0.024580 0.999666 -0.017589 0.041740 0.998974 -0.008462 0.050291 0.998699 -0.029518 0.082021 0.996193 -0.013453 0.085618 0.996237 0.004811 0.090167 0.995915 -0.008933 0.096993 0.995245 -0.009354 0.093501 0.995575 -0.012975 0.093921 0.995495 0.008596 0.085224 0.996325 -0.005926 0.093223 0.995628 -0.024084 0.097257 0.994968 0.014110 0.067807 0.997599 -0.001286 0.065511 0.997851 0.000041 0.063012 0.998013 0.005297 0.053839 0.998536 0.024860 0.051547 0.998361 0.018543 0.053053 0.998420 0.030506 0.039445 0.998756 -0.004082 0.035328 0.999367 -0.021771 0.027084 0.999396 0.013824 0.012577 0.999825 -0.006921 0.007220 0.999950 -0.048697 0.001554 0.998812 -0.063102 -0.013632 0.997914 -0.026002 -0.033620 0.999096 0.016310 -0.019522 0.999676 0.062648 -0.031543 0.997537 0.035698 -0.049366 0.998143 -0.002738 -0.032047 0.999483 -0.031377 -0.017709 0.999351 -0.054352 -0.035068 0.997906 -0.119429 -0.039034 0.992075 -0.134838 -0.039885 0.990065 -0.008646 -0.046296 0.998890 0.085433 -0.021490 0.996112 0.057447 0.042490 0.997444 0.011390 0.105670 0.994336 0.002864 0.112032 0.993701 0.096344 0.055843 0.993780 0.130683 0.033553 0.990856 0.380310 -0.052652 0.923359 0.516418 -0.023352 0.856018 0.516537 -0.031888 0.855671 0.536200 -0.209294 0.817732 0.512309 -0.323612 0.795497 0.574950 -0.297772 0.762079 0.554810 -0.152469 0.817887 0.495113 -0.047625 0.867522 0.496030 -0.084370 0.864197 0.429748 -0.085101 0.898930 0.364705 -0.030993 0.930607 0.363661 -0.036971 0.930797 0.353985 -0.044075 0.934212 0.342342 -0.061987 0.937528 0.314287 -0.078966 0.946038 0.400537 -0.093706 0.911476 0.401950 -0.067805 0.913147 0.308466 -0.029400 0.950781 0.316114 -0.010357 0.948665 0.289294 0.026180 0.956882 0.250939 0.045259 0.966944 0.204690 0.054795 0.977292 0.149195 0.081118 0.985475 0.080969 0.122861 0.989115 0.077743 0.147007 0.986076 0.104933 0.176147 0.978755 0.123687 0.207344 0.970417 0.114317 0.248389 0.961891 0.098935 0.259467 0.960671 0.047693 0.255751 0.965566 -0.012819 0.257721 0.966134 0.005723 0.224879 0.974370 0.016609 0.196425 0.980378 0.018656 0.160540 0.986853 0.036010 0.109415 0.993344 0.070402 0.082565 0.994096 0.104733 0.065691 0.992328 0.095234 0.063761 0.993411 0.058667 0.095234 0.993725 0.047714 0.112140 0.992546 0.060042 0.099464 0.993228 0.063183 0.092788 0.993679 0.029506 0.092233 0.995300 -0.038857 0.091442 0.995052 -0.078884 0.083751 0.993359 -0.101421 0.076521 0.991896 -0.136370 0.070065 0.988177 -0.171148 0.058628 0.983499 -0.195215 0.050716 0.979448 -0.226690 0.061998 0.971992 -0.247647 0.072717 0.966118 -0.221470 0.043417 0.974200 -0.183111 0.052822 0.981672 -0.025986 0.002029 0.999660 -0.042751 0.028127 0.998690 -0.013358 0.016554 0.999774 -0.039787 0.019395 0.999020 -0.047738 0.031166 0.998374 -0.018584 0.030103 0.999374 -0.031662 0.041547 0.998635 -0.016929 0.045847 0.998805 -0.009367 0.037633 0.999248 0.009817 0.038636 0.999205 0.003945 0.071023 0.997467 -0.025116 0.081950 0.996320 0.006579 0.062923 0.997997 -0.005539 0.065383 0.997845 -0.008133 0.073356 0.997273 -0.021355 0.068214 0.997442 0.013889 0.057843 0.998229 -0.001423 0.072090 0.997397 -0.026974 0.072579 0.996998 -0.013611 0.071291 0.997363 0.006321 0.054238 0.998508 -0.005127 0.061421 0.998099 -0.001843 0.057430 0.998348 0.024056 0.052416 0.998336 0.013829 0.048932 0.998706 0.016859 0.039108 0.999093 -0.013751 0.027181 0.999536 -0.024221 0.019964 0.999507 -0.003839 0.020827 0.999776 -0.003491 0.006297 0.999974 -0.049947 0.024009 0.998463 -0.091495 0.023425 0.995530 -0.038290 -0.011002 0.999206 0.035996 -0.022188 0.999106 0.049249 -0.013944 0.998689 0.022868 -0.026118 0.999397 0.015441 -0.028079 0.999486 -0.022179 -0.009307 0.999711 -0.075028 -0.003928 0.997174 -0.105538 0.003014 0.994411 -0.101950 0.037116 0.994097 0.006909 0.078925 0.996857 0.100969 0.075779 0.991999 0.093088 0.065672 0.993490 0.072801 0.084905 0.993726 -0.007571 0.142573 0.989755 0.027913 0.127892 0.991395 0.113545 0.079759 0.990326 0.255524 0.015926 0.966672 0.501032 -0.165997 0.849359 0.518136 -0.188103 0.834357 0.430572 -0.106479 0.896253 0.451088 -0.180244 0.874089 0.637116 -0.218009 0.739294 0.662814 -0.123040 0.738606 0.529308 -0.058207 0.846431 0.424075 -0.092263 0.900915 0.472614 -0.146684 0.868976 0.402525 -0.057769 0.913584 0.342214 -0.018450 0.939441 0.347191 -0.034609 0.937156 0.329283 -0.034077 0.943616 0.328444 -0.032703 0.943957 0.368901 -0.028550 0.929030 0.416312 -0.091353 0.904621 0.320657 -0.088260 0.943074 0.324822 -0.083781 0.942057 0.317765 -0.081605 0.944651 0.266635 -0.057246 0.962096 0.214002 -0.041541 0.975949 0.175312 -0.032425 0.983979 0.123678 -0.001886 0.992321 0.110712 0.035479 0.993219 0.149855 0.072147 0.986072 0.161926 0.109625 0.980695 0.137229 0.134347 0.981386 0.090219 0.132516 0.987066 0.035593 0.120529 0.992072 -0.012885 0.122173 0.992425 -0.032407 0.122868 0.991894 -0.010104 0.095783 0.995351 -0.002678 0.083657 0.996491 0.020438 0.094836 0.995283 0.058918 0.100035 0.993238 0.085516 0.080507 0.993079 0.096217 0.056387 0.993762 0.082000 0.058521 0.994913 0.055107 0.069124 0.996085 0.042779 0.068360 0.996743 0.046167 0.043799 0.997973 0.022977 0.015047 0.999623 -0.034398 0.013282 0.999320 -0.084733 0.019256 0.996218 -0.096849 0.016129 0.995168 -0.130957 0.032164 0.990866 -0.174569 0.050562 0.983346 -0.201950 0.059523 0.977586 -0.222057 0.058295 0.973289 -0.248841 0.061184 0.966610 -0.260275 0.069157 0.963055 -0.246292 0.026098 0.968844 -0.018627 -0.010026 0.999776 -0.022099 -0.005928 0.999738 -0.021412 0.007782 0.999740 -0.018496 0.009790 0.999781 -0.043046 0.031707 0.998570 -0.020272 0.033762 0.999224 -0.014828 0.035557 0.999258 -0.016506 0.055877 0.998301 -0.017013 0.052859 0.998457 0.011654 0.044225 0.998954 0.031797 0.044946 0.998483 -0.034945 0.057170 0.997753 -0.004937 0.048952 0.998789 -0.000843 0.051259 0.998685 0.000482 0.049991 0.998750 -0.029438 0.062795 0.997592 0.005104 0.053151 0.998573 0.008335 0.048560 0.998786 -0.017801 0.053840 0.998391 -0.018553 0.063598 0.997803 0.002765 0.058487 0.998284 -0.003051 0.063071 0.998004 -0.003592 0.058868 0.998259 0.017849 0.056956 0.998217 0.010839 0.052146 0.998581 -0.005601 0.038686 0.999236 -0.017428 0.015261 0.999732 -0.023831 0.017765 0.999558 -0.001907 0.026882 0.999637 -0.010285 0.028038 0.999554 -0.027894 0.024672 0.999306 -0.086592 0.045674 0.995196 -0.085696 0.034510 0.995723 0.028831 -0.009802 0.999536 0.048134 -0.006378 0.998821 0.024163 0.005336 0.999694 0.028789 0.028102 0.999190 -0.001926 0.047506 0.998869 -0.070775 0.065855 0.995316 -0.077125 0.063136 0.995020 -0.077462 0.074285 0.994224 0.011988 0.059151 0.998177 0.081359 0.041923 0.995803 0.089234 0.046680 0.994916 0.080833 0.052558 0.995341 0.048837 0.065287 0.996671 0.020058 0.117164 0.992910 0.091919 0.114565 0.989154 0.137250 0.090055 0.986434 0.345406 -0.046825 0.937285 0.531080 -0.162419 0.831609 0.493872 -0.158082 0.855044 0.426581 -0.160560 0.890084 0.660396 -0.114379 0.742155 0.667359 -0.076403 0.740806 0.533213 -0.158707 0.830961 0.410173 -0.098142 0.906712 0.444409 -0.088584 0.891433 0.476765 -0.118653 0.870986 0.373386 -0.073648 0.924748 0.347190 -0.047548 0.936589 0.343785 -0.033636 0.938446 0.339315 -0.013866 0.940571 0.337304 -0.005689 0.941379 0.358705 -0.070176 0.930809 0.328397 -0.112583 0.937806 0.314780 -0.119116 0.941661 0.305939 -0.145300 0.940898 0.275737 -0.170290 0.946029 0.224891 -0.167164 0.959938 0.178864 -0.158456 0.971030 0.156687 -0.155375 0.975350 0.132440 -0.128663 0.982805 0.167522 -0.128907 0.977404 0.185379 -0.125538 0.974615 0.152980 -0.102123 0.982938 0.097640 -0.074609 0.992421 0.047786 -0.032403 0.998332 0.014649 0.008046 0.999860 -0.016304 0.059944 0.998069 -0.028756 0.086551 0.995832 -0.005217 0.064335 0.997915 0.049747 0.057868 0.997084 0.059611 0.082898 0.994774 0.061300 0.076466 0.995186 0.068357 0.053838 0.996207 0.080937 0.025346 0.996397 0.054482 0.013043 0.998430 0.026983 -0.003163 0.999631 0.007242 -0.037962 0.999253 -0.013651 -0.090685 0.995786 -0.041533 -0.139262 0.989384 -0.084247 -0.159005 0.983677 -0.102511 -0.171500 0.979836 -0.112728 -0.183378 0.976558 -0.145885 -0.169633 0.974650 -0.178676 -0.138259 0.974145 -0.207316 -0.104821 0.972642 -0.231291 -0.070485 0.970328 -0.224082 -0.026007 0.974223 -0.241695 0.054086 0.968844 -0.028646 0.023340 0.999317 -0.013786 0.013164 0.999818 -0.015786 0.021092 0.999653 -0.016113 0.019480 0.999680 -0.023287 0.027841 0.999341 -0.018906 0.039743 0.999031 -0.006585 0.045464 0.998944 -0.005111 0.049551 0.998759 -0.013069 0.054992 0.998401 -0.006912 0.060998 0.998114 0.031404 0.034351 0.998916 -0.022675 0.044868 0.998736 -0.012587 0.051049 0.998617 0.010297 0.045162 0.998927 -0.007980 0.052284 0.998600 -0.014124 0.041450 0.999041 -0.004822 0.053475 0.998558 0.012680 0.051347 0.998600 -0.018187 0.054657 0.998340 -0.015424 0.054495 0.998395 -0.004301 0.045079 0.998974 0.009457 0.049611 0.998724 -0.011692 0.059117 0.998183 0.013847 0.053767 0.998458 0.004970 0.044243 0.999008 -0.026987 0.039063 0.998872 -0.020891 0.028604 0.999372 -0.027256 0.042183 0.998738 0.011502 0.029813 0.999489 -0.013869 0.035885 0.999260 -0.036464 0.027390 0.998960 -0.088712 -0.007796 0.996027 -0.102648 -0.016513 0.994581 0.012053 -0.012327 0.999851 0.077099 0.014366 0.996920 0.057173 0.057739 0.996693 0.043678 0.083610 0.995541 0.017575 0.078942 0.996724 -0.066212 0.081414 0.994479 -0.107464 0.051201 0.992890 -0.099906 0.004901 0.994985 -0.022499 -0.022591 0.999492 0.085721 -0.028951 0.995898 0.116412 -0.000424 0.993201 0.094678 0.029182 0.995080 0.074762 0.038466 0.996459 0.047747 0.050446 0.997585 0.057985 0.026169 0.997974 0.113706 -0.017511 0.993360 0.282585 -0.016640 0.959098 0.482974 -0.030335 0.875109 0.509212 -0.067351 0.858002 0.433297 0.027489 0.900832 0.612887 -0.024015 0.789806 0.690776 -0.159419 0.705276 0.499573 -0.126167 0.857035 0.504901 -0.148619 0.850287 0.461681 -0.035036 0.886354 0.455263 -0.015558 0.890221 0.388049 -0.044621 0.920558 0.349193 -0.036923 0.936323 0.370427 -0.030299 0.928367 0.339979 -0.004154 0.940424 0.333335 -0.024128 0.942499 0.313352 -0.035484 0.948974 0.310603 -0.057611 0.948792 0.302456 -0.077843 0.949979 0.271257 -0.098026 0.957502 0.248166 -0.141006 0.958400 0.234616 -0.164418 0.958083 0.183206 -0.148058 0.971861 0.156349 -0.152593 0.975843 0.151177 -0.151182 0.976877 0.149906 -0.139828 0.978763 0.185360 -0.153446 0.970616 0.188665 -0.139127 0.972137 0.148104 -0.088587 0.984996 0.111753 -0.031587 0.993234 0.055272 0.015453 0.998352 0.024886 0.018737 0.999515 -0.015256 0.016633 0.999745 -0.023935 0.022844 0.999452 0.039457 0.021223 0.998996 0.083317 0.031167 0.996036 0.060262 0.064929 0.996069 0.051806 0.075884 0.995770 0.047878 0.055850 0.997291 0.025728 0.010022 0.999619 -0.010731 -0.041400 0.999085 -0.046418 -0.099931 0.993911 -0.071253 -0.158100 0.984849 -0.098319 -0.209107 0.972938 -0.111923 -0.261780 0.958616 -0.120812 -0.288829 0.949728 -0.126082 -0.308657 0.942780 -0.133939 -0.327000 0.935485 -0.147230 -0.325936 0.933857 -0.166761 -0.309260 0.936242 -0.181251 -0.281431 0.942308 -0.183572 -0.267769 0.945833 -0.153669 -0.224052 0.962386 -0.026911 0.054890 0.998130 -0.017281 0.052581 0.998467 -0.013297 0.048396 0.998740 -0.014929 0.047739 0.998748 -0.014987 0.053213 0.998471 -0.007988 0.060132 0.998158 -0.007740 0.065967 0.997792 -0.004008 0.061169 0.998119 -0.009672 0.058340 0.998250 -0.008754 0.062618 0.997999 0.009421 0.053786 0.998508 -0.003218 0.041537 0.999132 -0.020883 0.050640 0.998499 0.012770 0.041245 0.999067 -0.014618 0.049373 0.998673 -0.020016 0.033147 0.999250 -0.008357 0.024833 0.999657 0.027641 0.018080 0.999454 -0.015895 0.051215 0.998561 -0.018203 0.045003 0.998821 -0.015551 0.043530 0.998931 0.016486 0.032021 0.999351 -0.007712 0.035239 0.999349 0.003773 0.025322 0.999672 -0.006812 0.009002 0.999936 -0.025426 0.005561 0.999661 -0.018694 0.007063 0.999800 -0.004888 0.022708 0.999730 -0.004517 0.036174 0.999335 -0.016850 0.028061 0.999464 -0.056242 0.012159 0.998343 -0.123479 0.007159 0.992321 -0.086703 0.006764 0.996211 0.039000 0.049959 0.997990 0.113954 0.072820 0.990814 0.088449 0.077567 0.993056 0.047465 0.089552 0.994851 -0.001022 0.076792 0.997047 -0.079526 0.064973 0.994713 -0.163578 0.045437 0.985484 -0.138533 -0.009111 0.990316 -0.018236 -0.022520 0.999580 0.107308 -0.000226 0.994226 0.145394 0.020076 0.989170 0.104388 0.027343 0.994161 0.070282 0.014056 0.997428 0.027916 -0.004166 0.999602 -0.016189 -0.064607 0.997779 0.076754 -0.151185 0.985521 0.255066 -0.210825 0.943660 0.506569 -0.184917 0.842137 0.515827 -0.075936 0.853321 0.536793 -0.087304 0.839185 0.515868 -0.035375 0.855938 0.674909 -0.128992 0.726539 0.487174 -0.066211 0.870791 0.465124 -0.199307 0.862518 0.532439 -0.229438 0.814780 0.471966 -0.109892 0.874741 0.397094 -0.048103 0.916517 0.365990 -0.020211 0.930399 0.374048 -0.013719 0.927308 0.347734 -0.013161 0.937501 0.311176 -0.021256 0.950115 0.314794 -0.023146 0.948878 0.294629 -0.014986 0.955494 0.291727 -0.032459 0.955951 0.254630 -0.043425 0.966063 0.214642 -0.062801 0.974672 0.227458 -0.092086 0.969424 0.211864 -0.090527 0.973097 0.165924 -0.047858 0.984977 0.168794 -0.011041 0.985589 0.160519 0.015261 0.986915 0.184832 0.022351 0.982516 0.213487 0.021753 0.976704 0.187630 0.027926 0.981843 0.137402 0.026954 0.990149 0.054060 0.006219 0.998518 -0.014708 -0.031339 0.999401 -0.050954 -0.077318 0.995704 -0.012740 -0.104368 0.994457 0.072693 -0.059490 0.995579 0.128926 0.003668 0.991647 0.098168 0.058230 0.993465 0.069538 0.090810 0.993437 0.022912 0.108606 0.993821 -0.031267 0.079889 0.996313 -0.074306 0.018476 0.997064 -0.113506 -0.043297 0.992593 -0.130241 -0.109735 0.985391 -0.144750 -0.163628 0.975845 -0.159249 -0.205108 0.965697 -0.148442 -0.247545 0.957437 -0.147309 -0.275334 0.949995 -0.153560 -0.290397 0.944505 -0.150988 -0.305528 0.940136 -0.158747 -0.313509 0.936222 -0.159458 -0.313419 0.936131 -0.182464 -0.276072 0.943658 -0.208967 -0.290861 0.933666 -0.005329 0.068140 0.997662 -0.009319 0.079838 0.996764 -0.018499 0.090762 0.995701 -0.010265 0.088147 0.996055 -0.017522 0.091547 0.995647 0.002130 0.081135 0.996701 -0.015259 0.086366 0.996147 -0.001680 0.074482 0.997221 -0.015803 0.085136 0.996244 -0.006890 0.074281 0.997214 -0.003862 0.067577 0.997707 -0.008763 0.058671 0.998239 -0.034179 0.046984 0.998311 0.021726 0.026607 0.999410 -0.005802 0.058366 0.998278 -0.036859 0.057327 0.997675 -0.029555 0.043961 0.998596 0.038806 0.017867 0.999087 0.009152 0.040919 0.999121 -0.022805 0.048723 0.998552 -0.022290 0.045096 0.998734 0.009097 0.034421 0.999366 -0.014218 0.028008 0.999507 -0.024129 0.005984 0.999691 -0.020241 -0.021563 0.999563 -0.013643 -0.021224 0.999682 -0.013908 0.007566 0.999875 0.001199 0.005410 0.999985 0.000826 -0.001942 0.999998 -0.022564 -0.004927 0.999733 -0.067872 -0.008059 0.997661 -0.110424 -0.010511 0.993829 -0.061497 -0.003050 0.998103 0.088250 0.017307 0.995948 0.112563 0.047020 0.992531 0.071936 0.046666 0.996317 0.044874 0.034811 0.998386 -0.008452 0.037385 0.999265 -0.079932 0.042753 0.995883 -0.174802 0.043619 0.983637 -0.167390 0.040699 0.985050 -0.019293 0.027361 0.999439 0.114987 0.011646 0.993299 0.139658 -0.009660 0.990153 0.094809 -0.033865 0.994919 0.044144 -0.047437 0.997898 -0.002409 -0.075324 0.997156 -0.077911 -0.096479 0.992281 0.003042 -0.140968 0.990009 0.166609 -0.171883 0.970926 0.468636 -0.302530 0.829973 0.576448 -0.333304 0.746067 0.500489 -0.223573 0.836377 0.452992 -0.254827 0.854319 0.656779 -0.286426 0.697568 0.600942 -0.148438 0.785388 0.326473 -0.038115 0.944438 0.528596 -0.122275 0.840021 0.574496 -0.128050 0.808429 0.442932 -0.041475 0.895595 0.388819 -0.018585 0.921127 0.360863 -0.010198 0.932563 0.351558 -0.029912 0.935688 0.307199 -0.016102 0.951509 0.327186 -0.012046 0.944883 0.302490 0.000626 0.953152 0.271991 0.002040 0.962298 0.245103 -0.018727 0.969316 0.205239 -0.021987 0.978465 0.201681 -0.023877 0.979160 0.216014 -0.053993 0.974896 0.246725 -0.024557 0.968774 0.219289 0.085050 0.971946 0.161857 0.108014 0.980885 0.187837 0.072653 0.979510 0.190061 0.060994 0.979876 0.162334 0.006153 0.986717 0.105150 -0.036746 0.993777 0.015360 -0.061976 0.997959 -0.065727 -0.096709 0.993140 -0.067545 -0.131919 0.988957 0.007997 -0.108294 0.994087 0.141813 -0.051839 0.988535 0.185397 0.009431 0.982618 0.138795 0.047373 0.989187 0.093400 0.068134 0.993295 0.044799 0.099970 0.993981 -0.057031 0.127842 0.990154 -0.122927 0.113195 0.985939 -0.161819 0.077468 0.983775 -0.190238 0.035854 0.981083 -0.193240 -0.014475 0.981045 -0.204301 -0.052849 0.977481 -0.198497 -0.092049 0.975769 -0.182006 -0.137177 0.973682 -0.175515 -0.167196 0.970175 -0.174837 -0.190348 0.966023 -0.174483 -0.212232 0.961516 -0.173090 -0.229686 0.957750 -0.138449 -0.263458 0.954684 -0.141549 -0.239308 0.960571 -0.006993 0.084748 0.996378 0.006685 0.075615 0.997115 -0.013357 0.078754 0.996805 -0.000749 0.083461 0.996511 -0.020819 0.102057 0.994561 -0.011840 0.089707 0.995898 -0.014965 0.083261 0.996415 -0.010799 0.077351 0.996945 -0.008496 0.070873 0.997449 -0.014805 0.070852 0.997377 -0.021456 0.066071 0.997584 -0.005777 0.049444 0.998760 -0.048597 0.069911 0.996369 -0.001154 0.041121 0.999154 0.028316 0.020720 0.999384 -0.032599 0.050000 0.998217 -0.041478 0.066598 0.996917 0.012062 0.044070 0.998956 0.031993 0.027442 0.999111 -0.023909 0.038374 0.998977 -0.030631 0.041498 0.998669 -0.004794 0.023008 0.999724 -0.020010 0.013684 0.999706 -0.047715 0.011741 0.998792 -0.033738 -0.002233 0.999428 -0.006042 -0.005668 0.999966 0.014512 -0.006734 0.999872 -0.006291 0.009202 0.999938 -0.009347 0.004381 0.999947 -0.037155 -0.006599 0.999288 -0.069279 -0.022878 0.997335 -0.105049 -0.022134 0.994221 -0.067516 -0.007527 0.997690 0.075241 -0.024038 0.996876 0.134363 -0.047204 0.989807 0.084489 -0.026324 0.996077 0.051130 -0.009855 0.998643 0.001036 -0.003315 0.999994 -0.069766 0.005225 0.997550 -0.169885 0.020635 0.985248 -0.176824 0.020098 0.984037 -0.042528 -0.004924 0.999083 0.081209 -0.045108 0.995676 0.097872 -0.088667 0.991241 0.073789 -0.126440 0.989226 0.036889 -0.131961 0.990568 -0.024868 -0.134373 0.990619 -0.075561 -0.146350 0.986343 -0.010700 -0.118204 0.992932 0.155044 -0.121430 0.980416 0.340143 -0.102362 0.934786 0.507770 -0.250902 0.824147 0.586967 -0.330549 0.739059 0.509780 -0.152441 0.846692 0.614039 -0.119459 0.780183 0.698147 -0.224368 0.679890 0.449990 -0.058240 0.891132 0.491490 0.066560 0.868336 0.564202 -0.026561 0.825209 0.481069 -0.058734 0.874713 0.372077 -0.030850 0.927689 0.369308 -0.043776 0.928275 0.346865 -0.017485 0.937752 0.329632 0.000379 0.944109 0.324725 0.014627 0.945695 0.306080 0.004820 0.951993 0.265953 0.000676 0.963986 0.237714 0.001199 0.971334 0.220096 0.016684 0.975335 0.200348 0.044654 0.978707 0.191439 0.044480 0.980496 0.271550 -0.000768 0.962424 0.280510 -0.031641 0.959329 0.148054 -0.027729 0.988591 0.136924 -0.052240 0.989203 0.157480 -0.093557 0.983080 0.099234 -0.133927 0.986010 0.068086 -0.181949 0.980948 0.017513 -0.205841 0.978429 -0.066804 -0.172785 0.982691 -0.070410 -0.142131 0.987340 0.061989 -0.110922 0.991894 0.201678 -0.049141 0.978218 0.218960 -0.009368 0.975689 0.154434 0.001513 0.988002 0.102009 0.010745 0.994725 0.091627 0.026096 0.995451 -0.011130 0.095299 0.995387 -0.126450 0.151448 0.980344 -0.184492 0.151711 0.971054 -0.221706 0.133180 0.965976 -0.226767 0.106988 0.968055 -0.228818 0.084896 0.969760 -0.229145 0.066189 0.971139 -0.223289 0.038660 0.973985 -0.207558 -0.001038 0.978222 -0.207469 -0.032637 0.977697 -0.201039 -0.063344 0.977533 -0.192415 -0.076206 0.978350 -0.194656 -0.084265 0.977245 -0.158581 -0.166397 0.973223 -0.028611 0.084508 0.996012 -0.005991 0.080246 0.996757 -0.020443 0.071808 0.997209 -0.001445 0.056539 0.998399 -0.005189 0.050634 0.998704 -0.022568 0.058124 0.998054 -0.011500 0.057460 0.998282 -0.020527 0.060943 0.997930 -0.015214 0.053817 0.998435 -0.017998 0.045107 0.998820 -0.022937 0.049365 0.998517 -0.013640 0.045206 0.998885 -0.019252 0.048384 0.998643 -0.041984 0.068583 0.996762 0.011266 0.028779 0.999522 -0.005089 0.017921 0.999826 -0.024886 0.041288 0.998837 -0.017212 0.050985 0.998551 0.018036 0.017722 0.999680 -0.008082 0.012908 0.999884 -0.028903 0.030984 0.999102 -0.027191 0.028696 0.999218 -0.023738 0.010444 0.999664 -0.041459 0.012710 0.999059 -0.038568 0.021218 0.999031 -0.012790 0.016540 0.999781 0.015510 0.014402 0.999776 -0.004922 0.023679 0.999708 -0.016982 0.012148 0.999782 -0.041853 0.003290 0.999118 -0.084709 -0.003433 0.996400 -0.097544 -0.009866 0.995182 -0.059000 -0.004874 0.998246 0.068207 -0.005327 0.997657 0.112708 -0.014234 0.993526 0.096469 -0.040361 0.994517 0.057265 -0.037471 0.997656 0.005965 -0.029343 0.999552 -0.058037 -0.015186 0.998199 -0.143308 0.011976 0.989606 -0.187038 0.044679 0.981336 -0.092693 0.013655 0.995601 0.026106 -0.053562 0.998223 0.033300 -0.135223 0.990255 0.049703 -0.217099 0.974883 0.036214 -0.234840 0.971359 -0.015909 -0.231941 0.972600 -0.054342 -0.190039 0.980271 0.020240 -0.148939 0.988639 0.160641 -0.110038 0.980860 0.385762 -0.065178 0.920293 0.426149 0.025834 0.904284 0.616281 -0.022493 0.787205 0.625116 -0.034925 0.779750 0.559038 0.019888 0.828904 0.667755 -0.107784 0.736536 0.605464 -0.118561 0.786992 0.495670 0.000963 0.868510 0.454607 -0.079074 0.887175 0.510326 -0.163689 0.844259 0.398484 -0.069785 0.914517 0.375316 -0.048271 0.925639 0.382917 -0.027535 0.923372 0.347192 0.005632 0.937777 0.325349 0.011703 0.945522 0.296938 0.009820 0.954846 0.266034 0.010469 0.963907 0.247568 0.018158 0.968700 0.246006 0.033244 0.968698 0.220502 0.049292 0.974140 0.181223 0.041126 0.982582 0.194553 0.006227 0.980872 0.194181 -0.097087 0.976150 0.117386 -0.206553 0.971368 0.113323 -0.230326 0.966493 0.141015 -0.236413 0.961366 0.076065 -0.230945 0.969989 0.041310 -0.227989 0.972787 0.007168 -0.236248 0.971666 -0.008066 -0.224181 0.974514 -0.016772 -0.153117 0.988066 0.123108 -0.083172 0.988902 0.234744 -0.029810 0.971600 0.218853 -0.039803 0.974946 0.164778 -0.060075 0.984499 0.120417 -0.031205 0.992233 0.115653 -0.006430 0.993269 0.076174 0.030429 0.996630 -0.064410 0.123227 0.990286 -0.178473 0.182588 0.966855 -0.229669 0.193055 0.953930 -0.242200 0.187196 0.951996 -0.243690 0.170709 0.954711 -0.240489 0.151667 0.958730 -0.243389 0.141981 0.959481 -0.244175 0.120621 0.962200 -0.231758 0.085232 0.969032 -0.225567 0.064290 0.972104 -0.199446 0.038633 0.979147 -0.198347 0.027447 0.979747 -0.202983 0.022213 0.978930 -0.024438 0.037863 0.998984 -0.012798 0.046108 0.998854 -0.016792 0.045764 0.998811 -0.022151 0.050050 0.998501 -0.010299 0.032903 0.999405 -0.024944 0.029030 0.999267 -0.004439 0.024532 0.999689 -0.021768 0.034579 0.999165 -0.017806 0.026895 0.999480 -0.025036 0.029870 0.999240 -0.009823 0.024827 0.999644 -0.028336 0.034895 0.998989 -0.006306 0.019978 0.999781 -0.034124 0.037192 0.998725 -0.018111 0.039596 0.999052 -0.009124 0.023884 0.999673 -0.009142 0.015216 0.999842 -0.021594 0.020351 0.999560 -0.008858 0.012696 0.999880 -0.002966 -0.000310 0.999996 -0.016025 0.003035 0.999867 -0.026238 0.014375 0.999552 -0.034005 0.022580 0.999167 -0.029555 0.025367 0.999241 -0.031827 0.045057 0.998477 -0.022374 0.051808 0.998406 0.009711 0.025599 0.999625 0.007840 0.008806 0.999930 -0.032224 0.011378 0.999416 -0.052241 0.002144 0.998632 -0.092472 -0.001425 0.995714 -0.094633 -0.007217 0.995486 -0.064313 -0.004741 0.997919 0.057309 -0.025420 0.998033 0.105977 -0.024243 0.994073 0.077235 -0.015187 0.996897 0.059413 -0.024840 0.997924 0.020364 -0.020639 0.999580 -0.032641 -0.001537 0.999466 -0.096038 0.034573 0.994777 -0.176273 0.070872 0.981787 -0.137137 0.051306 0.989222 -0.043202 0.003161 0.999061 -0.051977 -0.041696 0.997777 -0.051752 -0.118808 0.991568 0.011018 -0.210854 0.977456 -0.010831 -0.241700 0.970291 0.011001 -0.240493 0.970588 0.063714 -0.178368 0.981899 0.239871 -0.112677 0.964244 0.427380 -0.005098 0.904058 0.519698 0.051164 0.852816 0.584085 0.126611 0.801757 0.601605 0.102099 0.792242 0.523314 -0.000468 0.852140 0.600887 -0.095321 0.793630 0.644811 -0.121388 0.754641 0.510595 -0.097923 0.854227 0.414164 -0.096566 0.905065 0.487996 -0.085188 0.868679 0.495187 -0.085931 0.864526 0.380538 -0.011833 0.924690 0.397481 -0.010403 0.917551 0.360789 -0.004941 0.932634 0.325058 0.010517 0.945636 0.301993 0.014460 0.953201 0.274904 0.028822 0.961040 0.268686 0.049016 0.961980 0.242160 0.066777 0.967936 0.194360 0.020704 0.980712 0.142245 -0.047264 0.988702 0.134190 -0.100915 0.985804 0.109175 -0.160938 0.980908 0.046924 -0.207851 0.977034 0.097010 -0.244669 0.964742 0.131762 -0.263508 0.955616 0.099628 -0.263134 0.959601 0.060399 -0.236587 0.969731 0.027136 -0.196408 0.980147 0.029572 -0.151464 0.988020 0.055996 -0.104774 0.992918 0.175258 -0.059265 0.982737 0.252775 -0.034001 0.966927 0.193275 -0.037416 0.980431 0.145370 -0.056742 0.987749 0.157573 -0.065995 0.985300 0.135191 -0.039028 0.990051 0.128128 -0.018044 0.991593 0.027559 0.048210 0.998457 -0.120068 0.134005 0.983680 -0.208178 0.193681 0.958723 -0.241552 0.220861 0.944920 -0.253985 0.225231 0.940618 -0.256441 0.216321 0.942042 -0.249522 0.198350 0.947838 -0.260997 0.188072 0.946842 -0.254363 0.171320 0.951814 -0.239568 0.154508 0.958506 -0.225758 0.138537 0.964282 -0.206818 0.117756 0.971267 -0.210834 0.090797 0.973296 -0.023678 0.018296 0.999552 -0.018270 0.015643 0.999711 -0.012801 0.007106 0.999893 -0.023880 0.014558 0.999609 -0.015614 0.009225 0.999836 -0.023920 0.016753 0.999574 -0.007976 0.014703 0.999860 -0.018160 0.012623 0.999755 -0.021229 0.012842 0.999692 -0.025159 0.016110 0.999554 -0.013648 0.008302 0.999872 -0.021738 0.012172 0.999690 -0.019035 0.010295 0.999766 -0.016208 0.006211 0.999849 -0.019565 0.009902 0.999760 -0.021406 0.010595 0.999715 -0.016634 0.000759 0.999861 -0.018988 -0.000457 0.999820 -0.014233 0.001748 0.999897 -0.013233 -0.002769 0.999909 -0.012611 -0.012415 0.999843 -0.015222 -0.011127 0.999822 -0.019292 0.003651 0.999807 -0.020310 0.019030 0.999613 -0.010932 0.024712 0.999635 -0.019040 0.033783 0.999248 -0.026402 0.035567 0.999018 -0.018718 0.003844 0.999817 -0.037198 -0.015355 0.999190 -0.052952 -0.018928 0.998418 -0.082616 -0.012009 0.996509 -0.104527 -0.002748 0.994518 -0.059262 -0.006590 0.998221 0.036458 0.006290 0.999315 0.131353 0.002780 0.991332 0.085519 0.026774 0.995977 0.059151 0.024728 0.997943 0.022321 0.018755 0.999575 -0.011794 0.019572 0.999739 -0.058875 0.039144 0.997498 -0.155509 0.081826 0.984440 -0.184691 0.077516 0.979735 -0.100882 0.010993 0.994838 -0.065487 -0.048365 0.996681 -0.105743 -0.041697 0.993519 -0.058088 -0.077795 0.995276 -0.043510 -0.126586 0.991001 0.016602 -0.141118 0.989854 0.106175 -0.127868 0.986092 0.346020 -0.067900 0.935767 0.466334 0.042761 0.883574 0.581214 0.050156 0.812204 0.572432 0.126000 0.810213 0.590180 0.026161 0.806848 0.445792 0.049534 0.893765 0.546428 -0.011426 0.837428 0.597641 -0.147617 0.788058 0.554862 -0.218300 0.802791 0.454226 -0.130570 0.881266 0.497157 -0.040051 0.866736 0.510283 -0.044024 0.858879 0.396799 -0.040444 0.917014 0.405947 -0.037869 0.913112 0.364109 -0.008253 0.931320 0.341027 -0.009956 0.940001 0.313170 0.008613 0.949658 0.297928 0.035222 0.953938 0.290322 0.064961 0.954721 0.215068 0.058194 0.974864 0.118018 -0.018321 0.992842 0.059417 -0.103184 0.992886 0.071466 -0.185037 0.980130 0.074760 -0.238456 0.968272 0.020996 -0.244079 0.969528 0.080471 -0.253146 0.964075 0.120880 -0.252695 0.959965 0.110373 -0.251608 0.961515 0.080984 -0.239632 0.967480 0.084661 -0.224858 0.970707 0.090400 -0.159918 0.982982 0.116700 -0.082353 0.989747 0.192554 -0.018031 0.981121 0.246419 -0.019529 0.968967 0.179346 -0.052244 0.982398 0.142140 -0.064948 0.987714 0.157141 -0.061793 0.985641 0.142232 -0.064133 0.987754 0.149553 -0.070381 0.986246 0.101967 -0.038051 0.994060 -0.025906 0.043051 0.998737 -0.148692 0.143197 0.978461 -0.213751 0.200748 0.956039 -0.243005 0.225145 0.943535 -0.259374 0.237732 0.936060 -0.263840 0.233103 0.935976 -0.261470 0.225682 0.938457 -0.272864 0.222790 0.935901 -0.249901 0.198894 0.947624 -0.240156 0.185792 0.952789 -0.213882 0.170755 0.961820 -0.200679 0.171122 0.964596 -0.024880 -0.004473 0.999680 -0.024773 0.002252 0.999691 -0.017603 -0.002551 0.999842 -0.018035 -0.001238 0.999837 -0.017763 0.000371 0.999842 -0.016377 0.004105 0.999857 -0.009580 0.007269 0.999928 -0.018003 0.010955 0.999778 -0.020963 0.008895 0.999741 -0.024493 0.007594 0.999671 -0.019455 0.005576 0.999795 -0.015661 0.005218 0.999864 -0.022180 0.009563 0.999708 -0.020417 0.007090 0.999766 -0.025979 -0.001036 0.999662 -0.024551 -0.013106 0.999613 -0.020403 -0.015157 0.999677 -0.012240 -0.012445 0.999848 -0.013849 -0.007952 0.999872 -0.018807 -0.008612 0.999786 -0.019880 -0.011612 0.999735 -0.013257 -0.014257 0.999810 -0.005684 -0.014737 0.999875 -0.009927 -0.005176 0.999937 -0.014765 0.000106 0.999891 -0.018173 -0.004821 0.999823 -0.028612 -0.006136 0.999572 -0.030688 -0.005228 0.999515 -0.039791 -0.002314 0.999205 -0.054648 -0.002702 0.998502 -0.074051 -0.001269 0.997254 -0.100749 0.010203 0.994860 -0.057912 0.004077 0.998313 0.058560 0.008470 0.998248 0.119965 0.006244 0.992758 0.089818 -0.023997 0.995669 0.047230 -0.037731 0.998171 0.009244 -0.040997 0.999117 -0.009558 -0.055067 0.998437 -0.035091 -0.043148 0.998452 -0.102765 -0.008240 0.994672 -0.214037 0.032975 0.976269 -0.176304 -0.018838 0.984155 -0.119874 -0.091327 0.988580 -0.097955 -0.128991 0.986796 -0.091059 -0.133303 0.986883 -0.063857 -0.147808 0.986952 0.025653 -0.153211 0.987861 0.229036 -0.027541 0.973028 0.375551 0.139356 0.916265 0.499281 0.129502 0.856707 0.585409 0.100148 0.804529 0.575620 0.113760 0.809766 0.510998 0.030493 0.859041 0.499403 -0.007481 0.866338 0.509208 0.042605 0.859588 0.494550 0.017826 0.868966 0.529252 -0.131763 0.838171 0.531624 -0.155886 0.832512 0.532832 -0.108998 0.839172 0.503373 -0.115154 0.856362 0.405379 -0.075799 0.911001 0.414817 -0.079808 0.906398 0.391407 -0.050426 0.918835 0.337554 -0.034792 0.940663 0.328321 -0.034831 0.943924 0.312158 -0.036464 0.949330 0.274882 -0.085928 0.957631 0.108817 -0.216318 0.970240 0.097383 -0.316093 0.943717 0.019605 -0.214029 0.976630 -0.015051 -0.219315 0.975538 0.023122 -0.309497 0.950619 0.038426 -0.335090 0.941402 0.091558 -0.295177 0.951046 0.128074 -0.261651 0.956627 0.117668 -0.259135 0.958646 0.104907 -0.242994 0.964338 0.105316 -0.211034 0.971789 0.159536 -0.170952 0.972277 0.195378 -0.106704 0.974906 0.238761 -0.044545 0.970056 0.237443 -0.029035 0.970967 0.146139 -0.035603 0.988623 0.122360 -0.067220 0.990207 0.159898 -0.086704 0.983318 0.143780 -0.075455 0.986729 0.147276 -0.070261 0.986597 0.133348 -0.065172 0.988924 0.058990 -0.039242 0.997487 -0.040495 0.052099 0.997821 -0.161331 0.155865 0.974514 -0.225105 0.200677 0.953444 -0.250249 0.215781 0.943829 -0.271719 0.221049 0.936646 -0.265409 0.208456 0.941331 -0.274136 0.208761 0.938759 -0.273039 0.209046 0.939015 -0.256110 0.192522 0.947282 -0.230169 0.173522 0.957555 -0.201274 0.163997 0.965709 -0.021895 -0.008061 0.999728 -0.021001 -0.008791 0.999741 -0.018380 -0.004833 0.999819 -0.015652 -0.004593 0.999867 -0.016280 -0.004742 0.999856 -0.013512 -0.002705 0.999905 -0.008303 -0.004075 0.999957 -0.014510 -0.005333 0.999880 -0.020668 -0.000512 0.999786 -0.030614 0.001146 0.999531 -0.022988 -0.009668 0.999689 -0.013556 -0.013015 0.999823 -0.018537 -0.010657 0.999771 -0.024277 -0.009308 0.999662 -0.031471 -0.008813 0.999466 -0.034698 -0.010306 0.999345 -0.021070 -0.016452 0.999643 -0.011625 -0.019361 0.999745 -0.011997 -0.019760 0.999733 -0.018952 -0.018561 0.999648 -0.016004 -0.013909 0.999775 -0.014821 -0.006902 0.999866 -0.010180 -0.012906 0.999865 -0.004439 -0.020171 0.999787 -0.011869 -0.016986 0.999785 -0.016485 -0.013171 0.999777 -0.026380 -0.006238 0.999633 -0.031671 -0.007240 0.999472 -0.038763 -0.010222 0.999196 -0.051220 -0.007730 0.998657 -0.066433 0.002331 0.997788 -0.081470 0.019903 0.996477 -0.067777 0.045168 0.996678 0.041187 0.021808 0.998913 0.089430 -0.015594 0.995871 0.053572 -0.046601 0.997476 0.030538 -0.075021 0.996714 0.018705 -0.082411 0.996423 -0.019910 -0.071256 0.997259 -0.023518 -0.085444 0.996065 -0.093006 -0.115574 0.988935 -0.197198 -0.142658 0.969929 -0.225483 -0.145699 0.963291 -0.161975 -0.167492 0.972476 -0.126772 -0.194551 0.972666 -0.085984 -0.214675 0.972893 -0.065967 -0.197552 0.978070 0.055465 -0.160671 0.985448 0.388681 -0.129706 0.912197 0.542603 0.097687 0.834290 0.429932 0.263412 0.863581 0.553567 0.136090 0.821610 0.573853 0.115009 0.810842 0.436709 0.120819 0.891453 0.494845 0.062858 0.866705 0.518246 0.036967 0.854433 0.477794 0.012817 0.878378 0.453863 -0.008230 0.891033 0.539328 -0.049559 0.840636 0.516717 -0.063631 0.853788 0.490414 -0.101195 0.865595 0.455941 -0.112604 0.882858 0.398440 -0.080373 0.913666 0.415188 -0.106927 0.903430 0.339714 -0.092376 0.935981 0.329074 -0.089637 0.940040 0.282722 -0.102891 0.953667 0.174336 -0.147696 0.973547 -0.065738 -0.220875 0.973084 0.025098 -0.369485 0.928898 0.176300 -0.399086 0.899805 -0.002314 -0.295060 0.955476 -0.069121 -0.285049 0.956017 0.024788 -0.355167 0.934474 0.155408 -0.347929 0.924550 0.156620 -0.292294 0.943416 0.139684 -0.260620 0.955283 0.115818 -0.227787 0.966798 0.161610 -0.208899 0.964491 0.223192 -0.127842 0.966355 0.242114 -0.065644 0.968025 0.252699 -0.053271 0.966077 0.231845 -0.069408 0.970273 0.147027 -0.068329 0.986770 0.102543 -0.057063 0.993090 0.146078 -0.070237 0.986777 0.151838 -0.090209 0.984280 0.153808 -0.091081 0.983894 0.148308 -0.079421 0.985747 0.091581 -0.050780 0.994502 0.048006 -0.011693 0.998779 -0.067217 0.069314 0.995328 -0.192392 0.146315 0.970349 -0.235818 0.172107 0.956435 -0.272588 0.186305 0.943921 -0.283420 0.184106 0.941158 -0.269520 0.175671 0.946836 -0.274014 0.185420 0.943682 -0.264789 0.188679 0.945668 -0.239115 0.193490 0.951518 -0.217162 0.189225 0.957619 -0.028855 0.029123 0.999159 -0.020013 0.016387 0.999665 -0.017663 0.015232 0.999728 -0.019696 0.011239 0.999743 -0.020739 0.001181 0.999784 -0.014185 -0.008448 0.999864 -0.014536 -0.013881 0.999798 -0.020083 -0.024409 0.999500 -0.017751 -0.035194 0.999223 -0.024740 -0.030325 0.999234 -0.034257 -0.022222 0.999166 -0.018514 -0.032620 0.999296 -0.014700 -0.035715 0.999254 -0.023957 -0.030112 0.999259 -0.025783 -0.029094 0.999244 -0.031498 -0.019264 0.999318 -0.024795 -0.015061 0.999579 -0.018622 -0.020855 0.999609 -0.009054 -0.027452 0.999582 -0.011388 -0.015782 0.999811 -0.001916 0.003954 0.999990 -0.015906 0.018325 0.999706 -0.019284 0.008430 0.999779 -0.011756 -0.000631 0.999931 -0.009502 -0.007816 0.999924 -0.014384 -0.008980 0.999856 -0.023575 -0.012267 0.999647 -0.036311 -0.015686 0.999217 -0.039514 -0.018404 0.999050 -0.045592 -0.015125 0.998846 -0.052394 -0.006565 0.998605 -0.057738 0.007491 0.998304 -0.056461 0.015968 0.998277 0.010811 0.010445 0.999887 0.059160 -0.008214 0.998215 0.035687 -0.027469 0.998985 0.010536 -0.037962 0.999224 0.008375 -0.072541 0.997330 -0.032088 -0.107174 0.993722 -0.121781 -0.218494 0.968210 -0.099869 -0.329330 0.938919 -0.222066 -0.272930 0.936053 -0.214541 -0.268556 0.939069 -0.148644 -0.243446 0.958457 -0.135165 -0.208278 0.968685 -0.090535 -0.204844 0.974599 0.002900 -0.161680 0.986839 0.123033 -0.056782 0.990777 0.407928 0.039437 0.912162 0.643622 0.000559 0.765343 0.537605 0.103231 0.836854 0.447563 0.197398 0.872193 0.571090 0.044625 0.819673 0.486205 0.074058 0.870701 0.432117 0.149030 0.889418 0.488274 0.055871 0.870900 0.452024 0.014019 0.891896 0.425728 0.000384 0.904851 0.522442 -0.042517 0.851614 0.522374 -0.045398 0.851507 0.462630 -0.068842 0.883874 0.455945 -0.111172 0.883037 0.396096 -0.105281 0.912153 0.386327 -0.128695 0.913340 0.356339 -0.144996 0.923038 0.323809 -0.128956 0.937293 0.240209 -0.158516 0.957691 0.133105 -0.236599 0.962447 -0.037256 -0.248840 0.967828 -0.108183 -0.174790 0.978645 0.126741 -0.287755 0.949281 0.051975 -0.361147 0.931059 -0.064888 -0.330665 0.941515 -0.022956 -0.315109 0.948778 0.147304 -0.351996 0.924338 0.221691 -0.344750 0.912141 0.184573 -0.267392 0.945745 0.157523 -0.206706 0.965639 0.202599 -0.164478 0.965350 0.296486 -0.110287 0.948648 0.279081 -0.055651 0.958654 0.239621 -0.043589 0.969887 0.213950 -0.067121 0.974536 0.161473 -0.074936 0.984028 0.117971 -0.055040 0.991491 0.128942 -0.045214 0.990621 0.122811 -0.071638 0.989841 0.144676 -0.106639 0.983716 0.167712 -0.108733 0.979821 0.124346 -0.084938 0.988597 0.090321 -0.058188 0.994211 0.011516 -0.016617 0.999796 -0.131900 0.057821 0.989575 -0.219968 0.107245 0.969594 -0.256313 0.129197 0.957921 -0.285932 0.150287 0.946392 -0.264412 0.156796 0.951578 -0.267092 0.170696 0.948433 -0.265703 0.168513 0.949213 -0.232268 0.166194 0.958348 -0.193103 0.182811 0.963998 -0.030978 0.042837 0.998602 -0.027922 0.043908 0.998645 -0.022239 0.035388 0.999126 -0.026863 0.027795 0.999253 -0.033335 0.021307 0.999217 -0.027816 0.009003 0.999573 -0.023131 -0.004590 0.999722 -0.031739 -0.013275 0.999408 -0.033166 -0.025484 0.999125 -0.019259 -0.043571 0.998865 -0.027252 -0.038592 0.998883 -0.025916 -0.033317 0.999109 -0.014488 -0.038806 0.999142 -0.019920 -0.039028 0.999040 -0.022590 -0.037914 0.999026 -0.023105 -0.033674 0.999166 -0.023376 -0.029992 0.999277 -0.024141 -0.027634 0.999327 -0.012917 -0.032588 0.999385 0.018654 -0.021155 0.999602 -0.022377 -0.027471 0.999372 0.007407 -0.081951 0.996609 -0.024803 -0.045083 0.998675 -0.008929 -0.028775 0.999546 -0.013443 -0.011056 0.999849 -0.018611 -0.012234 0.999752 -0.030703 -0.016155 0.999398 -0.041325 -0.021233 0.998920 -0.036708 -0.021679 0.999091 -0.045551 -0.020308 0.998756 -0.034653 -0.018113 0.999235 -0.053495 0.000215 0.998568 -0.077743 -0.013462 0.996883 -0.006317 -0.057821 0.998307 0.058664 -0.069723 0.995840 0.030446 -0.053955 0.998079 -0.029305 -0.080080 0.996358 -0.043543 -0.150047 0.987719 -0.093569 -0.208704 0.973493 -0.254659 -0.213799 0.943101 -0.184711 -0.301943 0.935261 -0.120355 -0.336799 0.933853 -0.176745 -0.266734 0.947425 -0.126758 -0.257343 0.957970 -0.094686 -0.263606 0.959972 -0.060362 -0.222545 0.973052 0.115208 -0.149797 0.981982 0.261905 0.034168 0.964489 0.479069 0.165320 0.862069 0.542382 0.164220 0.823926 0.622087 -0.024074 0.782578 0.451762 0.098597 0.886673 0.489441 0.061224 0.869885 0.520577 -0.019280 0.853597 0.478886 0.040959 0.876921 0.422679 0.070002 0.903572 0.434847 0.021629 0.900244 0.416195 -0.000306 0.909276 0.524408 0.014344 0.851347 0.487112 0.024875 0.872985 0.434932 -0.055745 0.898736 0.406647 -0.091313 0.909011 0.383939 -0.186123 0.904406 0.379589 -0.215617 0.899679 0.358270 -0.181292 0.915847 0.323665 -0.186381 0.927633 0.142842 -0.256208 0.956009 0.053951 -0.384627 0.921494 -0.002466 -0.403718 0.914880 -0.067023 -0.348409 0.934943 0.088149 -0.302569 0.949043 0.007069 -0.239505 0.970869 -0.035935 -0.284401 0.958032 -0.024712 -0.280892 0.959421 0.118869 -0.274463 0.954222 0.250653 -0.286204 0.924803 0.271518 -0.253900 0.928339 0.254218 -0.157874 0.954175 0.241356 -0.044655 0.969409 0.330163 -0.016273 0.943784 0.295446 -0.026647 0.954988 0.230187 -0.043940 0.972154 0.189151 -0.069761 0.979467 0.164606 -0.093327 0.981934 0.138768 -0.083438 0.986804 0.128987 -0.066611 0.989407 0.095827 -0.066621 0.993166 0.117732 -0.081765 0.989673 0.167038 -0.107941 0.980024 0.145035 -0.112675 0.982990 0.104246 -0.101776 0.989330 0.051550 -0.091688 0.994453 -0.057660 -0.050329 0.997067 -0.179410 0.018022 0.983609 -0.227327 0.061467 0.971877 -0.267069 0.098193 0.958662 -0.254148 0.118812 0.959840 -0.262083 0.131681 0.956019 -0.269959 0.131101 0.953905 -0.245945 0.131130 0.960373 -0.208564 0.125320 0.969946 -0.022864 0.045608 0.998698 -0.027259 0.043584 0.998678 -0.031944 0.040146 0.998683 -0.033780 0.030123 0.998975 -0.034556 0.028264 0.999003 -0.036161 0.032679 0.998812 -0.034575 0.026028 0.999063 -0.036877 0.017123 0.999173 -0.042843 0.017563 0.998927 -0.036306 0.010085 0.999290 -0.024969 -0.004792 0.999677 -0.025986 -0.009407 0.999618 -0.019671 -0.011707 0.999738 -0.023244 -0.017823 0.999571 -0.024154 -0.025104 0.999393 -0.020632 -0.027065 0.999421 -0.023683 -0.028139 0.999323 -0.020366 -0.030059 0.999341 -0.020326 -0.028578 0.999385 0.037838 -0.043753 0.998326 -0.059489 -0.008218 0.998195 -0.065893 -0.064479 0.995741 0.003508 -0.135194 0.990813 0.016540 -0.137463 0.990369 0.013423 -0.118716 0.992837 -0.016300 -0.093952 0.995443 -0.025090 -0.085054 0.996060 -0.033855 -0.063910 0.997381 -0.028619 -0.043788 0.998631 -0.049487 -0.030124 0.998320 -0.026019 -0.036966 0.998978 -0.039266 -0.019505 0.999038 -0.097015 -0.007450 0.995255 -0.053989 -0.024996 0.998229 0.052375 -0.063830 0.996585 0.033332 -0.080397 0.996205 -0.108254 -0.124223 0.986331 -0.104353 -0.222110 0.969421 -0.140545 -0.238808 0.960842 -0.183835 -0.254360 0.949477 -0.224146 -0.161841 0.961024 -0.138653 -0.181979 0.973478 -0.171515 -0.213540 0.961761 -0.178138 -0.245542 0.952878 -0.078632 -0.294561 0.952392 -0.009581 -0.232656 0.972512 0.212479 -0.170920 0.962101 0.438041 -0.061619 0.896840 0.555345 0.077852 0.827968 0.465885 0.116639 0.877124 0.527023 -0.054339 0.848112 0.555346 -0.062184 0.829291 0.416780 -0.017060 0.908847 0.538950 -0.024439 0.841983 0.505098 0.049206 0.861658 0.423709 0.024263 0.905474 0.392965 -0.004860 0.919541 0.435910 -0.023602 0.899681 0.511425 -0.011258 0.859254 0.484748 -0.062871 0.872391 0.387217 -0.079406 0.918563 0.377086 -0.093363 0.921461 0.288161 -0.132879 0.948318 0.342584 -0.226258 0.911835 0.365301 -0.284988 0.886193 0.266791 -0.345489 0.899700 0.077555 -0.386969 0.918825 -0.051569 -0.374006 0.925991 0.021169 -0.403088 0.914916 -0.016994 -0.388762 0.921181 0.147750 -0.409058 0.900467 0.128251 -0.329178 0.935518 -0.052246 -0.200560 0.978287 -0.025985 -0.165286 0.985903 0.145466 -0.150506 0.977848 0.255746 -0.095966 0.961969 0.302848 -0.088593 0.948912 0.347762 -0.088221 0.933423 0.330674 -0.000424 0.943745 0.319831 0.029992 0.947000 0.263423 -0.005388 0.964665 0.200822 -0.037502 0.978910 0.162215 -0.057913 0.985055 0.141657 -0.078218 0.986821 0.149543 -0.099788 0.983707 0.134492 -0.100402 0.985815 0.111854 -0.094868 0.989186 0.104804 -0.073061 0.991806 0.140644 -0.088466 0.986100 0.133236 -0.118527 0.983971 0.109133 -0.134037 0.984949 0.071584 -0.124844 0.989591 -0.022639 -0.101083 0.994620 -0.121885 -0.076311 0.989606 -0.185113 -0.027910 0.982321 -0.229631 0.023754 0.972988 -0.242407 0.057913 0.968444 -0.250112 0.074256 0.965365 -0.270531 0.089458 0.958546 -0.254606 0.089265 0.962916 -0.231161 0.084454 0.969243 -0.038071 0.053292 0.997853 -0.031626 0.044729 0.998498 -0.038325 0.039393 0.998489 -0.040854 0.036237 0.998508 -0.031352 0.033089 0.998961 -0.032529 0.035106 0.998854 -0.040169 0.035567 0.998560 -0.040550 0.034075 0.998596 -0.036296 0.037085 0.998653 -0.044291 0.043869 0.998055 -0.034905 0.036913 0.998709 -0.035974 0.028550 0.998945 -0.023982 0.014964 0.999600 -0.029711 0.011784 0.999489 -0.031051 0.007182 0.999492 -0.024246 0.000737 0.999706 -0.024755 -0.002311 0.999691 -0.023650 -0.003537 0.999714 -0.024236 -0.008231 0.999672 0.006096 -0.026436 0.999632 -0.002950 -0.054432 0.998513 -0.109150 0.008099 0.993992 -0.044344 -0.000298 0.999016 -0.018975 -0.037666 0.999110 0.011693 -0.081059 0.996641 -0.004365 -0.099424 0.995036 -0.015186 -0.101226 0.994748 -0.003373 -0.094310 0.995537 -0.015089 -0.077467 0.996881 -0.025440 -0.070182 0.997210 -0.030536 -0.041629 0.998666 -0.021648 -0.043269 0.998829 -0.079005 -0.029971 0.996424 -0.072304 -0.012045 0.997310 0.008550 -0.050300 0.998698 -0.012993 -0.121042 0.992562 -0.165321 -0.163283 0.972629 -0.185105 -0.199790 0.962195 -0.110824 -0.228405 0.967238 -0.187470 -0.190338 0.963653 -0.181608 -0.192634 0.964319 -0.180851 -0.208112 0.961240 -0.195077 -0.240126 0.950939 -0.196333 -0.247490 0.948790 -0.099062 -0.250895 0.962932 0.083219 -0.249405 0.964817 0.257761 -0.192773 0.946783 0.496997 -0.142584 0.855958 0.598726 -0.076535 0.797289 0.474891 -0.034716 0.879359 0.454105 0.032326 0.890361 0.551484 -0.019184 0.833965 0.439543 -0.082870 0.894390 0.538950 -0.101653 0.836182 0.580687 -0.069279 0.811174 0.377127 0.039826 0.925305 0.354880 0.008389 0.934874 0.441859 -0.026875 0.896682 0.470443 -0.032861 0.881818 0.458653 -0.119516 0.880542 0.353118 -0.126358 0.927007 0.367928 -0.183455 0.911577 0.286067 -0.191960 0.938785 0.272037 -0.163195 0.948348 0.280318 -0.254857 0.925457 0.160164 -0.359047 0.919474 0.094314 -0.441995 0.892046 0.041052 -0.393140 0.918562 0.020134 -0.317062 0.948191 -0.012188 -0.317653 0.948129 0.073306 -0.303677 0.949951 0.218045 -0.354093 0.909436 0.084811 -0.270441 0.958994 0.063845 -0.126428 0.989919 0.136104 -0.079320 0.987514 0.346690 -0.084156 0.934197 0.309320 0.039329 0.950145 0.343097 0.046000 0.938173 0.350834 0.004369 0.936428 0.307847 -0.022518 0.951169 0.227977 -0.031118 0.973169 0.183132 -0.061009 0.981194 0.158851 -0.077106 0.984287 0.133487 -0.073125 0.988349 0.132292 -0.075722 0.988314 0.115630 -0.097866 0.988459 0.116920 -0.134741 0.983959 0.113595 -0.131116 0.984837 0.127888 -0.130917 0.983110 0.114641 -0.123379 0.985716 0.108978 -0.117116 0.987121 0.065999 -0.125462 0.989901 -0.003544 -0.150322 0.988631 -0.099238 -0.138368 0.985396 -0.138706 -0.107950 0.984433 -0.180456 -0.059086 0.981807 -0.217124 -0.012593 0.976063 -0.228548 0.011953 0.973459 -0.257386 0.038740 0.965532 -0.256565 0.053394 0.965051 -0.257371 0.060067 0.964444 -0.066286 0.044698 0.996799 -0.035961 0.037006 0.998668 -0.042190 0.041738 0.998237 -0.040839 0.037284 0.998470 -0.034768 0.036003 0.998747 -0.036344 0.028808 0.998924 -0.035099 0.027339 0.999010 -0.040266 0.038879 0.998432 -0.030466 0.038154 0.998807 -0.040869 0.042528 0.998259 -0.038847 0.043730 0.998288 -0.044513 0.044841 0.998002 -0.035697 0.034551 0.998765 -0.031623 0.026381 0.999152 -0.032129 0.025873 0.999149 -0.030614 0.026434 0.999182 -0.024830 0.020432 0.999483 -0.029269 0.018532 0.999400 -0.021274 0.016386 0.999639 -0.024269 0.025163 0.999389 -0.018967 -0.011321 0.999756 -0.051752 -0.008660 0.998622 -0.043536 0.025531 0.998726 -0.031108 0.038850 0.998761 -0.021008 0.026925 0.999417 -0.024696 0.007061 0.999670 -0.028601 -0.009059 0.999550 -0.002816 -0.022714 0.999738 -0.021437 -0.026255 0.999425 -0.022836 -0.047524 0.998609 -0.003371 -0.039151 0.999228 -0.028465 -0.023861 0.999310 -0.067962 -0.036231 0.997030 -0.079046 -0.041300 0.996015 -0.055818 -0.079965 0.995234 -0.098857 -0.142387 0.984862 -0.165203 -0.198615 0.966054 -0.194968 -0.161739 0.967382 -0.116779 -0.176331 0.977379 -0.187408 -0.204550 0.960748 -0.174139 -0.221331 0.959525 -0.183154 -0.184565 0.965604 -0.226397 -0.141152 0.963753 -0.185957 -0.161356 0.969218 -0.109259 -0.156876 0.981556 0.112491 -0.158872 0.980870 0.239410 -0.134997 0.961488 0.539648 -0.136611 0.830733 0.611581 -0.070696 0.788017 0.535300 -0.089384 0.839919 0.509478 -0.030086 0.859957 0.522220 0.026811 0.852390 0.400747 0.019189 0.915988 0.480969 0.013537 0.876633 0.591346 -0.093262 0.801007 0.458616 -0.098472 0.883162 0.376031 -0.010511 0.926547 0.392980 -0.001869 0.919545 0.435893 -0.087360 0.895748 0.414071 -0.150506 0.897716 0.357504 -0.142765 0.922935 0.304981 -0.177835 0.935608 0.274011 -0.239011 0.931553 0.278859 -0.264060 0.923315 0.193977 -0.264712 0.944617 0.124178 -0.298560 0.946278 0.062864 -0.280547 0.957779 0.093031 -0.275636 0.956750 0.047627 -0.262341 0.963799 0.024700 -0.224356 0.974194 0.084771 -0.179590 0.980082 0.244286 -0.167993 0.955041 0.210059 -0.074224 0.974867 0.169730 0.001864 0.985489 0.132633 0.095496 0.986554 0.309827 0.023633 0.950499 0.426599 -0.015605 0.904306 0.320620 0.077859 0.944002 0.293154 0.028415 0.955643 0.286321 -0.036030 0.957456 0.224184 -0.052032 0.973157 0.153765 -0.068353 0.985740 0.138562 -0.100275 0.985264 0.132540 -0.122526 0.983575 0.129188 -0.128688 0.983234 0.086877 -0.135570 0.986951 0.084413 -0.161508 0.983255 0.117833 -0.167199 0.978856 0.137929 -0.151325 0.978814 0.140167 -0.119834 0.982849 0.130035 -0.095717 0.986878 0.049599 -0.071997 0.996171 -0.039613 -0.096596 0.994535 -0.092764 -0.125746 0.987716 -0.108607 -0.126397 0.986016 -0.131145 -0.106024 0.985677 -0.188506 -0.068984 0.979646 -0.203213 -0.054590 0.977612 -0.231316 -0.019406 0.972685 -0.237673 0.011505 0.971277 -0.249937 0.035072 0.967627 -0.084200 0.032141 0.995930 -0.039770 0.035065 0.998593 -0.046006 0.033890 0.998366 -0.040408 0.019419 0.998995 -0.038800 0.027115 0.998879 -0.039994 0.028719 0.998787 -0.033327 0.027464 0.999067 -0.029542 0.027477 0.999186 -0.030867 0.034068 0.998943 -0.037060 0.038707 0.998563 -0.042527 0.037361 0.998397 -0.034749 0.037663 0.998686 -0.044570 0.053914 0.997550 -0.041998 0.044237 0.998138 -0.027053 0.033496 0.999073 -0.035598 0.039016 0.998604 -0.027481 0.029859 0.999176 -0.035170 0.030934 0.998902 -0.015377 0.023003 0.999617 -0.020598 0.030180 0.999332 -0.045545 0.026712 0.998605 -0.036148 0.022446 0.999094 -0.028439 0.032366 0.999071 -0.036216 0.030390 0.998882 -0.034270 0.018049 0.999250 -0.028796 0.017035 0.999440 -0.038440 0.016162 0.999130 -0.004517 0.009152 0.999948 -0.020730 0.021633 0.999551 -0.048762 0.017742 0.998653 0.001561 -0.011754 0.999930 -0.027050 -0.019523 0.999443 -0.080167 -0.019374 0.996593 -0.102053 -0.029724 0.994335 -0.110917 -0.064242 0.991751 -0.137865 -0.105914 0.984772 -0.187898 -0.122532 0.974515 -0.166593 -0.133370 0.976964 -0.178438 -0.163842 0.970214 -0.201394 -0.203038 0.958236 -0.222079 -0.226518 0.948351 -0.119099 -0.292435 0.948840 -0.156469 -0.245323 0.956731 -0.172107 -0.168423 0.970574 -0.136332 -0.134091 0.981546 0.160883 -0.148972 0.975666 0.273800 -0.008696 0.961747 0.532250 -0.022302 0.846293 0.630532 -0.041843 0.775035 0.535687 -0.041021 0.843420 0.507039 -0.002969 0.861918 0.536748 -0.063840 0.841324 0.433730 -0.043374 0.899998 0.469059 -0.027777 0.882730 0.539426 -0.085731 0.837657 0.475710 -0.087570 0.875232 0.399813 -0.101415 0.910969 0.359953 -0.097718 0.927839 0.366067 -0.151792 0.918125 0.379699 -0.185011 0.906421 0.363897 -0.207686 0.907990 0.287849 -0.206986 0.935040 0.232176 -0.180616 0.955757 0.242660 -0.226345 0.943337 0.221929 -0.249533 0.942593 0.153654 -0.189055 0.969870 0.126476 -0.118909 0.984817 0.095937 -0.068296 0.993042 0.084672 -0.077622 0.993381 0.069475 -0.062099 0.995649 0.108587 -0.023274 0.993814 0.266030 -0.023992 0.963666 0.305983 0.017595 0.951874 0.216875 0.085967 0.972407 0.203359 0.103969 0.973568 0.222067 0.161816 0.961510 0.387420 0.066259 0.919519 0.349873 0.005255 0.936782 0.245660 0.012039 0.969281 0.237268 -0.025438 0.971111 0.209404 -0.071802 0.975190 0.124320 -0.094526 0.987729 0.101575 -0.130167 0.986275 0.108505 -0.172998 0.978927 0.114250 -0.200462 0.973017 0.084537 -0.206916 0.974700 0.077111 -0.189116 0.978922 0.135649 -0.174307 0.975303 0.174457 -0.145224 0.973897 0.167091 -0.113351 0.979404 0.140950 -0.106383 0.984284 0.078220 -0.092303 0.992654 -0.053320 -0.052488 0.997197 -0.104623 -0.045004 0.993493 -0.125085 -0.055846 0.990573 -0.127745 -0.085791 0.988090 -0.169653 -0.090795 0.981313 -0.192378 -0.080400 0.978022 -0.195671 -0.062893 0.978651 -0.203984 -0.030390 0.978502 -0.207293 0.001965 0.978277 -0.032299 -0.005647 0.999462 -0.048148 0.011978 0.998768 -0.046705 -0.002356 0.998906 -0.047579 0.004246 0.998858 -0.028155 0.015706 0.999480 -0.034710 0.017405 0.999246 -0.041410 0.015095 0.999028 -0.024819 0.007536 0.999664 -0.024709 0.021679 0.999460 -0.040408 0.018876 0.999005 -0.039504 0.011494 0.999153 -0.018626 0.031118 0.999342 -0.036252 0.053250 0.997923 -0.056804 0.044128 0.997410 -0.028065 0.032884 0.999065 -0.030629 0.046524 0.998448 -0.044769 0.040902 0.998160 -0.027065 0.026275 0.999288 -0.021365 0.037646 0.999063 -0.025138 0.030671 0.999213 -0.055190 0.008902 0.998436 -0.020205 0.007917 0.999765 -0.027118 0.031857 0.999124 -0.053178 0.013256 0.998497 -0.035822 -0.002038 0.999356 -0.016788 0.013935 0.999762 -0.046606 0.031879 0.998405 -0.011569 0.016541 0.999796 -0.001365 0.011271 0.999936 -0.056607 0.028115 0.998001 -0.033037 0.014662 0.999347 -0.032845 -0.010263 0.999408 -0.078925 -0.012723 0.996799 -0.111015 -0.009210 0.993776 -0.145703 -0.025641 0.988996 -0.160316 -0.059305 0.985283 -0.203614 -0.068498 0.976652 -0.188874 -0.086395 0.978194 -0.253489 -0.120484 0.959806 -0.220703 -0.229821 0.947878 -0.266500 -0.243942 0.932454 -0.170470 -0.310244 0.935248 -0.113237 -0.311776 0.943384 -0.091602 -0.258242 0.961728 -0.082871 -0.166020 0.982634 0.165253 -0.140958 0.976126 0.416259 -0.124553 0.900675 0.491389 -0.000609 0.870940 0.609751 -0.051028 0.790948 0.567999 -0.056742 0.821071 0.524434 0.017590 0.851269 0.502333 -0.007131 0.864645 0.442182 -0.036957 0.896164 0.418525 -0.047456 0.906965 0.487651 -0.127665 0.863654 0.486918 -0.184768 0.853681 0.394009 -0.178038 0.901698 0.341729 -0.198859 0.918519 0.334393 -0.211270 0.918448 0.363405 -0.216784 0.906058 0.353463 -0.236109 0.905161 0.303895 -0.234627 0.923362 0.275106 -0.213672 0.937369 0.216599 -0.168952 0.961530 0.245772 -0.169361 0.954418 0.229767 -0.129194 0.964633 0.199629 -0.065357 0.977690 0.132899 0.000023 0.991130 0.062971 0.024318 0.997719 0.046318 -0.000974 0.998926 0.137157 -0.044653 0.989542 0.257028 -0.027504 0.966013 0.339293 -0.034590 0.940044 0.274403 0.009969 0.961563 0.216802 0.099397 0.971142 0.262671 0.114281 0.958094 0.296531 0.116609 0.947878 0.318050 0.037842 0.947318 0.236020 -0.009017 0.971706 0.195424 -0.031152 0.980224 0.171836 -0.083108 0.981614 0.111876 -0.106498 0.987999 0.062607 -0.115199 0.991367 0.059396 -0.155232 0.986091 0.078178 -0.205362 0.975559 0.097464 -0.237181 0.966564 0.107132 -0.214863 0.970750 0.154218 -0.188114 0.969964 0.186351 -0.184690 0.964968 0.189773 -0.178164 0.965528 0.139045 -0.151025 0.978702 0.105343 -0.145452 0.983741 -0.003317 -0.106692 0.994287 -0.093978 -0.064690 0.993470 -0.129639 -0.046607 0.990465 -0.158053 -0.046308 0.986344 -0.170305 -0.065006 0.983245 -0.186380 -0.062446 0.980491 -0.177708 -0.059590 0.982277 -0.173174 -0.040745 0.984048 -0.178388 -0.019302 0.983771 0.012333 -0.020709 0.999709 -0.049747 -0.010188 0.998710 -0.050555 -0.024477 0.998421 -0.026404 -0.004133 0.999643 -0.011371 0.018416 0.999766 -0.047162 0.019620 0.998695 -0.058027 -0.001115 0.998314 -0.011788 -0.011280 0.999867 -0.007540 0.020183 0.999768 -0.061304 0.021292 0.997892 -0.036962 -0.002859 0.999313 0.011604 0.012116 0.999859 -0.033188 0.027056 0.999083 -0.069885 0.010482 0.997500 -0.026572 0.015010 0.999534 -0.007656 0.030217 0.999514 -0.064787 0.043263 0.996961 -0.030762 0.019483 0.999337 -0.011580 0.026297 0.999587 -0.039028 0.027237 0.998867 -0.074921 0.014780 0.997080 -0.011799 0.008628 0.999893 -0.015015 0.018184 0.999722 -0.079306 0.014058 0.996751 -0.038596 -0.004143 0.999246 0.007929 0.005951 0.999951 -0.031725 0.025872 0.999162 -0.026310 0.032225 0.999134 -0.014542 0.015571 0.999773 -0.040552 0.001296 0.999177 -0.059955 0.007217 0.998175 -0.045846 -0.030516 0.998482 -0.060359 -0.021495 0.997945 -0.122070 -0.000795 0.992521 -0.160479 -0.018516 0.986866 -0.178145 -0.010823 0.983945 -0.240288 -0.035529 0.970051 -0.218167 -0.122902 0.968142 -0.284675 -0.158551 0.945421 -0.326095 -0.188231 0.926407 -0.259985 -0.228124 0.938279 -0.233550 -0.199152 0.951731 -0.045441 -0.214716 0.975619 -0.020445 -0.144931 0.989231 0.015708 -0.095075 0.995346 0.098323 -0.059158 0.993395 0.409155 -0.168580 0.896757 0.536584 -0.156410 0.829225 0.579194 -0.126258 0.805353 0.609586 -0.124425 0.782894 0.526237 -0.072233 0.847265 0.485367 -0.129286 0.864699 0.415329 -0.101935 0.903942 0.427830 -0.123450 0.895389 0.424096 -0.116303 0.898118 0.445332 -0.180951 0.876890 0.377339 -0.245137 0.893041 0.327344 -0.255737 0.909640 0.330713 -0.254659 0.908723 0.345531 -0.252170 0.903891 0.334951 -0.275100 0.901181 0.314321 -0.280666 0.906879 0.296103 -0.263016 0.918230 0.253889 -0.234536 0.938367 0.256065 -0.198312 0.946099 0.281959 -0.160820 0.945852 0.235975 -0.115067 0.964922 0.191289 -0.085826 0.977774 0.101291 -0.009617 0.994810 0.033220 0.059135 0.997697 0.093140 0.042216 0.994758 0.248949 -0.005057 0.968503 0.298940 -0.072178 0.951538 0.386749 -0.078945 0.918800 0.297003 0.085780 0.951016 0.270223 0.126108 0.954503 0.267060 0.109168 0.957477 0.244916 0.043029 0.968589 0.205346 -0.007183 0.978663 0.154438 -0.038132 0.987266 0.124619 -0.083635 0.988674 0.097066 -0.120964 0.987900 0.062411 -0.130872 0.989433 0.026311 -0.121937 0.992189 0.029038 -0.147109 0.988694 0.084739 -0.180900 0.979844 0.130161 -0.167724 0.977203 0.160651 -0.160407 0.973890 0.177672 -0.160992 0.970832 0.198037 -0.171713 0.965037 0.168039 -0.166541 0.971611 0.116279 -0.152671 0.981413 0.032782 -0.148200 0.988414 -0.063210 -0.122258 0.990484 -0.110518 -0.097922 0.989038 -0.154131 -0.079520 0.984845 -0.173118 -0.072955 0.982195 -0.178686 -0.063529 0.981853 -0.182979 -0.061214 0.981209 -0.154705 -0.071330 0.985382 -0.139439 -0.049804 0.988977 -0.015939 0.023139 0.999605 -0.058286 -0.004060 0.998292 -0.047069 -0.023397 0.998618 0.010409 0.013249 0.999858 -0.012932 0.031398 0.999423 -0.067014 0.004123 0.997743 -0.066814 -0.015371 0.997647 -0.003131 -0.006117 0.999976 0.015575 0.008683 0.999841 -0.070948 0.013201 0.997393 -0.047097 0.007769 0.998860 0.026112 0.011906 0.999588 -0.048583 0.009029 0.998778 -0.073343 -0.007810 0.997276 -0.009477 0.012444 0.999878 -0.002124 0.013979 0.999900 -0.062896 0.004111 0.998012 -0.037316 0.011315 0.999239 -0.005981 0.025120 0.999667 -0.047684 0.016609 0.998724 -0.073242 0.012869 0.997231 -0.012782 0.020720 0.999704 -0.017940 0.007051 0.999814 -0.084891 -0.006669 0.996368 -0.038716 0.004700 0.999239 0.007072 0.003360 0.999969 -0.010439 -0.006437 0.999925 -0.033012 0.013461 0.999364 -0.033432 0.002593 0.999438 -0.036308 -0.004900 0.999329 -0.067073 0.015277 0.997631 -0.088922 -0.003026 0.996034 -0.048997 -0.048901 0.997601 -0.109341 -0.045774 0.992950 -0.160518 -0.032918 0.986484 -0.169560 -0.029014 0.985093 -0.273602 -0.029288 0.961397 -0.320730 -0.069303 0.944632 -0.288533 -0.121405 0.949742 -0.354264 -0.072515 0.932330 -0.241046 -0.110091 0.964249 -0.183904 -0.071164 0.980365 -0.050359 -0.054259 0.997256 0.024182 -0.060157 0.997896 0.018690 -0.055921 0.998260 0.089382 -0.057560 0.994333 0.368485 -0.014892 0.929514 0.564040 0.059264 0.823618 0.557870 0.051002 0.828360 0.586170 -0.078778 0.806349 0.505019 -0.199268 0.839791 0.454268 -0.267737 0.849681 0.447855 -0.225500 0.865203 0.409535 -0.211625 0.887410 0.402747 -0.219320 0.888647 0.387294 -0.257735 0.885198 0.345383 -0.290954 0.892220 0.335588 -0.304195 0.891542 0.317890 -0.295078 0.901041 0.339845 -0.312411 0.887076 0.316032 -0.311808 0.896046 0.315393 -0.316559 0.894605 0.306673 -0.315386 0.898044 0.292485 -0.300744 0.907748 0.288089 -0.252300 0.923769 0.317072 -0.214420 0.923845 0.277776 -0.173578 0.944834 0.229822 -0.128475 0.964715 0.199458 -0.066831 0.977625 0.114212 0.038032 0.992728 0.085138 0.126534 0.988302 0.221811 0.150646 0.963382 0.242110 0.190263 0.951411 0.369688 0.117928 0.921642 0.413292 0.069276 0.907960 0.258653 0.129008 0.957317 0.218881 0.094951 0.971121 0.166375 0.019101 0.985878 0.162817 -0.066100 0.984440 0.138403 -0.104018 0.984898 0.090479 -0.112766 0.989494 0.068919 -0.130721 0.989021 0.060654 -0.149439 0.986909 0.047687 -0.137322 0.989378 0.049963 -0.067666 0.996456 0.075505 0.004147 0.997137 0.140200 -0.007781 0.990093 0.147550 -0.038804 0.988293 0.157695 -0.095724 0.982837 0.195610 -0.132870 0.971639 0.172284 -0.126614 0.976876 0.101784 -0.140298 0.984864 0.034253 -0.164493 0.985783 -0.040375 -0.159042 0.986446 -0.093277 -0.142254 0.985425 -0.139155 -0.127423 0.982038 -0.167342 -0.115289 0.979135 -0.165715 -0.107229 0.980327 -0.182940 -0.094929 0.978530 -0.156701 -0.089468 0.983585 -0.126851 -0.086753 0.988121 -0.030698 0.005600 0.999513 -0.090036 0.002881 0.995934 -0.044682 -0.015161 0.998886 0.044128 0.001491 0.999025 -0.009963 0.019059 0.999769 -0.109714 0.011098 0.993901 -0.058216 -0.015630 0.998182 0.007994 0.016390 0.999834 0.008411 0.001931 0.999963 -0.067810 -0.024468 0.997398 -0.039430 -0.006160 0.999203 0.023428 0.003345 0.999720 -0.054044 -0.006137 0.998520 -0.068698 -0.004226 0.997629 0.010103 0.012080 0.999876 -0.019885 0.016071 0.999673 -0.073939 -0.000960 0.997262 -0.009905 0.005848 0.999934 0.000521 0.037921 0.999281 -0.062585 0.023143 0.997771 -0.065982 0.012266 0.997745 -0.010388 0.028272 0.999546 -0.047388 0.021157 0.998652 -0.071528 0.014058 0.997340 -0.032089 0.042197 0.998594 -0.023705 0.016952 0.999575 -0.002340 -0.026157 0.999655 -0.013392 0.011273 0.999847 -0.046502 0.020903 0.998699 -0.034776 0.005151 0.999382 -0.044291 0.009547 0.998973 -0.112663 0.011412 0.993568 -0.085771 -0.001148 0.996314 -0.122584 -0.031829 0.991948 -0.137324 -0.049494 0.989289 -0.194581 -0.030612 0.980409 -0.290576 -0.095541 0.952070 -0.338470 -0.107997 0.934759 -0.274251 -0.118758 0.954297 -0.301056 -0.093816 0.948980 -0.264266 -0.046442 0.963331 -0.168618 -0.024267 0.985383 -0.069037 -0.021042 0.997392 0.017474 -0.029084 0.999424 0.004004 -0.041751 0.999120 0.129693 -0.034908 0.990940 0.470128 0.046295 0.881383 0.593637 0.099860 0.798513 0.536680 0.056714 0.841877 0.437716 0.008156 0.899076 0.433322 -0.121841 0.892965 0.399329 -0.171094 0.900701 0.479556 -0.239852 0.844095 0.401493 -0.254049 0.879922 0.381941 -0.264048 0.885663 0.363813 -0.288769 0.885580 0.326424 -0.294111 0.898302 0.329670 -0.314917 0.890025 0.324593 -0.311012 0.893259 0.312443 -0.311144 0.897535 0.315660 -0.339264 0.886148 0.311956 -0.340692 0.886912 0.310958 -0.333202 0.890102 0.302927 -0.327904 0.894826 0.323222 -0.315563 0.892159 0.335765 -0.291827 0.895600 0.312792 -0.272627 0.909855 0.269070 -0.237657 0.933338 0.268721 -0.190265 0.944240 0.213617 -0.106362 0.971110 0.158474 -0.021028 0.987139 0.267824 0.021948 0.963218 0.337974 0.062449 0.939081 0.291954 0.157536 0.943369 0.372712 0.083108 0.924218 0.265980 0.066076 0.961711 0.179082 0.069425 0.981382 0.089928 0.035243 0.995325 0.081053 -0.027641 0.996326 0.107644 -0.097723 0.989375 0.096608 -0.106253 0.989635 0.076735 -0.073136 0.994366 0.051443 -0.047331 0.997554 0.089103 -0.034492 0.995425 0.146457 0.011117 0.989155 0.146778 0.082278 0.985742 0.106063 0.109235 0.988341 0.086386 0.059097 0.994507 0.074684 -0.001769 0.997206 0.147726 -0.087619 0.985139 0.166061 -0.147729 0.974987 0.091349 -0.163208 0.982354 0.015058 -0.171887 0.985002 -0.027311 -0.177379 0.983764 -0.083645 -0.165671 0.982627 -0.120464 -0.157851 0.980087 -0.161888 -0.139779 0.976859 -0.154979 -0.140696 0.977848 -0.171590 -0.128246 0.976786 -0.149497 -0.126504 0.980636 -0.105682 -0.113738 0.987874 -0.018557 -0.002386 0.999825 -0.109443 -0.002520 0.993990 -0.054088 -0.037817 0.997820 0.071032 -0.034706 0.996870 0.004695 -0.001228 0.999988 -0.133730 0.005680 0.991002 -0.040119 -0.011944 0.999124 0.029401 0.028951 0.999148 -0.045244 0.004563 0.998966 -0.079364 -0.050501 0.995566 -0.005344 -0.029293 0.999557 0.017589 0.001310 0.999844 -0.062213 -0.020413 0.997854 -0.053134 -0.016849 0.998445 0.015248 0.003855 0.999876 -0.028941 -0.011969 0.999509 -0.067127 -0.014611 0.997637 0.005922 0.005205 0.999969 0.006937 0.002007 0.999974 -0.076347 -0.007039 0.997056 -0.061985 0.005614 0.998061 0.003020 0.020279 0.999790 -0.055508 0.025395 0.998135 -0.053188 0.012982 0.998500 -0.010085 0.040967 0.999110 -0.063214 0.054750 0.996497 -0.021403 0.039601 0.998986 0.015790 0.037217 0.999182 -0.040262 0.035113 0.998572 -0.057581 0.041150 0.997492 -0.045026 0.014842 0.998876 -0.132341 0.007629 0.991175 -0.086130 -0.018429 0.996113 -0.136717 0.001361 0.990609 -0.155104 -0.014587 0.987790 -0.174409 -0.009805 0.984625 -0.370553 0.006409 0.928789 -0.332092 -0.065292 0.940984 -0.323054 -0.076200 0.943308 -0.283901 -0.134201 0.949416 -0.231663 -0.126755 0.964503 -0.096050 -0.086182 0.991639 -0.050759 -0.007205 0.998685 0.010992 -0.007128 0.999914 0.001672 -0.007408 0.999971 0.128946 -0.040632 0.990819 0.536284 -0.049626 0.842578 0.551001 0.013930 0.834388 0.465291 -0.106260 0.878757 0.370434 -0.172422 0.912715 0.414175 -0.268831 0.869591 0.394535 -0.232322 0.889027 0.454103 -0.200465 0.868104 0.398038 -0.165460 0.902324 0.345811 -0.202970 0.916088 0.370362 -0.259351 0.891947 0.311341 -0.254336 0.915631 0.329740 -0.281712 0.901060 0.347299 -0.252426 0.903141 0.303246 -0.247243 0.920279 0.322364 -0.250421 0.912892 0.303310 -0.240232 0.922112 0.334555 -0.266343 0.903955 0.286598 -0.277217 0.917068 0.359685 -0.293349 0.885761 0.357314 -0.223700 0.906799 0.317566 -0.223826 0.921441 0.316910 -0.225702 0.921209 0.275956 -0.207425 0.938522 0.299101 -0.225610 0.927167 0.193422 -0.169250 0.966407 0.297800 -0.149671 0.942822 0.308771 -0.139948 0.940784 0.378810 -0.163205 0.910970 0.343752 -0.052289 0.937603 0.278925 -0.059290 0.958481 0.204520 -0.063812 0.976780 0.072031 -0.005497 0.997387 0.035644 -0.011804 0.999295 0.081226 -0.021987 0.996453 0.112455 -0.010780 0.993598 0.116008 -0.001551 0.993247 0.082598 0.028450 0.996177 0.118636 0.050104 0.991673 0.158132 0.064965 0.985279 0.167644 0.041497 0.984974 0.085930 0.037209 0.995606 0.042866 0.016106 0.998951 0.043418 -0.006366 0.999037 0.064229 -0.033391 0.997376 0.116606 -0.104971 0.987615 0.062340 -0.154554 0.986016 0.018554 -0.177742 0.983902 -0.010747 -0.151378 0.988417 -0.093814 -0.138005 0.985978 -0.101358 -0.160500 0.981818 -0.162366 -0.139811 0.976775 -0.144371 -0.147161 0.978520 -0.150971 -0.110200 0.982377 -0.158773 -0.084759 0.983670 -0.113657 -0.115132 0.986827 0.009998 -0.019995 0.999750 -0.080680 0.008532 0.996704 -0.126520 -0.008657 0.991926 0.073076 -0.071056 0.994792 0.054754 -0.044557 0.997505 -0.109741 0.014524 0.993854 -0.092464 -0.015816 0.995590 0.064071 0.011879 0.997875 -0.052377 0.015918 0.998501 -0.118598 -0.061699 0.991024 -0.001544 -0.059388 0.998234 0.050042 -0.001487 0.998746 -0.064886 -0.011514 0.997826 -0.069089 -0.034483 0.997014 0.026809 -0.005593 0.999625 -0.025658 -0.004412 0.999661 -0.070920 -0.036337 0.996820 -0.006171 -0.009631 0.999935 0.019754 -0.016310 0.999672 -0.075276 -0.057910 0.995480 -0.058571 -0.035058 0.997667 0.010967 0.008298 0.999905 -0.027481 0.022314 0.999373 -0.094228 0.019071 0.995368 0.013769 -0.017048 0.999760 -0.036490 -0.001128 0.999333 -0.042660 0.054114 0.997623 0.024206 0.091299 0.995529 -0.037292 0.035364 0.998678 -0.070684 0.037788 0.996783 -0.047228 0.016710 0.998744 -0.126333 0.011980 0.991916 -0.123216 -0.012123 0.992306 -0.085733 -0.015864 0.996192 -0.194952 0.014099 0.980711 -0.120857 -0.036217 0.992009 -0.334008 0.064940 0.940330 -0.392037 0.040492 0.919058 -0.329491 0.020844 0.943928 -0.322173 -0.077900 0.943470 -0.247218 -0.042267 0.968038 -0.080370 -0.053209 0.995344 -0.022718 -0.010591 0.999686 -0.003015 0.011494 0.999929 0.009586 -0.007997 0.999922 0.033194 -0.000675 0.999449 0.445821 -0.123819 0.886517 0.612297 -0.126070 0.780512 0.411957 -0.128725 0.902065 0.375672 -0.073283 0.923851 0.318276 -0.183237 0.930121 0.391083 -0.357420 0.848118 0.452383 -0.356384 0.817520 0.467043 -0.176843 0.866370 0.338316 -0.066359 0.938690 0.325222 -0.201864 0.923841 0.336912 -0.181596 0.923858 0.303555 -0.256488 0.917643 0.374008 -0.219687 0.901031 0.329341 -0.168349 0.929082 0.314206 -0.204096 0.927156 0.330757 -0.141180 0.933096 0.314209 -0.152852 0.936968 0.287299 -0.171058 0.942443 0.325167 -0.279673 0.903354 0.428046 -0.200671 0.881197 0.329431 -0.102070 0.938646 0.321373 -0.150044 0.934990 0.281711 -0.103176 0.953936 0.281120 -0.202804 0.937999 0.231746 -0.195978 0.952831 0.265657 -0.240905 0.933483 0.319990 -0.166824 0.932618 0.352920 -0.243944 0.903293 0.428621 -0.117374 0.895828 0.275998 -0.036044 0.960482 0.211471 -0.137360 0.967684 0.137965 -0.082291 0.987013 0.034301 -0.025128 0.999096 0.076154 -0.022202 0.996849 0.127388 0.034014 0.991270 0.118281 0.056685 0.991361 0.102983 0.027233 0.994310 0.104698 0.042792 0.993583 0.156319 0.046840 0.986595 0.150011 -0.020913 0.988463 0.105484 -0.018334 0.994252 0.034739 -0.004051 0.999388 0.031612 -0.028736 0.999087 0.033490 -0.020752 0.999224 0.074271 -0.086568 0.993474 0.045100 -0.115235 0.992314 0.016817 -0.163422 0.986413 0.014962 -0.154451 0.987887 -0.067136 -0.095633 0.993150 -0.129594 -0.135698 0.982238 -0.132916 -0.130024 0.982562 -0.163619 -0.147830 0.975385 -0.103623 -0.119091 0.987461 -0.148328 -0.048074 0.987769 -0.131367 -0.032286 0.990808
          </float_array>
          <technique_common>
            <accessor source="#seabed_normals_array" count="7272" stride="3">
              <param name="X" type="float"/>
              <param name="Y" type="float"/>
              <param name="Z" type="float"/>
            </accessor>
          </technique_common>
        </source>

        <vertices id="seabed_vertices">
          <input semantic="POSITION" source="#seabed_positions"/>
        </vertices>

        <triangles material="seabed_material" count="14200">
          <input semantic="VERTEX" source="#seabed_vertices" offset="0"/>
          <input semantic="NORMAL" source="#seabed_normals" offset="1"/>
          <p>0 0 1 1 102 102 0 0 102 102 101 101 1 1 2 2 103 103 1 1 103 103 102 102 2 2 3 3 104 104 2 2 104 104 103 103 3 3 4 4 105 105 3 3 105 105 104 104 4 4 5 5 106 106 4 4 106 106 105 105 5 5 6 6 107 107 5 5 107 107 106 106 6 6 7 7 108 108 6 6 108 108 107 107 7 7 8 8 109 109 7 7 109 109 108 108 8 8 9 9 110 110 8 8 110 110 109 109 9 9 10 10 111 111 9 9 111 111 110 110 10 10 11 11 112 112 10 10 112 112 111 111 11 11 12 12 113 113 11 11 113 113 112 112 12 12 13 13 114 114 12 12 114 114 113 113 13 13 14 14 115 115 13 13 115 115 114 114 14 14 15 15 116 116 14 14 116 116 115 115 15 15 16 16 117 117 15 15 117 117 116 116 16 16 17 17 118 118 16 16 118 118 117 117 17 17 18 18 119 119 17 17 119 119 118 118 18 18 19 19 120 120 18 18 120 120 119 119 19 19 20 20 121 121 19 19 121 121 120 120 20 20 21 21 122 122 20 20 122 122 121 121 21 21 22 22 123 123 21 21 123 123 122 122 22 22 23 23 124 124 22 22 124 124 123 123 23 23 24 24 125 125 23 23 125 125 124 124 24 24 25 25 126 126 24 24 126 126 125 125 25 25 26 26 127 127 25 25 127 127 126 126 26 26 27 27 128 128 26 26 128 128 127 127 27 27 28 28 129 129 27 27 129 129 128 128 28 28 29 29 130 130 28 28 130 130 129 129 29 29 30 30 131 131 29 29 131 131 130 130 30 30 31 31 132 132 30 30 132 132 131 131 31 31 32 32 133 133 31 31 133 133 132 132 32 32 33 33 134 134 32 32 134 134 133 133 33 33 34 34 135 135 33 33 135 135 134 134 34 34 35 35 136 136 34 34 136 136 135 135 35 35 36 36 137 137 35 35 137 137 136 136 36 36 37 37 138 138 36 36 138 138 137 137 37 37 38 38 139 139 37 37 139 139 138 138 38 38 39 39 140 140 38 38 140 140 139 139 39 39 40 40 141 141 39 39 141 141 140 140 40 40 41 41 142 142 40 40 142 142 141 141 41 41 42 42 143 143 41 41 143 143 142 142 42 42 43 43 144 144 42 42 144 144 143 143 43 43 44 44 145 145 43 43 145 145 144 144 44 44 45 45 146 146 44 44 146 146 145 145 45 45 46 46 147 147 45 45 147 147 146 146 46 46 47 47 148 148 46 46 148 148 147 147 47 47 48 48 149 149 47 47 149 149 148 148 48 48 49 49 150 150 48 48 150 150 149 149 49 49 50 50 151 151 49 49 151 151 150 150 50 50 51 51 152 152 50 50 152 152 151 151 51 51 52 52 153 153 51 51 153 153 152 152 52 52 53 53 154 154 52 52 154 154 153 153 53 53 54 54 155 155 53 53 155 155 154 154 54 54 55 55 156 156 54 54 156 156 155 155 55 55 56 56 157 157 55 55 157 157 156 156 56 56 57 57 158 158 56 56 158 158 157 157 57 57 58 58 159 159 57 57 159 159 158 158 58 58 59 59 160 160 58 58 160 160 159 159 59 59 60 60 161 161 59 59 161 161 160 160 60 60 61 61 162 162 60 60 162 162 161 161 61 61 62 62 163 163 61 61 163 163 162 162 62 62 63 63 164 164 62 62 164 164 163 163 63 63 64 64 165 165 63 63 165 165 164 164 64 64 65 65 166 166 64 64 166 166 165 165 65 65 66 66 167 167 65 65 167 167 166 166 66 66 67 67 168 168 66 66 168 168 167 167 67 67 68 68 169 169 67 67 169 169 168 168 68 68 69 69 170 170 68 68 170 170 169 169 69 69 70 70 171 171 69 69 171 171 170 170 70 70 71 71 172 172 70 70 172 172 171 171 71 71 72 72 173 173 71 71 173 173 172 172 72 72 73 73 174 174 72 72 174 174 173 173 73 73 74 74 175 175 73 73 175 175 174 174 74 74 75 75 176 176 74 74 176 176 175 175 75 75 76 76 177 177 75 75 177 177 176 176 76 76 77 77 178 178 76 76 178 178 177 177 77 77 78 78 179 179 77 77 179 179 178 178 78 78 79 79 180 180 78 78 180 180 179 179 79 79 80 80 181 181 79 79 181 181 180 180 80 80 81 81 182 182 80 80 182 182 181 181 81 81 82 82 183 183 81 81 183 183 182 182 82 82 83 83 184 184 82 82 184 184 183 183 83 83 84 84 185 185 83 83 185 185 184 184 84 84 85 85 186 186 84 84 186 186 185 185 85 85 86 86 187 187 85 85 187 187 186 186 86 86 87 87 188 188 86 86 188 188 187 187 87 87 88 88 189 189 87 87 189 189 188 188 88 88 89 89 190 190 88 88 190 190 189 189 89 89 90 90 191 191 89 89 191 191 190 190 90 90 91 91 192 192 90 90 192 192 191 191 91 91 92 92 193 193 91 91 193 193 192 192 92 92 93 93 194 194 92 92 194 194 193 193 93 93 94 94 195 195 93 93 195 195 194 194 94 94 95 95 196 196 94 94 196 196 195 195 95 95 96 96 197 197 95 95 197 197 196 196 96 96 97 97 198 198 96 96 198 198 197 197 97 97 98 98 199 199 97 97 199 199 198 198 98 98 99 99 200 200 98 98 200 200 199 199 99 99 100 100 201 201 99 99 201 201 200 200 101 101 102 102 203 203 101 101 203 203 202 202 102 102 103 103 204 204 102 102 204 204 203 203 103 103 104 104 205 205 103 103 205 205 204 204 104 104 105 105 206 206 104 104 206 206 205 205 105 105 106 106 207 207 105 105 207 207 206 206 106 106 107 107 208 208 106 106 208 208 207 207 107 107 108 108 209 209 107 107 209 209 208 208 108 108 109 109 210 210 108 108 210 210 209 209 109 109 110 110 211 211 109 109 211 211 210 210 110 110 111 111 212 212 110 110 212 212 211 211 111 111 112 112 213 213 111 111 213 213 212 212 112 112 113 113 214 214 112 112 214 214 213 213 113 113 114 114 215 215 113 113 215 215 214 214 114 114 115 115 216 216 114 114 216 216 215 215 115 115 116 116 217 217 115 115 217 217 216 216 116 116 117 117 218 218 116 116 218 218 217 217 117 117 118 118 219 219 117 117 219 219 218 218 118 118 119 119 220 220 118 118 220 220 219 219 119 119 120 120 221 221 119 119 221 221 220 220 120 120 121 121 222 222 120 120 222 222 221 221 121 121 122 122 223 223 121 121 223 223 222 222 122 122 123 123 224 224 122 122 224 224 223 223 123 123 124 124 225 225 123 123 225 225 224 224 124 124 125 125 226 226 124 124 226 226 225 225 125 125 126 126 227 227 125 125 227 227 226 226 126 126 127 127 228 228 126 126 228 228 227 227 127 127 128 128 229 229 127 127 229 229 228 228 128 128 129 129 230 230 128 128 230 230 229 229 129 129 130 130 231 231 129 129 231 231 230 230 130 130 131 131 232 232 130 130 232 232 231 231 131 131 132 132 233 233 131 131 233 233 232 232 132 132 133 133 234 234 132 132 234 234 233 233 133 133 134 134 235 235 133 133 235 235 234 234 134 134 135 135 236 236 134 134 236 236 235 235 135 135 136 136 237 237 135 135 237 237 236 236 136 136 137 137 238 238 136 136 238 238 237 237 137 137 138 138 239 239 137 137 239 239 238 238 138 138 139 139 240 240 138 138 240 240 239 239 139 139 140 140 241 241 139 139 241 241 240 240 140 140 141 141 242 242 140 140 242 242 241 241 141 141 142 142 243 243 141 141 243 243 242 242 142 142 143 143 244 244 142 142 244 244 243 243 143 143 144 144 245 245 143 143 245 245 244 244 144 144 145 145 246 246 144 144 246 246 245 245 145 145 146 146 247 247 145 145 247 247 246 246 146 146 147 147 248 248 146 146 248 248 247 247 147 147 148 148 249 249 147 147 249 249 248 248 148 148 149 149 250 250 148 148 250 250 249 249 149 149 150 150 251 251 149 149 251 251 250 250 150 150 151 151 252 252 150 150 252 252 251 251 151 151 152 152 253 253 151 151 253 253 252 252 152 152 153 153 254 254 152 152 254 254 253 253 153 153 154 154 255 255 153 153 255 255 254 254 154 154 155 155 256 256 154 154 256 256 255 255 155 155 156 156 257 257 155 155 257 257 256 256 156 156 157 157 258 258 156 156 258 258 257 257 157 157 158 158 259 259 157 157 259 259 258 258 158 158 159 159 260 260 158 158 260 260 259 259 159 159 160 160 261 261 159 159 261 261 260 260 160 160 161 161 262 262 160 160 262 262 261 261 161 161 162 162 263 263 161 161 263 263 262 262 162 162 163 163 264 264 162 162 264 264 263 263 163 163 164 164 265 265 163 163 265 265 264 264 164 164 165 165 266 266 164 164 266 266 265 265 165 165 166 166 267 267 165 165 267 267 266 266 166 166 167 167 268 268 166 166 268 268 267 267 167 167 168 168 269 269 167 167 269 269 268 268 168 168 169 169 270 270 168 168 270 270 269 269 169 169 170 170 271 271 169 169 271 271 270 270 170 170 171 171 272 272 170 170 272 272 271 271 171 171 172 172 273 273 171 171 273 273 272 272 172 172 173 173 274 274 172 172 274 274 273 273 173 173 174 174 275 275 173 173 275 275 274 274 174 174 175 175 276 276 174 174 276 276 275 275 175 175 176 176 277 277 175 175 277 277 276 276 176 176 177 177 278 278 176 176 278 278 277 277 177 177 178 178 279 279 177 177 279 279 278 278 178 178 179 179 280 280 178 178 280 280 279 279 179 179 180 180 281 281 179 179 281 281 280 280 180 180 181 181 282 282 180 180 282 282 281 281 181 181 182 182 283 283 181 181 283 283 282 282 182 182 183 183 284 284 182 182 284 284 283 283 183 183 184 184 285 285 183 183 285 285 284 284 184 184 185 185 286 286 184 184 286 286 285 285 185 185 186 186 287 287 185 185 287 287 286 286 186 186 187 187 288 288 186 186 288 288 287 287 187 187 188 188 289 289 187 187 289 289 288 288 188 188 189 189 290 290 188 188 290 290 289 289 189 189 190 190 291 291 189 189 291 291 290 290 190 190 191 191 292 292 190 190 292 292 291 291 191 191 192 192 293 293 191 191 293 293 292 292 192 192 193 193 294 294 192 192 294 294 293 293 193 193 194 194 295 295 193 193 295 295 294 294 194 194 195 195 296 296 194 194 296 296 295 295 195 195 196 196 297 297 195 195 297 297 296 296 196 196 197 197 298 298 196 196 298 298 297 297 197 197 198 198 299 299 197 197 299 299 298 298 198 198 199 199 300 300 198 198 300 300 299 299 199 199 200 200 301 301 199 199 301 301 300 300 200 200 201 201 302 302 200 200 302 302 301 301 202 202 203 203 304 304 202 202 304 304 303 303 203 203 204 204 305 305 203 203 305 305 304 304 204 204 205 205 306 306 204 204 306 306 305 305 205 205 206 206 307 307 205 205 307 307 306 306 206 206 207 207 308 308 206 206 308 308 307 307 207 207 208 208 309 309 207 207 309 309 308 308 208 208 209 209 310 310 208 208 310 310 309 309 209 209 210 210 311 311 209 209 311 311 310 310 210 210 211 211 312 312 210 210 312 312 311 311 211 211 212 212 313 313 211 211 313 313 312 312 212 212 213 213 314 314 212 212 314 314 313 313 213 213 214 214 315 315 213 213 315 315 314 314 214 214 215 215 316 316 214 214 316 316 315 315 215 215 216 216 317 317 215 215 317 317 316 316 216 216 217 217 318 318 216 216 318 318 317 317 217 217 218 218 319 319 217 217 319 319 318 318 218 218 219 219 320 320 218 218 320 320 319 319 219 219 220 220 321 321 219 219 321 321 320 320 220 220 221 221 322 322 220 220 322 322 321 321 221 221 222 222 323 323 221 221 323 323 322 322 222 222 223 223 324 324 222 222 324 324 323 323 223 223 224 224 325 325 223 223 325 325 324 324 224 224 225 225 326 326 224 224 326 326 325 325 225 225 226 226 327 327 225 225 327 327 326 326 226 226 227 227 328 328 226 226 328 328 327 327 227 227 228 228 329 329 227 227 329 329 328 328 228 228 229 229 330 330 228 228 330 330 329 329 229 229 230 230 331 331 229 229 331 331 330 330 230 230 231 231 332 332 230 230 332 332 331 331 231 231 232 232 333 333 231 231 333 333 332 332 232 232 233 233 334 334 232 232 334 334 333 333 233 233 234 234 335 335 233 233 335 335 334 334 234 234 235 235 336 336 234 234 336 336 335 335 235 235 236 236 337 337 235 235 337 337 336 336 236 236 237 237 338 338 236 236 338 338 337 337 237 237 238 238 339 339 237 237 339 339 338 338 238 238 239 239 340 340 238 238 340 340 339 339 239 239 240 240 341 341 239 239 341 341 340 340 240 240 241 241 342 342 240 240 342 342 341 341 241 241 242 242 343 343 241 241 343 343 342 342 242 242 243 243 344 344 242 242 344 344 343 343 243 243 244 244 345 345 243 243 345 345 344 344 244 244 245 245 346 346 244 244 346 346 345 345 245 245 246 246 347 347 245 245 347 347 346 346 246 246 247 247 348 348 246 246 348 348 347 347 247 247 248 248 349 349 247 247 349 349 348 348 248 248 249 249 350 350 248 248 350 350 349 349 249 249 250 250 351 351 249 249 351 351 350 350 250 250 251 251 352 352 250 250 352 352 351 351 251 251 252 252 353 353 251 251 353 353 352 352 252 252 253 253 354 354 252 252 354 354 353 353 253 253 254 254 355 355 253 253 355 355 354 354 254 254 255 255 356 356 254 254 356 356 355 355 255 255 256 256 357 357 255 255 357 357 356 356 256 256 257 257 358 358 256 256 358 358 357 357 257 257 258 258 359 359 257 257 359 359 358 358 258 258 259 259 360 360 258 258 360 360 359 359 259 259 260 260 361 361 259 259 361 361 360 360 260 260 261 261 362 362 260 260 362 362 361 361 261 261 262 262 363 363 261 261 363 363 362 362 262 262 263 263 364 364 262 262 364 364 363 363 263 263 264 264 365 365 263 263 365 365 364 364 264 264 265 265 366 366 264 264 366 366 365 365 265 265 266 266 367 367 265 265 367 367 366 366 266 266 267 267 368 368 266 266 368 368 367 367 267 267 268 268 369 369 267 267 369 369 368 368 268 268 269 269 370 370 268 268 370 370 369 369 269 269 270 270 371 371 269 269 371 371 370 370 270 270 271 271 372 372 270 270 372 372 371 371 271 271 272 272 373 373 271 271 373 373 372 372 272 272 273 273 374 374 272 272 374 374 373 373 273 273 274 274 375 375 273 273 375 375 374 374 274 274 275 275 376 376 274 274 376 376 375 375 275 275 276 276 377 377 275 275 377 377 376 376 276 276 277 277 378 378 276 276 378 378 377 377 277 277 278 278 379 379 277 277 379 379 378 378 278 278 279 279 380 380 278 278 380 380 379 379 279 279 280 280 381 381 279 279 381 381 380 380 280 280 281 281 382 382 280 280 382 382 381 381 281 281 282 282 383 383 281 281 383 383 382 382 282 282 283 283 384 384 282 282 384 384 383 383 283 283 284 284 385 385 283 283 385 385 384 384 284 284 285 285 386 386 284 284 386 386 385 385 285 285 286 286 387 387 285 285 387 387 386 386 286 286 287 287 388 388 286 286 388 388 387 387 287 287 288 288 389 389 287 287 389 389 388 388 288 288 289 289 390 390 288 288 390 390 389 389 289 289 290 290 391 391 289 289 391 391 390 390 290 290 291 291 392 392 290 290 392 392 391 391 291 291 292 292 393 393 291 291 393 393 392 392 292 292 293 293 394 394 292 292 394 394 393 393 293 293 294 294 395 395 293 293 395 395 394 394 294 294 295 295 396 396 294 294 396 396 395 395 295 295 296 296 397 397 295 295 397 397 396 396 296 296 297 297 398 398 296 296 398 398 397 397 297 297 298 298 399 399 297 297 399 399 398 398 298 298 299 299 400 400 298 298 400 400 399 399 299 299 300 300 401 401 299 299 401 401 400 400 300 300 301 301 402 402 300 300 402 402 401 401 301 301 302 302 403 403 301 301 403 403 402 402 303 303 304 304 405 405 303 303 405 405 404 404 304 304 305 305 406 406 304 304 406 406 405 405 305 305 306 306 407 407 305 305 407 407 406 406 306 306 307 307 408 408 306 306 408 408 407 407 307 307 308 308 409 409 307 307 409 409 408 408 308 308 309 309 410 410 308 308 410 410 409 409 309 309 310 310 411 411 309 309 411 411 410 410 310 310 311 311 412 412 310 310 412 412 411 411 311 311 312 312 413 413 311 311 413 413 412 412 312 312 313 313 414 414 312 312 414 414 413 413 313 313 314 314 415 415 313 313 415 415 414 414 314 314 315 315 416 416 314 314 416 416 415 415 315 315 316 316 417 417 315 315 417 417 416 416 316 316 317 317 418 418 316 316 418 418 417 417 317 317 318 318 419 419 317 317 419 419 418 418 318 318 319 319 420 420 318 318 420 420 419 419 319 319 320 320 421 421 319 319 421 421 420 420 320 320 321 321 422 422 320 320 422 422 421 421 321 321 322 322 423 423 321 321 423 423 422 422 322 322 323 323 424 424 322 322 424 424 423 423 323 323 324 324 425 425 323 323 425 425 424 424 324 324 325 325 426 426 324 324 426 426 425 425 325 325 326 326 427 427 325 325 427 427 426 426 326 326 327 327 428 428 326 326 428 428 427 427 327 327 328 328 429 429 327 327 429 429 428 428 328 328 329 329 430 430 328 328 430 430 429 429 329 329 330 330 431 431 329 329 431 431 430 430 330 330 331 331 432 432 330 330 432 432 431 431 331 331 332 332 433 433 331 331 433 433 432 432 332 332 333 333 434 434 332 332 434 434 433 433 333 333 334 334 435 435 333 333 435 435 434 434 334 334 335 335 436 436 334 334 436 436 435 435 335 335 336 336 437 437 335 335 437 437 436 436 336 336 337 337 438 438 336 336 438 438 437 437 337 337 338 338 439 439 337 337 439 439 438 438 338 338 339 339 440 440 338 338 440 440 439 439 339 339 340 340 441 441 339 339 441 441 440 440 340 340 341 341 442 442 340 340 442 442 441 441 341 341 342 342 443 443 341 341 443 443 442 442 342 342 343 343 444 444 342 342 444 444 443 443 343 343 344 344 445 445 343 343 445 445 444 444 344 344 345 345 446 446 344 344 446 446 445 445 345 345 346 346 447 447 345 345 447 447 446 446 346 346 347 347 448 448 346 346 448 448 447 447 347 347 348 348 449 449 347 347 449 449 448 448 348 348 349 349 450 450 348 348 450 450 449 449 349 349 350 350 451 451 349 349 451 451 450 450 350 350 351 351 452 452 350 350 452 452 451 451 351 351 352 352 453 453 351 351 453 453 452 452 352 352 353 353 454 454 352 352 454 454 453 453 353 353 354 354 455 455 353 353 455 455 454 454 354 354 355 355 456 456 354 354 456 456 455 455 355 355 356 356 457 457 355 355 457 457 456 456 356 356 357 357 458 458 356 356 458 458 457 457 357 357 358 358 459 459 357 357 459 459 458 458 358 358 359 359 460 460 358 358 460 460 459 459 359 359 360 360 461 461 359 359 461 461 460 460 360 360 361 361 462 462 360 360 462 462 461 461 361 361 362 362 463 463 361 361 463 463 462 462 362 362 363 363 464 464 362 362 464 464 463 463 363 363 364 364 465 465 363 363 465 465 464 464 364 364 365 365 466 466 364 364 466 466 465 465 365 365 366 366 467 467 365 365 467 467 466 466 366 366 367 367 468 468 366 366 468 468 467 467 367 367 368 368 469 469 367 367 469 469 468 468 368 368 369 369 470 470 368 368 470 470 469 469 369 369 370 370 471 471 369 369 471 471 470 470 370 370 371 371 472 472 370 370 472 472 471 471 371 371 372 372 473 473 371 371 473 473 472 472 372 372 373 373 474 474 372 372 474 474 473 473 373 373 374 374 475 475 373 373 475 475 474 474 374 374 375 375 476 476 374 374 476 476 475 475 375 375 376 376 477 477 375 375 477 477 476 476 376 376 377 377 478 478 376 376 478 478 477 477 377 377 378 378 479 479 377 377 479 479 478 478 378 378 379 379 480 480 378 378 480 480 479 479 379 379 380 380 481 481 379 379 481 481 480 480 380 380 381 381 482 482 380 380 482 482 481 481 381 381 382 382 483 483 381 381 483 483 482 482 382 382 383 383 484 484 382 382 484 484 483 483 383 383 384 384 485 485 383 383 485 485 484 484 384 384 385 385 486 486 384 384 486 486 485 485 385 385 386 386 487 487 385 385 487 487 486 486 386 386 387 387 488 488 386 386 488 488 487 487 387 387 388 388 489 489 387 387 489 489 488 488 388 388 389 389 490 490 388 388 490 490 489 489 389 389 390 390 491 491 389 389 491 491 490 490 390 390 391 391 492 492 390 390 492 492 491 491 391 391 392 392 493 493 391 391 493 493 492 492 392 392 393 393 494 494 392 392 494 494 493 493 393 393 394 394 495 495 393 393 495 495 494 494 394 394 395 395 496 496 394 394 496 496 495 495 395 395 396 396 497 497 395 395 497 497 496 496 396 396 397 397 498 498 396 396 498 498 497 497 397 397 398 398 499 499 397 397 499 499 498 498 398 398 399 399 500 500 398 398 500 500 499 499 399 399 400 400 501 501 399 399 501 501 500 500 400 400 401 401 502 502 400 400 502 502 501 501 401 401 402 402 503 503 401 401 503 503 502 502 402 402 403 403 504 504 402 402 504 504 503 503 404 404 405 405 506 506 404 404 506 506 505 505 405 405 406 406 507 507 405 405 507 507 506 506 406 406 407 407 508 508 406 406 508 508 507 507 407 407 408 408 509 509 407 407 509 509 508 508 408 408 409 409 510 510 408 408 510 510 509 509 409 409 410 410 511 511 409 409 511 511 510 510 410 410 411 411 512 512 410 410 512 512 511 511 411 411 412 412 513 513 411 411 513 513 512 512 412 412 413 413 514 514 412 412 514 514 513 513 413 413 414 414 515 515 413 413 515 515 514 514 414 414 415 415 516 516 414 414 516 516 515 515 415 415 416 416 517 517 415 415 517 517 516 516 416 416 417 417 518 518 416 416 518 518 517 517 417 417 418 418 519 519 417 417 519 519 518 518 418 418 419 419 520 520 418 418 520 520 519 519 419 419 420 420 521 521 419 419 521 521 520 520 420 420 421 421 522 522 420 420 522 522 521 521 421 421 422 422 523 523 421 421 523 523 522 522 422 422 423 423 524 524 422 422 524 524 523 523 423 423 424 424 525 525 423 423 525 525 524 524 424 424 425 425 526 526 424 424 526 526 525 525 425 425 426 426 527 527 425 425 527 527 526 526 426 426 427 427 528 528 426 426 528 528 527 527 427 427 428 428 529 529 427 427 529 529 528 528 428 428 429 429 530 530 428 428 530 530 529 529 429 429 430 430 531 531 429 429 531 531 530 530 430 430 431 431 532 532 430 430 532 532 531 531 431 431 432 432 533 533 431 431 533 533 532 532 432 432 433 433 534 534 432 432 534 534 533 533 433 433 434 434 535 535 433 433 535 535 534 534 434 434 435 435 536 536 434 434 536 536 535 535 435 435 436 436 537 537 435 435 537 537 536 536 436 436 437 437 538 538 436 436 538 538 537 537 437 437 438 438 539 539 437 437 539 539 538 538 438 438 439 439 540 540 438 438 540 540 539 539 439 439 440 440 541 541 439 439 541 541 540 540 440 440 441 441 542 542 440 440 542 542 541 541 441 441 442 442 543 543 441 441 543 543 542 542 442 442 443 443 544 544 442 442 544 544 543 543 443 443 444 444 545 545 443 443 545 545 544 544 444 444 445 445 546 546 444 444 546 546 545 545 445 445 446 446 547 547 445 445 547 547 546 546 446 446 447 447 548 548 446 446 548 548 547 547 447 447 448 448 549 549 447 447 549 549 548 548 448 448 449 449 550 550 448 448 550 550 549 549 449 449 450 450 551 551 449 449 551 551 550 550 450 450 451 451 552 552 450 450 552 552 551 551 451 451 452 452 553 553 451 451 553 553 552 552 452 452 453 453 554 554 452 452 554 554 553 553 453 453 454 454 555 555 453 453 555 555 554 554 454 454 455 455 556 556 454 454 556 556 555 555 455 455 456 456 557 557 455 455 557 557 556 556 456 456 457 457 558 558 456 456 558 558 557 557 457 457 458 458 559 559 457 457 559 559 558 558 458 458 459 459 560 560 458 458 560 560 559 559 459 459 460 460 561 561 459 459 561 561 560 560 460 460 461 461 562 562 460 460 562 562 561 561 461 461 462 462 563 563 461 461 563 563 562 562 462 462 463 463 564 564 462 462 564 564 563 563 463 463 464 464 565 565 463 463 565 565 564 564 464 464 465 465 566 566 464 464 566 566 565 565 465 465 466 466 567 567 465 465 567 567 566 566 466 466 467 467 568 568 466 466 568 568 567 567 467 467 468 468 569 569 467 467 569 569 568 568 468 468 469 469 570 570 468 468 570 570 569 569 469 469 470 470 571 571 469 469 571 571 570 570 470 470 471 471 572 572 470 470 572 572 571 571 471 471 472 472 573 573 471 471 573 573 572 572 472 472 473 473 574 574 472 472 574 574 573 573 473 473 474 474 575 575 473 473 575 575 574 574 474 474 475 475 576 576 474 474 576 576 575 575 475 475 476 476 577 577 475 475 577 577 576 576 476 476 477 477 578 578 476 476 578 578 577 577 477 477 478 478 579 579 477 477 579 579 578 578 478 478 479 479 580 580 478 478 580 580 579 579 479 479 480 480 581 581 479 479 581 581 580 580 480 480 481 481 582 582 480 480 582 582 581 581 481 481 482 482 583 583 481 481 583 583 582 582 482 482 483 483 584 584 482 482 584 584 583 583 483 483 484 484 585 585 483 483 585 585 584 584 484 484 485 485 586 586 484 484 586 586 585 585 485 485 486 486 587 587 485 485 587 587 586 586 486 486 487 487 588 588 486 486 588 588 587 587 487 487 488 488 589 589 487 487 589 589 588 588 488 488 489 489 590 590 488 488 590 590 589 589 489 489 490 490 591 591 489 489 591 591 590 590 490 490 491 491 592 592 490 490 592 592 591 591 491 491 492 492 593 593 491 491 593 593 592 592 492 492 493 493 594 594 492 492 594 594 593 593 493 493 494 494 595 595 493 493 595 595 594 594 494 494 495 495 596 596 494 494 596 596 595 595 495 495 496 496 597 597 495 495 597 597 596 596 496 496 497 497 598 598 496 496 598 598 597 597 497 497 498 498 599 599 497 497 599 599 598 598 498 498 499 499 600 600 498 498 600 600 599 599 499 499 500 500 601 601 499 499 601 601 600 600 500 500 501 501 602 602 500 500 602 602 601 601 501 501 502 502 603 603 501 501 603 603 602 602 502 502 503 503 604 604 502 502 604 604 603 603 503 503 504 504 605 605 503 503 605 605 604 604 505 505 506 506 607 607 505 505 607 607 606 606 506 506 507 507 608 608 506 506 608 608 607 607 507 507 508 508 609 609 507 507 609 609 608 608 508 508 509 509 610 610 508 508 610 610 609 609 509 509 510 510 611 611 509 509 611 611 610 610 510 510 511 511 612 612 510 510 612 612 611 611 511 511 512 512 613 613 511 511 613 613 612 612 512 512 513 513 614 614 512 512 614 614 613 613 513 513 514 514 615 615 513 513 615 615 614 614 514 514 515 515 616 616 514 514 616 616 615 615 515 515 516 516 617 617 515 515 617 617 616 616 516 516 517 517 618 618 516 516 618 618 617 617 517 517 518 518 619 619 517 517 619 619 618 618 518 518 519 519 620 620 518 518 620 620 619 619 519 519 520 520 621 621 519 519 621 621 620 620 520 520 521 521 622 622 520 520 622 622 621 621 521 521 522 522 623 623 521 521 623 623 622 622 522 522 523 523 624 624 522 522 624 624 623 623 523 523 524 524 625 625 523 523 625 625 624 624 524 524 525 525 626 626 524 524 626 626 625 625 525 525 526 526 627 627 525 525 627 627 626 626 526 526 527 527 628 628 526 526 628 628 627 627 527 527 528 528 629 629 527 527 629 629 628 628 528 528 529 529 630 630 528 528 630 630 629 629 529 529 530 530 631 631 529 529 631 631 630 630 530 530 531 531 632 632 530 530 632 632 631 631 531 531 532 532 633 633 531 531 633 633 632 632 532 532 533 533 634 634 532 532 634 634 633 633 533 533 534 534 635 635 533 533 635 635 634 634 534 534 535 535 636 636 534 534 636 636 635 635 535 535 536 536 637 637 535 535 637 637 636 636 536 536 537 537 638 638 536 536 638 638 637 637 537 537 538 538 639 639 537 537 639 639 638 638 538 538 539 539 640 640 538 538 640 640 639 639 539 539 540 540 641 641 539 539 641 641 640 640 540 540 541 541 642 642 540 540 642 642 641 641 541 541 542 542 643 643 541 541 643 643 642 642 542 542 543 543 644 644 542 542 644 644 643 643 543 543 544 544 645 645 543 543 645 645 644 644 544 544 545 545 646 646 544 544 646 646 645 645 545 545 546 546 647 647 545 545 647 647 646 646 546 546 547 547 648 648 546 546 648 648 647 647 547 547 548 548 649 649 547 547 649 649 648 648 548 548 549 549 650 650 548 548 650 650 649 649 549 549 550 550 651 651 549 549 651 651 650 650 550 550 551 551 652 652 550 550 652 652 651 651 551 551 552 552 653 653 551 551 653 653 652 652 552 552 553 553 654 654 552 552 654 654 653 653 553 553 554 554 655 655 553 553 655 655 654 654 554 554 555 555 656 656 554 554 656 656 655 655 555 555 556 556 657 657 555 555 657 657 656 656 556 556 557 557 658 658 556 556 658 658 657 657 557 557 558 558 659 659 557 557 659 659 658 658 558 558 559 559 660 660 558 558 660 660 659 659 559 559 560 560 661 661 559 559 661 661 660 660 560 560 561 561 662 662 560 560 662 662 661 661 561 561 562 562 663 663 561 561 663 663 662 662 562 562 563 563 664 664 562 562 664 664 663 663 563 563 564 564 665 665 563 563 665 665 664 664 564 564 565 565 666 666 564 564 666 666 665 665 565 565 566 566 667 667 565 565 667 667 666 666 566 566 567 567 668 668 566 566 668 668 667 667 567 567 568 568 669 669 567 567 669 669 668 668 568 568 569 569 670 670 568 568 670 670 669 669 569 569 570 570 671 671 569 569 671 671 670 670 570 570 571 571 672 672 570 570 672 672 671 671 571 571 572 572 673 673 571 571 673 673 672 672 572 572 573 573 674 674 572 572 674 674 673 673 573 573 574 574 675 675 573 573 675 675 674 674 574 574 575 575 676 676 574 574 676 676 675 675 575 575 576 576 677 677 575 575 677 677 676 676 576 576 577 577 678 678 576 576 678 678 677 677 577 577 578 578 679 679 577 577 679 679 678 678 578 578 579 579 680 680 578 578 680 680 679 679 579 579 580 580 681 681 579 579 681 681 680 680 580 580 581 581 682 682 580 580 682 682 681 681 581 581 582 582 683 683 581 581 683 683 682 682 582 582 583 583 684 684 582 582 684 684 683 683 583 583 584 584 685 685 583 583 685 685 684 684 584 584 585 585 686 686 584 584 686 686 685 685 585 585 586 586 687 687 585 585 687 687 686 686 586 586 587 587 688 688 586 586 688 688 687 687 587 587 588 588 689 689 587 587 689 689 688 688 588 588 589 589 690 690 588 588 690 690 689 689 589 589 590 590 691 691 589 589 691 691 690 690 590 590 591 591 692 692 590 590 692 692 691 691 591 591 592 592 693 693 591 591 693 693 692 692 592 592 593 593 694 694 592 592 694 694 693 693 593 593 594 594 695 695 593 593 695 695 694 694 594 594 595 595 696 696 594 594 696 696 695 695 595 595 596 596 697 697 595 595 697 697 696 696 596 596 597 597 698 698 596 596 698 698 697 697 597 597 598 598 699 699 597 597 699 699 698 698 598 598 599 599 700 700 598 598 700 700 699 699 599 599 600 600 701 701 599 599 701 701 700 700 600 600 601 601 702 702 600 600 702 702 701 701 601 601 602 602 703 703 601 601 703 703 702 702 602 602 603 603 704 704 602 602 704 704 703 703 603 603 604 604 705 705 603 603 705 705 704 704 604 604 605 605 706 706 604 604 706 706 705 705 606 606 607 607 708 708 606 606 708 708 707 707 607 607 608 608 709 709 607 607 709 709 708 708 608 608 609 609 710 710 608 608 710 710 709 709 609 609 610 610 711 711 609 609 711 711 710 710 610 610 611 611 712 712 610 610 712 712 711 711 611 611 612 612 713 713 611 611 713 713 712 712 612 612 613 613 714 714 612 612 714 714 713 713 613 613 614 614 715 715 613 613 715 715 714 714 614 614 615 615 716 716 614 614 716 716 715 715 615 615 616 616 717 717 615 615 717 717 716 716 616 616 617 617 718 718 616 616 718 718 717 717 617 617 618 618 719 719 617 617 719 719 718 718 618 618 619 619 720 720 618 618 720 720 719 719 619 619 620 620 721 721 619 619 721 721 720 720 620 620 621 621 722 722 620 620 722 722 721 721 621 621 622 622 723 723 621 621 723 723 722 722 622 622 623 623 724 724 622 622 724 724 723 723 623 623 624 624 725 725 623 623 725 725 724 724 624 624 625 625 726 726 624 624 726 726 725 725 625 625 626 626 727 727 625 625 727 727 726 726 626 626 627 627 728 728 626 626 728 728 727 727 627 627 628 628 729 729 627 627 729 729 728 728 628 628 629 629 730 730 628 628 730 730 729 729 629 629 630 630 731 731 629 629 731 731 730 730 630 630 631 631 732 732 630 630 732 732 731 731 631 631 632 632 733 733 631 631 733 733 732 732 632 632 633 633 734 734 632 632 734 734 733 733 633 633 634 634 735 735 633 633 735 735 734 734 634 634 635 635 736 736 634 634 736 736 735 735 635 635 636 636 737 737 635 635 737 737 736 736 636 636 637 637 738 738 636 636 738 738 737 737 637 637 638 638 739 739 637 637 739 739 738 738 638 638 639 639 740 740 638 638 740 740 739 739 639 639 640 640 741 741 639 639 741 741 740 740 640 640 641 641 742 742 640 640 742 742 741 741 641 641 642 642 743 743 641 641 743 743 742 742 642 642 643 643 744 744 642 642 744 744 743 743 643 643 644 644 745 745 643 643 745 745 744 744 644 644 645 645 746 746 644 644 746 746 745 745 645 645 646 646 747 747 645 645 747 747 746 746 646 646 647 647 748 748 646 646 748 748 747 747 647 647 648 648 749 749 647 647 749 749 748 748 648 648 649 649 750 750 648 648 750 750 749 749 649 649 650 650 751 751 649 649 751 751 750 750 650 650 651 651 752 752 650 650 752 752 751 751 651 651 652 652 753 753 651 651 753 753 752 752 652 652 653 653 754 754 652 652 754 754 753 753 653 653 654 654 755 755 653 653 755 755 754 754 654 654 655 655 756 756 654 654 756 756 755 755 655 655 656 656 757 757 655 655 757 757 756 756 656 656 657 657 758 758 656 656 758 758 757 757 657 657 658 658 759 759 657 657 759 759 758 758 658 658 659 659 760 760 658 658 760 760 759 759 659 659 660 660 761 761 659 659 761 761 760 760 660 660 661 661 762 762 660 660 762 762 761 761 661 661 662 662 763 763 661 661 763 763 762 762 662 662 663 663 764 764 662 662 764 764 763 763 663 663 664 664 765 765 663 663 765 765 764 764 664 664 665 665 766 766 664 664 766 766 765 765 665 665 666 666 767 767 665 665 767 767 766 766 666 666 667 667 768 768 666 666 768 768 767 767 667 667 668 668 769 769 667 667 769 769 768 768 668 668 669 669 770 770 668 668 770 770 769 769 669 669 670 670 771 771 669 669 771 771 770 770 670 670 671 671 772 772 670 670 772 772 771 771 671 671 672 672 773 773 671 671 773 773 772 772 672 672 673 673 774 774 672 672 774 774 773 773 673 673 674 674 775 775 673 673 775 775 774 774 674 674 675 675 776 776 674 674 776 776 775 775 675 675 676 676 777 777 675 675 777 777 776 776 676 676 677 677 778 778 676 676 778 778 777 777 677 677 678 678 779 779 677 677 779 779 778 778 678 678 679 679 780 780 678 678 780 780 779 779 679 679 680 680 781 781 679 679 781 781 780 780 680 680 681 681 782 782 680 680 782 782 781 781 681 681 682 682 783 783 681 681 783 783 782 782 682 682 683 683 784 784 682 682 784 784 783 783 683 683 684 684 785 785 683 683 785 785 784 784 684 684 685 685 786 786 684 684 786 786 785 785 685 685 686 686 787 787 685 685 787 787 786 786 686 686 687 687 788 788 686 686 788 788 787 787 687 687 688 688 789 789 687 687 789 789 788 788 688 688 689 689 790 790 688 688 790 790 789 789 689 689 690 690 791 791 689 689 791 791 790 790 690 690 691 691 792 792 690 690 792 792 791 791 691 691 692 692 793 793 691 691 793 793 792 792 692 692 693 693 794 794 692 692 794 794 793 793 693 693 694 694 795 795 693 693 795 795 794 794 694 694 695 695 796 796 694 694 796 796 795 795 695 695 696 696 797 797 695 695 797 797 796 796 696 696 697 697 798 798 696 696 798 798 797 797 697 697 698 698 799 799 697 697 799 799 798 798 698 698 699 699 800 800 698 698 800 800 799 799 699 699 700 700 801 801 699 699 801 801 800 800 700 700 701 701 802 802 700 700 802 802 801 801 701 701 702 702 803 803 701 701 803 803 802 802 702 702 703 703 804 804 702 702 804 804 803 803 703 703 704 704 805 805 703 703 805 805 804 804 704 704 705 705 806 806 704 704 806 806 805 805 705 705 706 706 807 807 705 705 807 807 806 806 707 707 708 708 809 809 707 707 809 809 808 808 708 708 709 709 810 810 708 708 810 810 809 809 709 709 710 710 811 811 709 709 811 811 810 810 710 710 711 711 812 812 710 710 812 812 811 811 711 711 712 712 813 813 711 711 813 813 812 812 712 712 713 713 814 814 712 712 814 814 813 813 713 713 714 714 815 815 713 713 815 815 814 814 714 714 715 715 816 816 714 714 816 816 815 815 715 715 716 716 817 817 715 715 817 817 816 816 716 716 717 717 818 818 716 716 818 818 817 817 717 717 718 718 819 819 717 717 819 819 818 818 718 718 719 719 820 820 718 718 820 820 819 819 719 719 720 720 821 821 719 719 821 821 820 820 720 720 721 721 822 822 720 720 822 822 821 821 721 721 722 722 823 823 721 721 823 823 822 822 722 722 723 723 824 824 722 722 824 824 823 823 723 723 724 724 825 825 723 723 825 825 824 824 724 724 725 725 826 826 724 724 826 826 825 825 725 725 726 726 827 827 725 725 827 827 826 826 726 726 727 727 828 828 726 726 828 828 827 827 727 727 728 728 829 829 727 727 829 829 828 828 728 728 729 729 830 830 728 728 830 830 829 829 729 729 730 730 831 831 729 729 831 831 830 830 730 730 731 731 832 832 730 730 832 832 831 831 731 731 732 732 833 833 731 731 833 833 832 832 732 732 733 733 834 834 732 732 834 834 833 833 733 733 734 734 835 835 733 733 835 835 834 834 734 734 735 735 836 836 734 734 836 836 835 835 735 735 736 736 837 837 735 735 837 837 836 836 736 736 737 737 838 838 736 736 838 838 837 837 737 737 738 738 839 839 737 737 839 839 838 838 738 738 739 739 840 840 738 738 840 840 839 839 739 739 740 740 841 841 739 739 841 841 840 840 740 740 741 741 842 842 740 740 842 842 841 841 741 741 742 742 843 843 741 741 843 843 842 842 742 742 743 743 844 844 742 742 844 844 843 843 743 743 744 744 845 845 743 743 845 845 844 844 744 744 745 745 846 846 744 744 846 846 845 845 745 745 746 746 847 847 745 745 847 847 846 846 746 746 747 747 848 848 746 746 848 848 847 847 747 747 748 748 849 849 747 747 849 849 848 848 748 748 749 749 850 850 748 748 850 850 849 849 749 749 750 750 851 851 749 749 851 851 850 850 750 750 751 751 852 852 750 750 852 852 851 851 751 751 752 752 853 853 751 751 853 853 852 852 752 752 753 753 854 854 752 752 854 854 853 853 753 753 754 754 855 855 753 753 855 855 854 854 754 754 755 755 856 856 754 754 856 856 855 855 755 755 756 756 857 857 755 755 857 857 856 856 756 756 757 757 858 858 756 756 858 858 857 857 757 757 758 758 859 859 757 757 859 859 858 858 758 758 759 759 860 860 758 758 860 860 859 859 759 759 760 760 861 861 759 759 861 861 860 860 760 760 761 761 862 862 760 760 862 862 861 861 761 761 762 762 863 863 761 761 863 863 862 862 762 762 763 763 864 864 762 762 864 864 863 863 763 763 764 764 865 865 763 763 865 865 864 864 764 764 765 765 866 866 764 764 866 866 865 865 765 765 766 766 867 867 765 765 867 867 866 866 766 766 767 767 868 868 766 766 868 868 867 867 767 767 768 768 869 869 767 767 869 869 868 868 768 768 769 769 870 870 768 768 870 870 869 869 769 769 770 770 871 871 769 769 871 871 870 870 770 770 771 771 872 872 770 770 872 872 871 871 771 771 772 772 873 873 771 771 873 873 872 872 772 772 773 773 874 874 772 772 874 874 873 873 773 773 774 774 875 875 773 773 875 875 874 874 774 774 775 775 876 876 774 774 876 876 875 875 775 775 776 776 877 877 775 775 877 877 876 876 776 776 777 777 878 878 776 776 878 878 877 877 777 777 778 778 879 879 777 777 879 879 878 878 778 778 779 779 880 880 778 778 880 880 879 879 779 779 780 780 881 881 779 779 881 881 880 880 780 780 781 781 882 882 780 780 882 882 881 881 781 781 782 782 883 883 781 781 883 883 882 882 782 782 783 783 884 884 782 782 884 884 883 883 783 783 784 784 885 885 783 783 885 885 884 884 784 784 785 785 886 886 784 784 886 886 885 885 785 785 786 786 887 887 785 785 887 887 886 886 786 786 787 787 888 888 786 786 888 888 887 887 787 787 788 788 889 889 787 787 889 889 888 888 788 788 789 789 890 890 788 788 890 890 889 889 789 789 790 790 891 891 789 789 891 891 890 890 790 790 791 791 892 892 790 790 892 892 891 891 791 791 792 792 893 893 791 791 893 893 892 892 792 792 793 793 894 894 792 792 894 894 893 893 793 793 794 794 895 895 793 793 895 895 894 894 794 794 795 795 896 896 794 794 896 896 895 895 795 795 796 796 897 897 795 795 897 897 896 896 796 796 797 797 898 898 796 796 898 898 897 897 797 797 798 798 899 899 797 797 899 899 898 898 798 798 799 799 900 900 798 798 900 900 899 899 799 799 800 800 901 901 799 799 901 901 900 900 800 800 801 801 902 902 800 800 902 902 901 901 801 801 802 802 903 903 801 801 903 903 902 902 802 802 803 803 904 904 802 802 904 904 903 903 803 803 804 804 905 905 803 803 905 905 904 904 804 804 805 805 906 906 804 804 906 906 905 905 805 805 806 806 907 907 805 805 907 907 906 906 806 806 807 807 908 908 806 806 908 908 907 907 808 808 809 809 910 910 808 808 910 910 909 909 809 809 810 810 911 911 809 809 911 911 910 910 810 810 811 811 912 912 810 810 912 912 911 911 811 811 812 812 913 913 811 811 913 913 912 912 812 812 813 813 914 914 812 812 914 914 913 913 813 813 814 814 915 915 813 813 915 915 914 914 814 814 815 815 916 916 814 814 916 916 915 915 815 815 816 816 917 917 815 815 917 917 916 916 816 816 817 817 918 918 816 816 918 918 917 917 817 817 818 818 919 919 817 817 919 919 918 918 818 818 819 819 920 920 818 818 920 920 919 919 819 819 820 820 921 921 819 819 921 921 920 920 820 820 821 821 922 922 820 820 922 922 921 921 821 821 822 822 923 923 821 821 923 923 922 922 822 822 823 823 924 924 822 822 924 924 923 923 823 823 824 824 925 925 823 823 925 925 924 924 824 824 825 825 926 926 824 824 926 926 925 925 825 825 826 826 927 927 825 825 927 927 926 926 826 826 827 827 928 928 826 826 928 928 927 927 827 827 828 828 929 929 827 827 929 929 928 928 828 828 829 829 930 930 828 828 930 930 929 929 829 829 830 830 931 931 829 829 931 931 930 930 830 830 831 831 932 932 830 830 932 932 931 931 831 831 832 832 933 933 831 831 933 933 932 932 832 832 833 833 934 934 832 832 934 934 933 933 833 833 834 834 935 935 833 833 935 935 934 934 834 834 835 835 936 936 834 834 936 936 935 935 835 835 836 836 937 937 835 835 937 937 936 936 836 836 837 837 938 938 836 836 938 938 937 937 837 837 838 838 939 939 837 837 939 939 938 938 838 838 839 839 940 940 838 838 940 940 939 939 839 839 840 840 941 941 839 839 941 941 940 940 840 840 841 841 942 942 840 840 942 942 941 941 841 841 842 842 943 943 841 841 943 943 942 942 842 842 843 843 944 944 842 842 944 944 943 943 843 843 844 844 945 945 843 843 945 945 944 944 844 844 845 845 946 946 844 844 946 946 945 945 845 845 846 846 947 947 845 845 947 947 946 946 846 846 847 847 948 948 846 846 948 948 947 947 847 847 848 848 949 949 847 847 949 949 948 948 848 848 849 849 950 950 848 848 950 950 949 949 849 849 850 850 951 951 849 849 951 951 950 950 850 850 851 851 952 952 850 850 952 952 951 951 851 851 852 852 953 953 851 851 953 953 952 952 852 852 853 853 954 954 852 852 954 954 953 953 853 853 854 854 955 955 853 853 955 955 954 954 854 854 855 855 956 956 854 854 956 956 955 955 855 855 856 856 957 957 855 855 957 957 956 956 856 856 857 857 958 958 856 856 958 958 957 957 857 857 858 858 959 959 857 857 959 959 958 958 858 858 859 859 960 960 858 858 960 960 959 959 859 859 860 860 961 961 859 859 961 961 960 960 860 860 861 861 962 962 860 860 962 962 961 961 861 861 862 862 963 963 861 861 963 963 962 962 862 862 863 863 964 964 862 862 964 964 963 963 863 863 864 864 965 965 863 863 965 965 964 964 864 864 865 865 966 966 864 864 966 966 965 965 865 865 866 866 967 967 865 865 967 967 966 966 866 866 867 867 968 968 866 866 968 968 967 967 867 867 868 868 969 969 867 867 969 969 968 968 868 868 869 869 970 970 868 868 970 970 969 969 869 869 870 870 971 971 869 869 971 971 970 970 870 870 871 871 972 972 870 870 972 972 971 971 871 871 872 872 973 973 871 871 973 973 972 972 872 872 873 873 974 974 872 872 974 974 973 973 873 873 874 874 975 975 873 873 975 975 974 974 874 874 875 875 976 976 874 874 976 976 975 975 875 875 876 876 977 977 875 875 977 977 976 976 876 876 877 877 978 978 876 876 978 978 977 977 877 877 878 878 979 979 877 877 979 979 978 978 878 878 879 879 980 980 878 878 980 980 979 979 879 879 880 880 981 981 879 879 981 981 980 980 880 880 881 881 982 982 880 880 982 982 981 981 881 881 882 882 983 983 881 881 983 983 982 982 882 882 883 883 984 984 882 882 984 984 983 983 883 883 884 884 985 985 883 883 985 985 984 984 884 884 885 885 986 986 884 884 986 986 985 985 885 885 886 886 987 987 885 885 987 987 986 986 886 886 887 887 988 988 886 886 988 988 987 987 887 887 888 888 989 989 887 887 989 989 988 988 888 888 889 889 990 990 888 888 990 990 989 989 889 889 890 890 991 991 889 889 991 991 990 990 890 890 891 891 992 992 890 890 992 992 991 991 891 891 892 892 993 993 891 891 993 993 992 992 892 892 893 893 994 994 892 892 994 994 993 993 893 893 894 894 995 995 893 893 995 995 994 994 894 894 895 895 996 996 894 894 996 996 995 995 895 895 896 896 997 997 895 895 997 997 996 996 896 896 897 897 998 998 896 896 998 998 997 997 897 897 898 898 999 999 897 897 999 999 998 998 898 898 899 899 1000 1000 898 898 1000 1000 999 999 899 899 900 900 1001 1001 899 899 1001 1001 1000 1000 900 900 901 901 1002 1002 900 900 1002 1002 1001 1001 901 901 902 902 1003 1003 901 901 1003 1003 1002 1002 902 902 903 903 1004 1004 902 902 1004 1004 1003 1003 903 903 904 904 1005 1005 903 903 1005 1005 1004 1004 904 904 905 905 1006 1006 904 904 1006 1006 1005 1005 905 905 906 906 1007 1007 905 905 1007 1007 1006 1006 906 906 907 907 1008 1008 906 906 1008 1008 1007 1007 907 907 908 908 1009 1009 907 907 1009 1009 1008 1008 909 909 910 910 1011 1011 909 909 1011 1011 1010 1010 910 910 911 911 1012 1012 910 910 1012 1012 1011 1011 911 911 912 912 1013 1013 911 911 1013 1013 1012 1012 912 912 913 913 1014 1014 912 912 1014 1014 1013 1013 913 913 914 914 1015 1015 913 913 1015 1015 1014 1014 914 914 915 915 1016 1016 914 914 1016 1016 1015 1015 915 915 916 916 1017 1017 915 915 1017 1017 1016 1016 916 916 917 917 1018 1018 916 916 1018 1018 1017 1017 917 917 918 918 1019 1019 917 917 1019 1019 1018 1018 918 918 919 919 1020 1020 918 918 1020 1020 1019 1019 919 919 920 920 1021 1021 919 919 1021 1021 1020 1020 920 920 921 921 1022 1022 920 920 1022 1022 1021 1021 921 921 922 922 1023 1023 921 921 1023 1023 1022 1022 922 922 923 923 1024 1024 922 922 1024 1024 1023 1023 923 923 924 924 1025 1025 923 923 1025 1025 1024 1024 924 924 925 925 1026 1026 924 924 1026 1026 1025 1025 925 925 926 926 1027 1027 925 925 1027 1027 1026 1026 926 926 927 927 1028 1028 926 926 1028 1028 1027 1027 927 927 928 928 1029 1029 927 927 1029 1029 1028 1028 928 928 929 929 1030 1030 928 928 1030 1030 1029 1029 929 929 930 930 1031 1031 929 929 1031 1031 1030 1030 930 930 931 931 1032 1032 930 930 1032 1032 1031 1031 931 931 932 932 1033 1033 931 931 1033 1033 1032 1032 932 932 933 933 1034 1034 932 932 1034 1034 1033 1033 933 933 934 934 1035 1035 933 933 1035 1035 1034 1034 934 934 935 935 1036 1036 934 934 1036 1036 1035 1035 935 935 936 936 1037 1037 935 935 1037 1037 1036 1036 936 936 937 937 1038 1038 936 936 1038 1038 1037 1037 937 937 938 938 1039 1039 937 937 1039 1039 1038 1038 938 938 939 939 1040 1040 938 938 1040 1040 1039 1039 939 939 940 940 1041 1041 939 939 1041 1041 1040 1040 940 940 941 941 1042 1042 940 940 1042 1042 1041 1041 941 941 942 942 1043 1043 941 941 1043 1043 1042 1042 942 942 943 943 1044 1044 942 942 1044 1044 1043 1043 943 943 944 944 1045 1045 943 943 1045 1045 1044 1044 944 944 945 945 1046 1046 944 944 1046 1046 1045 1045 945 945 946 946 1047 1047 945 945 1047 1047 1046 1046 946 946 947 947 1048 1048 946 946 1048 1048 1047 1047 947 947 948 948 1049 1049 947 947 1049 1049 1048 1048 948 948 949 949 1050 1050 948 948 1050 1050 1049 1049 949 949 950 950 1051 1051 949 949 1051 1051 1050 1050 950 950 951 951 1052 1052 950 950 1052 1052 1051 1051 951 951 952 952 1053 1053 951 951 1053 1053 1052 1052 952 952 953 953 1054 1054 952 952 1054 1054 1053 1053 953 953 954 954 1055 1055 953 953 1055 1055 1054 1054 954 954 955 955 1056 1056 954 954 1056 1056 1055 1055 955 955 956 956 1057 1057 955 955 1057 1057 1056 1056 956 956 957 957 1058 1058 956 956 1058 1058 1057 1057 957 957 958 958 1059 1059 957 957 1059 1059 1058 1058 958 958 959 959 1060 1060 958 958 1060 1060 1059 1059 959 959 960 960 1061 1061 959 959 1061 1061 1060 1060 960 960 961 961 1062 1062 960 960 1062 1062 1061 1061 961 961 962 962 1063 1063 961 961 1063 1063 1062 1062 962 962 963 963 1064 1064 962 962 1064 1064 1063 1063 963 963 964 964 1065 1065 963 963 1065 1065 1064 1064 964 964 965 965 1066 1066 964 964 1066 1066 1065 1065 965 965 966 966 1067 1067 965 965 1067 1067 1066 1066 966 966 967 967 1068 1068 966 966 1068 1068 1067 1067 967 967 968 968 1069 1069 967 967 1069 1069 1068 1068 968 968 969 969 1070 1070 968 968 1070 1070 1069 1069 969 969 970 970 1071 1071 969 969 1071 1071 1070 1070 970 970 971 971 1072 1072 970 970 1072 1072 1071 1071 971 971 972 972 1073 1073 971 971 1073 1073 1072 1072 972 972 973 973 1074 1074 972 972 1074 1074 1073 1073 973 973 974 974 1075 1075 973 973 1075 1075 1074 1074 974 974 975 975 1076 1076 974 974 1076 1076 1075 1075 975 975 976 976 1077 1077 975 975 1077 1077 1076 1076 976 976 977 977 1078 1078 976 976 1078 1078 1077 1077 977 977 978 978 1079 1079 977 977 1079 1079 1078 1078 978 978 979 979 1080 1080 978 978 1080 1080 1079 1079 979 979 980 980 1081 1081 979 979 1081 1081 1080 1080 980 980 981 981 1082 1082 980 980 1082 1082 1081 1081 981 981 982 982 1083 1083 981 981 1083 1083 1082 1082 982 982 983 983 1084 1084 982 982 1084 1084 1083 1083 983 983 984 984 1085 1085 983 983 1085 1085 1084 1084 984 984 985 985 1086 1086 984 984 1086 1086 1085 1085 985 985 986 986 1087 1087 985 985 1087 1087 1086 1086 986 986 987 987 1088 1088 986 986 1088 1088 1087 1087 987 987 988 988 1089 1089 987 987 1089 1089 1088 1088 988 988 989 989 1090 1090 988 988 1090 1090 1089 1089 989 989 990 990 1091 1091 989 989 1091 1091 1090 1090 990 990 991 991 1092 1092 990 990 1092 1092 1091 1091 991 991 992 992 1093 1093 991 991 1093 1093 1092 1092 992 992 993 993 1094 1094 992 992 1094 1094 1093 1093 993 993 994 994 1095 1095 993 993 1095 1095 1094 1094 994 994 995 995 1096 1096 994 994 1096 1096 1095 1095 995 995 996 996 1097 1097 995 995 1097 1097 1096 1096 996 996 997 997 1098 1098 996 996 1098 1098 1097 1097 997 997 998 998 1099 1099 997 997 1099 1099 1098 1098 998 998 999 999 1100 1100 998 998 1100 1100 1099 1099 999 999 1000 1000 1101 1101 999 999 1101 1101 1100 1100 1000 1000 1001 1001 1102 1102 1000 1000 1102 1102 1101 1101 1001 1001 1002 1002 1103 1103 1001 1001 1103 1103 1102 1102 1002 1002 1003 1003 1104 1104 1002 1002 1104 1104 1103 1103 1003 1003 1004 1004 1105 1105 1003 1003 1105 1105 1104 1104 1004 1004 1005 1005 1106 1106 1004 1004 1106 1106 1105 1105 1005 1005 1006 1006 1107 1107 1005 1005 1107 1107 1106 1106 1006 1006 1007 1007 1108 1108 1006 1006 1108 1108 1107 1107 1007 1007 1008 1008 1109 1109 1007 1007 1109 1109 1108 1108 1008 1008 1009 1009 1110 1110 1008 1008 1110 1110 1109 1109 1010 1010 1011 1011 1112 1112 1010 1010 1112 1112 1111 1111 1011 1011 1012 1012 1113 1113 1011 1011 1113 1113 1112 1112 1012 1012 1013 1013 1114 1114 1012 1012 1114 1114 1113 1113 1013 1013 1014 1014 1115 1115 1013 1013 1115 1115 1114 1114 1014 1014 1015 1015 1116 1116 1014 1014 1116 1116 1115 1115 1015 1015 1016 1016 1117 1117 1015 1015 1117 1117 1116 1116 1016 1016 1017 1017 1118 1118 1016 1016 1118 1118 1117 1117 1017 1017 1018 1018 1119 1119 1017 1017 1119 1119 1118 1118 1018 1018 1019 1019 1120 1120 1018 1018 1120 1120 1119 1119 1019 1019 1020 1020 1121 1121 1019 1019 1121 1121 1120 1120 1020 1020 1021 1021 1122 1122 1020 1020 1122 1122 1121 1121 1021 1021 1022 1022 1123 1123 1021 1021 1123 1123 1122 1122 1022 1022 1023 1023 1124 1124 1022 1022 1124 1124 1123 1123 1023 1023 1024 1024 1125 1125 1023 1023 1125 1125 1124 1124 1024 1024 1025 1025 1126 1126 1024 1024 1126 1126 1125 1125 1025 1025 1026 1026 1127 1127 1025 1025 1127 1127 1126 1126 1026 1026 1027 1027 1128 1128 1026 1026 1128 1128 1127 1127 1027 1027 1028 1028 1129 1129 1027 1027 1129 1129 1128 1128 1028 1028 1029 1029 1130 1130 1028 1028 1130 1130 1129 1129 1029 1029 1030 1030 1131 1131 1029 1029 1131 1131 1130 1130 1030 1030 1031 1031 1132 1132 1030 1030 1132 1132 1131 1131 1031 1031 1032 1032 1133 1133 1031 1031 1133 1133 1132 1132 1032 1032 1033 1033 1134 1134 1032 1032 1134 1134 1133 1133 1033 1033 1034 1034 1135 1135 1033 1033 1135 1135 1134 1134 1034 1034 1035 1035 1136 1136 1034 1034 1136 1136 1135 1135 1035 1035 1036 1036 1137 1137 1035 1035 1137 1137 1136 1136 1036 1036 1037 1037 1138 1138 1036 1036 1138 1138 1137 1137 1037 1037 1038 1038 1139 1139 1037 1037 1139 1139 1138 1138 1038 1038 1039 1039 1140 1140 1038 1038 1140 1140 1139 1139 1039 1039 1040 1040 1141 1141 1039 1039 1141 1141 1140 1140 1040 1040 1041 1041 1142 1142 1040 1040 1142 1142 1141 1141 1041 1041 1042 1042 1143 1143 1041 1041 1143 1143 1142 1142 1042 1042 1043 1043 1144 1144 1042 1042 1144 1144 1143 1143 1043 1043 1044 1044 1145 1145 1043 1043 1145 1145 1144 1144 1044 1044 1045 1045 1146 1146 1044 1044 1146 1146 1145 1145 1045 1045 1046 1046 1147 1147 1045 1045 1147 1147 1146 1146 1046 1046 1047 1047 1148 1148 1046 1046 1148 1148 1147 1147 1047 1047 1048 1048 1149 1149 1047 1047 1149 1149 1148 1148 1048 1048 1049 1049 1150 1150 1048 1048 1150 1150 1149 1149 1049 1049 1050 1050 1151 1151 1049 1049 1151 1151 1150 1150 1050 1050 1051 1051 1152 1152 1050 1050 1152 1152 1151 1151 1051 1051 1052 1052 1153 1153 1051 1051 1153 1153 1152 1152 1052 1052 1053 1053 1154 1154 1052 1052 1154 1154 1153 1153 1053 1053 1054 1054 1155 1155 1053 1053 1155 1155 1154 1154 1054 1054 1055 1055 1156 1156 1054 1054 1156 1156 1155 1155 1055 1055 1056 1056 1157 1157 1055 1055 1157 1157 1156 1156 1056 1056 1057 1057 1158 1158 1056 1056 1158 1158 1157 1157 1057 1057 1058 1058 1159 1159 1057 1057 1159 1159 1158 1158 1058 1058 1059 1059 1160 1160 1058 1058 1160 1160 1159 1159 1059 1059 1060 1060 1161 1161 1059 1059 1161 1161 1160 1160 1060 1060 1061 1061 1162 1162 1060 1060 1162 1162 1161 1161 1061 1061 1062 1062 1163 1163 1061 1061 1163 1163 1162 1162 1062 1062 1063 1063 1164 1164 1062 1062 1164 1164 1163 1163 1063 1063 1064 1064 1165 1165 1063 1063 1165 1165 1164 1164 1064 1064 1065 1065 1166 1166 1064 1064 1166 1166 1165 1165 1065 1065 1066 1066 1167 1167 1065 1065 1167 1167 1166 1166 1066 1066 1067 1067 1168 1168 1066 1066 1168 1168 1167 1167 1067 1067 1068 1068 1169 1169 1067 1067 1169 1169 1168 1168 1068 1068 1069 1069 1170 1170 1068 1068 1170 1170 1169 1169 1069 1069 1070 1070 1171 1171 1069 1069 1171 1171 1170 1170 1070 1070 1071 1071 1172 1172 1070 1070 1172 1172 1171 1171 1071 1071 1072 1072 1173 1173 1071 1071 1173 1173 1172 1172 1072 1072 1073 1073 1174 1174 1072 1072 1174 1174 1173 1173 1073 1073 1074 1074 1175 1175 1073 1073 1175 1175 1174 1174 1074 1074 1075 1075 1176 1176 1074 1074 1176 1176 1175 1175 1075 1075 1076 1076 1177 1177 1075 1075 1177 1177 1176 1176 1076 1076 1077 1077 1178 1178 1076 1076 1178 1178 1177 1177 1077 1077 1078 1078 1179 1179 1077 1077 1179 1179 1178 1178 1078 1078 1079 1079 1180 1180 1078 1078 1180 1180 1179 1179 1079 1079 1080 1080 1181 1181 1079 1079 1181 1181 1180 1180 1080 1080 1081 1081 1182 1182 1080 1080 1182 1182 1181 1181 1081 1081 1082 1082 1183 1183 1081 1081 1183 1183 1182 1182 1082 1082 1083 1083 1184 1184 1082 1082 1184 1184 1183 1183 1083 1083 1084 1084 1185 1185 1083 1083 1185 1185 1184 1184 1084 1084 1085 1085 1186 1186 1084 1084 1186 1186 1185 1185 1085 1085 1086 1086 1187 1187 1085 1085 1187 1187 1186 1186 1086 1086 1087 1087 1188 1188 1086 1086 1188 1188 1187 1187 1087 1087 1088 1088 1189 1189 1087 1087 1189 1189 1188 1188 1088 1088 1089 1089 1190 1190 1088 1088 1190 1190 1189 1189 1089 1089 1090 1090 1191 1191 1089 1089 1191 1191 1190 1190 1090 1090 1091 1091 1192 1192 1090 1090 1192 1192 1191 1191 1091 1091 1092 1092 1193 1193 1091 1091 1193 1193 1192 1192 1092 1092 1093 1093 1194 1194 1092 1092 1194 1194 1193 1193 1093 1093 1094 1094 1195 1195 1093 1093 1195 1195 1194 1194 1094 1094 1095 1095 1196 1196 1094 1094 1196 1196 1195 1195 1095 1095 1096 1096 1197 1197 1095 1095 1197 1197 1196 1196 1096 1096 1097 1097 1198 1198 1096 1096 1198 1198 1197 1197 1097 1097 1098 1098 1199 1199 1097 1097 1199 1199 1198 1198 1098 1098 1099 1099 1200 1200 1098 1098 1200 1200 1199 1199 1099 1099 1100 1100 1201 1201 1099 1099 1201 1201 1200 1200 1100 1100 1101 1101 1202 1202 1100 1100 1202 1202 1201 1201 1101 1101 1102 1102 1203 1203 1101 1101 1203 1203 1202 1202 1102 1102 1103 1103 1204 1204 1102 1102 1204 1204 1203 1203 1103 1103 1104 1104 1205 1205 1103 1103 1205 1205 1204 1204 1104 1104 1105 1105 1206 1206 1104 1104 1206 1206 1205 1205 1105 1105 1106 1106 1207 1207 1105 1105 1207 1207 1206 1206 1106 1106 1107 1107 1208 1208 1106 1106 1208 1208 1207 1207 1107 1107 1108 1108 1209 1209 1107 1107 1209 1209 1208 1208 1108 1108 1109 1109 1210 1210 1108 1108 1210 1210 1209 1209 1109 1109 1110 1110 1211 1211 1109 1109 1211 1211 1210 1210 1111 1111 1112 1112 1213 1213 1111 1111 1213 1213 1212 1212 1112 1112 1113 1113 1214 1214 1112 1112 1214 1214 1213 1213 1113 1113 1114 1114 1215 1215 1113 1113 1215 1215 1214 1214 1114 1114 1115 1115 1216 1216 1114 1114 1216 1216 1215 1215 1115 1115 1116 1116 1217 1217 1115 1115 1217 1217 1216 1216 1116 1116 1117 1117 1218 1218 1116 1116 1218 1218 1217 1217 1117 1117 1118 1118 1219 1219 1117 1117 1219 1219 1218 1218 1118 1118 1119 1119 1220 1220 1118 1118 1220 1220 1219 1219 1119 1119 1120 1120 1221 1221 1119 1119 1221 1221 1220 1220 1120 1120 1121 1121 1222 1222 1120 1120 1222 1222 1221 1221 1121 1121 1122 1122 1223 1223 1121 1121 1223 1223 1222 1222 1122 1122 1123 1123 1224 1224 1122 1122 1224 1224 1223 1223 1123 1123 1124 1124 1225 1225 1123 1123 1225 1225 1224 1224 1124 1124 1125 1125 1226 1226 1124 1124 1226 1226 1225 1225 1125 1125 1126 1126 1227 1227 1125 1125 1227 1227 1226 1226 1126 1126 1127 1127 1228 1228 1126 1126 1228 1228 1227 1227 1127 1127 1128 1128 1229 1229 1127 1127 1229 1229 1228 1228 1128 1128 1129 1129 1230 1230 1128 1128 1230 1230 1229 1229 1129 1129 1130 1130 1231 1231 1129 1129 1231 1231 1230 1230 1130 1130 1131 1131 1232 1232 1130 1130 1232 1232 1231 1231 1131 1131 1132 1132 1233 1233 1131 1131 1233 1233 1232 1232 1132 1132 1133 1133 1234 1234 1132 1132 1234 1234 1233 1233 1133 1133 1134 1134 1235 1235 1133 1133 1235 1235 1234 1234 1134 1134 1135 1135 1236 1236 1134 1134 1236 1236 1235 1235 1135 1135 1136 1136 1237 1237 1135 1135 1237 1237 1236 1236 1136 1136 1137 1137 1238 1238 1136 1136 1238 1238 1237 1237 1137 1137 1138 1138 1239 1239 1137 1137 1239 1239 1238 1238 1138 1138 1139 1139 1240 1240 1138 1138 1240 1240 1239 1239 1139 1139 1140 1140 1241 1241 1139 1139 1241 1241 1240 1240 1140 1140 1141 1141 1242 1242 1140 1140 1242 1242 1241 1241 1141 1141 1142 1142 1243 1243 1141 1141 1243 1243 1242 1242 1142 1142 1143 1143 1244 1244 1142 1142 1244 1244 1243 1243 1143 1143 1144 1144 1245 1245 1143 1143 1245 1245 1244 1244 1144 1144 1145 1145 1246 1246 1144 1144 1246 1246 1245 1245 1145 1145 1146 1146 1247 1247 1145 1145 1247 1247 1246 1246 1146 1146 1147 1147 1248 1248 1146 1146 1248 1248 1247 1247 1147 1147 1148 1148 1249 1249 1147 1147 1249 1249 1248 1248 1148 1148 1149 1149 1250 1250 1148 1148 1250 1250 1249 1249 1149 1149 1150 1150 1251 1251 1149 1149 1251 1251 1250 1250 1150 1150 1151 1151 1252 1252 1150 1150 1252 1252 1251 1251 1151 1151 1152 1152 1253 1253 1151 1151 1253 1253 1252 1252 1152 1152 1153 1153 1254 1254 1152 1152 1254 1254 1253 1253 1153 1153 1154 1154 1255 1255 1153 1153 1255 1255 1254 1254 1154 1154 1155 1155 1256 1256 1154 1154 1256 1256 1255 1255 1155 1155 1156 1156 1257 1257 1155 1155 1257 1257 1256 1256 1156 1156 1157 1157 1258 1258 1156 1156 1258 1258 1257 1257 1157 1157 1158 1158 1259 1259 1157 1157 1259 1259 1258 1258 1158 1158 1159 1159 1260 1260 1158 1158 1260 1260 1259 1259 1159 1159 1160 1160 1261 1261 1159 1159 1261 1261 1260 1260 1160 1160 1161 1161 1262 1262 1160 1160 1262 1262 1261 1261 1161 1161 1162 1162 1263 1263 1161 1161 1263 1263 1262 1262 1162 1162 1163 1163 1264 1264 1162 1162 1264 1264 1263 1263 1163 1163 1164 1164 1265 1265 1163 1163 1265 1265 1264 1264 1164 1164 1165 1165 1266 1266 1164 1164 1266 1266 1265 1265 1165 1165 1166 1166 1267 1267 1165 1165 1267 1267 1266 1266 1166 1166 1167 1167 1268 1268 1166 1166 1268 1268 1267 1267 1167 1167 1168 1168 1269 1269 1167 1167 1269 1269 1268 1268 1168 1168 1169 1169 1270 1270 1168 1168 1270 1270 1269 1269 1169 1169 1170 1170 1271 1271 1169 1169 1271 1271 1270 1270 1170 1170 1171 1171 1272 1272 1170 1170 1272 1272 1271 1271 1171 1171 1172 1172 1273 1273 1171 1171 1273 1273 1272 1272 1172 1172 1173 1173 1274 1274 1172 1172 1274 1274 1273 1273 1173 1173 1174 1174 1275 1275 1173 1173 1275 1275 1274 1274 1174 1174 1175 1175 1276 1276 1174 1174 1276 1276 1275 1275 1175 1175 1176 1176 1277 1277 1175 1175 1277 1277 1276 1276 1176 1176 1177 1177 1278 1278 1176 1176 1278 1278 1277 1277 1177 1177 1178 1178 1279 1279 1177 1177 1279 1279 1278 1278 1178 1178 1179 1179 1280 1280 1178 1178 1280 1280 1279 1279 1179 1179 1180 1180 1281 1281 1179 1179 1281 1281 1280 1280 1180 1180 1181 1181 1282 1282 1180 1180 1282 1282 1281 1281 1181 1181 1182 1182 1283 1283 1181 1181 1283 1283 1282 1282 1182 1182 1183 1183 1284 1284 1182 1182 1284 1284 1283 1283 1183 1183 1184 1184 1285 1285 1183 1183 1285 1285 1284 1284 1184 1184 1185 1185 1286 1286 1184 1184 1286 1286 1285 1285 1185 1185 1186 1186 1287 1287 1185 1185 1287 1287 1286 1286 1186 1186 1187 1187 1288 1288 1186 1186 1288 1288 1287 1287 1187 1187 1188 1188 1289 1289 1187 1187 1289 1289 1288 1288 1188 1188 1189 1189 1290 1290 1188 1188 1290 1290 1289 1289 1189 1189 1190 1190 1291 1291 1189 1189 1291 1291 1290 1290 1190 1190 1191 1191 1292 1292 1190 1190 1292 1292 1291 1291 1191 1191 1192 1192 1293 1293 1191 1191 1293 1293 1292 1292 1192 1192 1193 1193 1294 1294 1192 1192 1294 1294 1293 1293 1193 1193 1194 1194 1295 1295 1193 1193 1295 1295 1294 1294 1194 1194 1195 1195 1296 1296 1194 1194 1296 1296 1295 1295 1195 1195 1196 1196 1297 1297 1195 1195 1297 1297 1296 1296 1196 1196 1197 1197 1298 1298 1196 1196 1298 1298 1297 1297 1197 1197 1198 1198 1299 1299 1197 1197 1299 1299 1298 1298 1198 1198 1199 1199 1300 1300 1198 1198 1300 1300 1299 1299 1199 1199 1200 1200 1301 1301 1199 1199 1301 1301 1300 1300 1200 1200 1201 1201 1302 1302 1200 1200 1302 1302 1301 1301 1201 1201 1202 1202 1303 1303 1201 1201 1303 1303 1302 1302 1202 1202 1203 1203 1304 1304 1202 1202 1304 1304 1303 1303 1203 1203 1204 1204 1305 1305 1203 1203 1305 1305 1304 1304 1204 1204 1205 1205 1306 1306 1204 1204 1306 1306 1305 1305 1205 1205 1206 1206 1307 1307 1205 1205 1307 1307 1306 1306 1206 1206 1207 1207 1308 1308 1206 1206 1308 1308 1307 1307 1207 1207 1208 1208 1309 1309 1207 1207 1309 1309 1308 1308 1208 1208 1209 1209 1310 1310 1208 1208 1310 1310 1309 1309 1209 1209 1210 1210 1311 1311 1209 1209 1311 1311 1310 1310 1210 1210 1211 1211 1312 1312 1210 1210 1312 1312 1311 1311 1212 1212 1213 1213 1314 1314 1212 1212 1314 1314 1313 1313 1213 1213 1214 1214 1315 1315 1213 1213 1315 1315 1314 1314 1214 1214 1215 1215 1316 1316 1214 1214 1316 1316 1315 1315 1215 1215 1216 1216 1317 1317 1215 1215 1317 1317 1316 1316 1216 1216 1217 1217 1318 1318 1216 1216 1318 1318 1317 1317 1217 1217 1218 1218 1319 1319 1217 1217 1319 1319 1318 1318 1218 1218 1219 1219 1320 1320 1218 1218 1320 1320 1319 1319 1219 1219 1220 1220 1321 1321 1219 1219 1321 1321 1320 1320 1220 1220 1221 1221 1322 1322 1220 1220 1322 1322 1321 1321 1221 1221 1222 1222 1323 1323 1221 1221 1323 1323 1322 1322 1222 1222 1223 1223 1324 1324 1222 1222 1324 1324 1323 1323 1223 1223 1224 1224 1325 1325 1223 1223 1325 1325 1324 1324 1224 1224 1225 1225 1326 1326 1224 1224 1326 1326 1325 1325 1225 1225 1226 1226 1327 1327 1225 1225 1327 1327 1326 1326 1226 1226 1227 1227 1328 1328 1226 1226 1328 1328 1327 1327 1227 1227 1228 1228 1329 1329 1227 1227 1329 1329 1328 1328 1228 1228 1229 1229 1330 1330 1228 1228 1330 1330 1329 1329 1229 1229 1230 1230 1331 1331 1229 1229 1331 1331 1330 1330 1230 1230 1231 1231 1332 1332 1230 1230 1332 1332 1331 1331 1231 1231 1232 1232 1333 1333 1231 1231 1333 1333 1332 1332 1232 1232 1233 1233 1334 1334 1232 1232 1334 1334 1333 1333 1233 1233 1234 1234 1335 1335 1233 1233 1335 1335 1334 1334 1234 1234 1235 1235 1336 1336 1234 1234 1336 1336 1335 1335 1235 1235 1236 1236 1337 1337 1235 1235 1337 1337 1336 1336 1236 1236 1237 1237 1338 1338 1236 1236 1338 1338 1337 1337 1237 1237 1238 1238 1339 1339 1237 1237 1339 1339 1338 1338 1238 1238 1239 1239 1340 1340 1238 1238 1340 1340 1339 1339 1239 1239 1240 1240 1341 1341 1239 1239 1341 1341 1340 1340 1240 1240 1241 1241 1342 1342 1240 1240 1342 1342 1341 1341 1241 1241 1242 1242 1343 1343 1241 1241 1343 1343 1342 1342 1242 1242 1243 1243 1344 1344 1242 1242 1344 1344 1343 1343 1243 1243 1244 1244 1345 1345 1243 1243 1345 1345 1344 1344 1244 1244 1245 1245 1346 1346 1244 1244 1346 1346 1345 1345 1245 1245 1246 1246 1347 1347 1245 1245 1347 1347 1346 1346 1246 1246 1247 1247 1348 1348 1246 1246 1348 1348 1347 1347 1247 1247 1248 1248 1349 1349 1247 1247 1349 1349 1348 1348 1248 1248 1249 1249 1350 1350 1248 1248 1350 1350 1349 1349 1249 1249 1250 1250 1351 1351 1249 1249 1351 1351 1350 1350 1250 1250 1251 1251 1352 1352 1250 1250 1352 1352 1351 1351 1251 1251 1252 1252 1353 1353 1251 1251 1353 1353 1352 1352 1252 1252 1253 1253 1354 1354 1252 1252 1354 1354 1353 1353 1253 1253 1254 1254 1355 1355 1253 1253 1355 1355 1354 1354 1254 1254 1255 1255 1356 1356 1254 1254 1356 1356 1355 1355 1255 1255 1256 1256 1357 1357 1255 1255 1357 1357 1356 1356 1256 1256 1257 1257 1358 1358 1256 1256 1358 1358 1357 1357 1257 1257 1258 1258 1359 1359 1257 1257 1359 1359 1358 1358 1258 1258 1259 1259 1360 1360 1258 1258 1360 1360 1359 1359 1259 1259 1260 1260 1361 1361 1259 1259 1361 1361 1360 1360 1260 1260 1261 1261 1362 1362 1260 1260 1362 1362 1361 1361 1261 1261 1262 1262 1363 1363 1261 1261 1363 1363 1362 1362 1262 1262 1263 1263 1364 1364 1262 1262 1364 1364 1363 1363 1263 1263 1264 1264 1365 1365 1263 1263 1365 1365 1364 1364 1264 1264 1265 1265 1366 1366 1264 1264 1366 1366 1365 1365 1265 1265 1266 1266 1367 1367 1265 1265 1367 1367 1366 1366 1266 1266 1267 1267 1368 1368 1266 1266 1368 1368 1367 1367 1267 1267 1268 1268 1369 1369 1267 1267 1369 1369 1368 1368 1268 1268 1269 1269 1370 1370 1268 1268 1370 1370 1369 1369 1269 1269 1270 1270 1371 1371 1269 1269 1371 1371 1370 1370 1270 1270 1271 1271 1372 1372 1270 1270 1372 1372 1371 1371 1271 1271 1272 1272 1373 1373 1271 1271 1373 1373 1372 1372 1272 1272 1273 1273 1374 1374 1272 1272 1374 1374 1373 1373 1273 1273 1274 1274 1375 1375 1273 1273 1375 1375 1374 1374 1274 1274 1275 1275 1376 1376 1274 1274 1376 1376 1375 1375 1275 1275 1276 1276 1377 1377 1275 1275 1377 1377 1376 1376 1276 1276 1277 1277 1378 1378 1276 1276 1378 1378 1377 1377 1277 1277 1278 1278 1379 1379 1277 1277 1379 1379 1378 1378 1278 1278 1279 1279 1380 1380 1278 1278 1380 1380 1379 1379 1279 1279 1280 1280 1381 1381 1279 1279 1381 1381 1380 1380 1280 1280 1281 1281 1382 1382 1280 1280 1382 1382 1381 1381 1281 1281 1282 1282 1383 1383 1281 1281 1383 1383 1382 1382 1282 1282 1283 1283 1384 1384 1282 1282 1384 1384 1383 1383 1283 1283 1284 1284 1385 1385 1283 1283 1385 1385 1384 1384 1284 1284 1285 1285 1386 1386 1284 1284 1386 1386 1385 1385 1285 1285 1286 1286 1387 1387 1285 1285 1387 1387 1386 1386 1286 1286 1287 1287 1388 1388 1286 1286 1388 1388 1387 1387 1287 1287 1288 1288 1389 1389 1287 1287 1389 1389 1388 1388 1288 1288 1289 1289 1390 1390 1288 1288 1390 1390 1389 1389 1289 1289 1290 1290 1391 1391 1289 1289 1391 1391 1390 1390 1290 1290 1291 1291 1392 1392 1290 1290 1392 1392 1391 1391 1291 1291 1292 1292 1393 1393 1291 1291 1393 1393 1392 1392 1292 1292 1293 1293 1394 1394 1292 1292 1394 1394 1393 1393 1293 1293 1294 1294 1395 1395 1293 1293 1395 1395 1394 1394 1294 1294 1295 1295 1396 1396 1294 1294 1396 1396 1395 1395 1295 1295 1296 1296 1397 1397 1295 1295 1397 1397 1396 1396 1296 1296 1297 1297 1398 1398 1296 1296 1398 1398 1397 1397 1297 1297 1298 1298 1399 1399 1297 1297 1399 1399 1398 1398 1298 1298 1299 1299 1400 1400 1298 1298 1400 1400 1399 1399 1299 1299 1300 1300 1401 1401 1299 1299 1401 1401 1400 1400 1300 1300 1301 1301 1402 1402 1300 1300 1402 1402 1401 1401 1301 1301 1302 1302 1403 1403 1301 1301 1403 1403 1402 1402 1302 1302 1303 1303 1404 1404 1302 1302 1404 1404 1403 1403 1303 1303 1304 1304 1405 1405 1303 1303 1405 1405 1404 1404 1304 1304 1305 1305 1406 1406 1304 1304 1406 1406 1405 1405 1305 1305 1306 1306 1407 1407 1305 1305 1407 1407 1406 1406 1306 1306 1307 1307 1408 1408 1306 1306 1408 1408 1407 1407 1307 1307 1308 1308 1409 1409 1307 1307 1409 1409 1408 1408 1308 1308 1309 1309 1410 1410 1308 1308 1410 1410 1409 1409 1309 1309 1310 1310 1411 1411 1309 1309 1411 1411 1410 1410 1310 1310 1311 1311 1412 1412 1310 1310 1412 1412 1411 1411 1311 1311 1312 1312 1413 1413 1311 1311 1413 1413 1412 1412 1313 1313 1314 1314 1415 1415 1313 1313 1415 1415 1414 1414 1314 1314 1315 1315 1416 1416 1314 1314 1416 1416 1415 1415 1315 1315 1316 1316 1417 1417 1315 1315 1417 1417 1416 1416 1316 1316 1317 1317 1418 1418 1316 1316 1418 1418 1417 1417 1317 1317 1318 1318 1419 1419 1317 1317 1419 1419 1418 1418 1318 1318 1319 1319 1420 1420 1318 1318 1420 1420 1419 1419 1319 1319 1320 1320 1421 1421 1319 1319 1421 1421 1420 1420 1320 1320 1321 1321 1422 1422 1320 1320 1422 1422 1421 1421 1321 1321 1322 1322 1423 1423 1321 1321 1423 1423 1422 1422 1322 1322 1323 1323 1424 1424 1322 1322 1424 1424 1423 1423 1323 1323 1324 1324 1425 1425 1323 1323 1425 1425 1424 1424 1324 1324 1325 1325 1426 1426 1324 1324 1426 1426 1425 1425 1325 1325 1326 1326 1427 1427 1325 1325 1427 1427 1426 1426 1326 1326 1327 1327 1428 1428 1326 1326 1428 1428 1427 1427 1327 1327 1328 1328 1429 1429 1327 1327 1429 1429 1428 1428 1328 1328 1329 1329 1430 1430 1328 1328 1430 1430 1429 1429 1329 1329 1330 1330 1431 1431 1329 1329 1431 1431 1430 1430 1330 1330 1331 1331 1432 1432 1330 1330 1432 1432 1431 1431 1331 1331 1332 1332 1433 1433 1331 1331 1433 1433 1432 1432 1332 1332 1333 1333 1434 1434 1332 1332 1434 1434 1433 1433 1333 1333 1334 1334 1435 1435 1333 1333 1435 1435 1434 1434 1334 1334 1335 1335 1436 1436 1334 1334 1436 1436 1435 1435 1335 1335 1336 1336 1437 1437 1335 1335 1437 1437 1436 1436 1336 1336 1337 1337 1438 1438 1336 1336 1438 1438 1437 1437 1337 1337 1338 1338 1439 1439 1337 1337 1439 1439 1438 1438 1338 1338 1339 1339 1440 1440 1338 1338 1440 1440 1439 1439 1339 1339 1340 1340 1441 1441 1339 1339 1441 1441 1440 1440 1340 1340 1341 1341 1442 1442 1340 1340 1442 1442 1441 1441 1341 1341 1342 1342 1443 1443 1341 1341 1443 1443 1442 1442 1342 1342 1343 1343 1444 1444 1342 1342 1444 1444 1443 1443 1343 1343 1344 1344 1445 1445 1343 1343 1445 1445 1444 1444 1344 1344 1345 1345 1446 1446 1344 1344 1446 1446 1445 1445 1345 1345 1346 1346 1447 1447 1345 1345 1447 1447 1446 1446 1346 1346 1347 1347 1448 1448 1346 1346 1448 1448 1447 1447 1347 1347 1348 1348 1449 1449 1347 1347 1449 1449 1448 1448 1348 1348 1349 1349 1450 1450 1348 1348 1450 1450 1449 1449 1349 1349 1350 1350 1451 1451 1349 1349 1451 1451 1450 1450 1350 1350 1351 1351 1452 1452 1350 1350 1452 1452 1451 1451 1351 1351 1352 1352 1453 1453 1351 1351 1453 1453 1452 1452 1352 1352 1353 1353 1454 1454 1352 1352 1454 1454 1453 1453 1353 1353 1354 1354 1455 1455 1353 1353 1455 1455 1454 1454 1354 1354 1355 1355 1456 1456 1354 1354 1456 1456 1455 1455 1355 1355 1356 1356 1457 1457 1355 1355 1457 1457 1456 1456 1356 1356 1357 1357 1458 1458 1356 1356 1458 1458 1457 1457 1357 1357 1358 1358 1459 1459 1357 1357 1459 1459 1458 1458 1358 1358 1359 1359 1460 1460 1358 1358 1460 1460 1459 1459 1359 1359 1360 1360 1461 1461 1359 1359 1461 1461 1460 1460 1360 1360 1361 1361 1462 1462 1360 1360 1462 1462 1461 1461 1361 1361 1362 1362 1463 1463 1361 1361 1463 1463 1462 1462 1362 1362 1363 1363 1464 1464 1362 1362 1464 1464 1463 1463 1363 1363 1364 1364 1465 1465 1363 1363 1465 1465 1464 1464 1364 1364 1365 1365 1466 1466 1364 1364 1466 1466 1465 1465 1365 1365 1366 1366 1467 1467 1365 1365 1467 1467 1466 1466 1366 1366 1367 1367 1468 1468 1366 1366 1468 1468 1467 1467 1367 1367 1368 1368 1469 1469 1367 1367 1469 1469 1468 1468 1368 1368 1369 1369 1470 1470 1368 1368 1470 1470 1469 1469 1369 1369 1370 1370 1471 1471 1369 1369 1471 1471 1470 1470 1370 1370 1371 1371 1472 1472 1370 1370 1472 1472 1471 1471 1371 1371 1372 1372 1473 1473 1371 1371 1473 1473 1472 1472 1372 1372 1373 1373 1474 1474 1372 1372 1474 1474 1473 1473 1373 1373 1374 1374 1475 1475 1373 1373 1475 1475 1474 1474 1374 1374 1375 1375 1476 1476 1374 1374 1476 1476 1475 1475 1375 1375 1376 1376 1477 1477 1375 1375 1477 1477 1476 1476 1376 1376 1377 1377 1478 1478 1376 1376 1478 1478 1477 1477 1377 1377 1378 1378 1479 1479 1377 1377 1479 1479 1478 1478 1378 1378 1379 1379 1480 1480 1378 1378 1480 1480 1479 1479 1379 1379 1380 1380 1481 1481 1379 1379 1481 1481 1480 1480 1380 1380 1381 1381 1482 1482 1380 1380 1482 1482 1481 1481 1381 1381 1382 1382 1483 1483 1381 1381 1483 1483 1482 1482 1382 1382 1383 1383 1484 1484 1382 1382 1484 1484 1483 1483 1383 1383 1384 1384 1485 1485 1383 1383 1485 1485 1484 1484 1384 1384 1385 1385 1486 1486 1384 1384 1486 1486 1485 1485 1385 1385 1386 1386 1487 1487 1385 1385 1487 1487 1486 1486 1386 1386 1387 1387 1488 1488 1386 1386 1488 1488 1487 1487 1387 1387 1388 1388 1489 1489 1387 1387 1489 1489 1488 1488 1388 1388 1389 1389 1490 1490 1388 1388 1490 1490 1489 1489 1389 1389 1390 1390 1491 1491 1389 1389 1491 1491 1490 1490 1390 1390 1391 1391 1492 1492 1390 1390 1492 1492 1491 1491 1391 1391 1392 1392 1493 1493 1391 1391 1493 1493 1492 1492 1392 1392 1393 1393 1494 1494 1392 1392 1494 1494 1493 1493 1393 1393 1394 1394 1495 1495 1393 1393 1495 1495 1494 1494 1394 1394 1395 1395 1496 1496 1394 1394 1496 1496 1495 1495 1395 1395 1396 1396 1497 1497 1395 1395 1497 1497 1496 1496 1396 1396 1397 1397 1498 1498 1396 1396 1498 1498 1497 1497 1397 1397 1398 1398 1499 1499 1397 1397 1499 1499 1498 1498 1398 1398 1399 1399 1500 1500 1398 1398 1500 1500 1499 1499 1399 1399 1400 1400 1501 1501 1399 1399 1501 1501 1500 1500 1400 1400 1401 1401 1502 1502 1400 1400 1502 1502 1501 1501 1401 1401 1402 1402 1503 1503 1401 1401 1503 1503 1502 1502 1402 1402 1403 1403 1504 1504 1402 1402 1504 1504 1503 1503 1403 1403 1404 1404 1505 1505 1403 1403 1505 1505 1504 1504 1404 1404 1405 1405 1506 1506 1404 1404 1506 1506 1505 1505 1405 1405 1406 1406 1507 1507 1405 1405 1507 1507 1506 1506 1406 1406 1407 1407 1508 1508 1406 1406 1508 1508 1507 1507 1407 1407 1408 1408 1509 1509 1407 1407 1509 1509 1508 1508 1408 1408 1409 1409 1510 1510 1408 1408 1510 1510 1509 1509 1409 1409 1410 1410 1511 1511 1409 1409 1511 1511 1510 1510 1410 1410 1411 1411 1512 1512 1410 1410 1512 1512 1511 1511 1411 1411 1412 1412 1513 1513 1411 1411 1513 1513 1512 1512 1412 1412 1413 1413 1514 1514 1412 1412 1514 1514 1513 1513 1414 1414 1415 1415 1516 1516 1414 1414 1516 1516 1515 1515 1415 1415 1416 1416 1517 1517 1415 1415 1517 1517 1516 1516 1416 1416 1417 1417 1518 1518 1416 1416 1518 1518 1517 1517 1417 1417 1418 1418 1519 1519 1417 1417 1519 1519 1518 1518 1418 1418 1419 1419 1520 1520 1418 1418 1520 1520 1519 1519 1419 1419 1420 1420 1521 1521 1419 1419 1521 1521 1520 1520 1420 1420 1421 1421 1522 1522 1420 1420 1522 1522 1521 1521 1421 1421 1422 1422 1523 1523 1421 1421 1523 1523 1522 1522 1422 1422 1423 1423 1524 1524 1422 1422 1524 1524 1523 1523 1423 1423 1424 1424 1525 1525 1423 1423 1525 1525 1524 1524 1424 1424 1425 1425 1526 1526 1424 1424 1526 1526 1525 1525 1425 1425 1426 1426 1527 1527 1425 1425 1527 1527 1526 1526 1426 1426 1427 1427 1528 1528 1426 1426 1528 1528 1527 1527 1427 1427 1428 1428 1529 1529 1427 1427 1529 1529 1528 1528 1428 1428 1429 1429 1530 1530 1428 1428 1530 1530 1529 1529 1429 1429 1430 1430 1531 1531 1429 1429 1531 1531 1530 1530 1430 1430 1431 1431 1532 1532 1430 1430 1532 1532 1531 1531 1431 1431 1432 1432 1533 1533 1431 1431 1533 1533 1532 1532 1432 1432 1433 1433 1534 1534 1432 1432 1534 1534 1533 1533 1433 1433 1434 1434 1535 1535 1433 1433 1535 1535 1534 1534 1434 1434 1435 1435 1536 1536 1434 1434 1536 1536 1535 1535 1435 1435 1436 1436 1537 1537 1435 1435 1537 1537 1536 1536 1436 1436 1437 1437 1538 1538 1436 1436 1538 1538 1537 1537 1437 1437 1438 1438 1539 1539 1437 1437 1539 1539 1538 1538 1438 1438 1439 1439 1540 1540 1438 1438 1540 1540 1539 1539 1439 1439 1440 1440 1541 1541 1439 1439 1541 1541 1540 1540 1440 1440 1441 1441 1542 1542 1440 1440 1542 1542 1541 1541 1441 1441 1442 1442 1543 1543 1441 1441 1543 1543 1542 1542 1442 1442 1443 1443 1544 1544 1442 1442 1544 1544 1543 1543 1443 1443 1444 1444 1545 1545 1443 1443 1545 1545 1544 1544 1444 1444 1445 1445 1546 1546 1444 1444 1546 1546 1545 1545 1445 1445 1446 1446 1547 1547 1445 1445 1547 1547 1546 1546 1446 1446 1447 1447 1548 1548 1446 1446 1548 1548 1547 1547 1447 1447 1448 1448 1549 1549 1447 1447 1549 1549 1548 1548 1448 1448 1449 1449 1550 1550 1448 1448 1550 1550 1549 1549 1449 1449 1450 1450 1551 1551 1449 1449 1551 1551 1550 1550 1450 1450 1451 1451 1552 1552 1450 1450 1552 1552 1551 1551 1451 1451 1452 1452 1553 1553 1451 1451 1553 1553 1552 1552 1452 1452 1453 1453 1554 1554 1452 1452 1554 1554 1553 1553 1453 1453 1454 1454 1555 1555 1453 1453 1555 1555 1554 1554 1454 1454 1455 1455 1556 1556 1454 1454 1556 1556 1555 1555 1455 1455 1456 1456 1557 1557 1455 1455 1557 1557 1556 1556 1456 1456 1457 1457 1558 1558 1456 1456 1558 1558 1557 1557 1457 1457 1458 1458 1559 1559 1457 1457 1559 1559 1558 1558 1458 1458 1459 1459 1560 1560 1458 1458 1560 1560 1559 1559 1459 1459 1460 1460 1561 1561 1459 1459 1561 1561 1560 1560 1460 1460 1461 1461 1562 1562 1460 1460 1562 1562 1561 1561 1461 1461 1462 1462 1563 1563 1461 1461 1563 1563 1562 1562 1462 1462 1463 1463 1564 1564 1462 1462 1564 1564 1563 1563 1463 1463 1464 1464 1565 1565 1463 1463 1565 1565 1564 1564 1464 1464 1465 1465 1566 1566 1464 1464 1566 1566 1565 1565 1465 1465 1466 1466 1567 1567 1465 1465 1567 1567 1566 1566 1466 1466 1467 1467 1568 1568 1466 1466 1568 1568 1567 1567 1467 1467 1468 1468 1569 1569 1467 1467 1569 1569 1568 1568 1468 1468 1469 1469 1570 1570 1468 1468 1570 1570 1569 1569 1469 1469 1470 1470 1571 1571 1469 1469 1571 1571 1570 1570 1470 1470 1471 1471 1572 1572 1470 1470 1572 1572 1571 1571 1471 1471 1472 1472 1573 1573 1471 1471 1573 1573 1572 1572 1472 1472 1473 1473 1574 1574 1472 1472 1574 1574 1573 1573 1473 1473 1474 1474 1575 1575 1473 1473 1575 1575 1574 1574 1474 1474 1475 1475 1576 1576 1474 1474 1576 1576 1575 1575 1475 1475 1476 1476 1577 1577 1475 1475 1577 1577 1576 1576 1476 1476 1477 1477 1578 1578 1476 1476 1578 1578 1577 1577 1477 1477 1478 1478 1579 1579 1477 1477 1579 1579 1578 1578 1478 1478 1479 1479 1580 1580 1478 1478 1580 1580 1579 1579 1479 1479 1480 1480 1581 1581 1479 1479 1581 1581 1580 1580 1480 1480 1481 1481 1582 1582 1480 1480 1582 1582 1581 1581 1481 1481 1482 1482 1583 1583 1481 1481 1583 1583 1582 1582 1482 1482 1483 1483 1584 1584 1482 1482 1584 1584 1583 1583 1483 1483 1484 1484 1585 1585 1483 1483 1585 1585 1584 1584 1484 1484 1485 1485 1586 1586 1484 1484 1586 1586 1585 1585 1485 1485 1486 1486 1587 1587 1485 1485 1587 1587 1586 1586 1486 1486 1487 1487 1588 1588 1486 1486 1588 1588 1587 1587 1487 1487 1488 1488 1589 1589 1487 1487 1589 1589 1588 1588 1488 1488 1489 1489 1590 1590 1488 1488 1590 1590 1589 1589 1489 1489 1490 1490 1591 1591 1489 1489 1591 1591 1590 1590 1490 1490 1491 1491 1592 1592 1490 1490 1592 1592 1591 1591 1491 1491 1492 1492 1593 1593 1491 1491 1593 1593 1592 1592 1492 1492 1493 1493 1594 1594 1492 1492 1594 1594 1593 1593 1493 1493 1494 1494 1595 1595 1493 1493 1595 1595 1594 1594 1494 1494 1495 1495 1596 1596 1494 1494 1596 1596 1595 1595 1495 1495 1496 1496 1597 1597 1495 1495 1597 1597 1596 1596 1496 1496 1497 1497 1598 1598 1496 1496 1598 1598 1597 1597 1497 1497 1498 1498 1599 1599 1497 1497 1599 1599 1598 1598 1498 1498 1499 1499 1600 1600 1498 1498 1600 1600 1599 1599 1499 1499 1500 1500 1601 1601 1499 1499 1601 1601 1600 1600 1500 1500 1501 1501 1602 1602 1500 1500 1602 1602 1601 1601 1501 1501 1502 1502 1603 1603 1501 1501 1603 1603 1602 1602 1502 1502 1503 1503 1604 1604 1502 1502 1604 1604 1603 1603 1503 1503 1504 1504 1605 1605 1503 1503 1605 1605 1604 1604 1504 1504 1505 1505 1606 1606 1504 1504 1606 1606 1605 1605 1505 1505 1506 1506 1607 1607 1505 1505 1607 1607 1606 1606 1506 1506 1507 1507 1608 1608 1506 1506 1608 1608 1607 1607 1507 1507 1508 1508 1609 1609 1507 1507 1609 1609 1608 1608 1508 1508 1509 1509 1610 1610 1508 1508 1610 1610 1609 1609 1509 1509 1510 1510 1611 1611 1509 1509 1611 1611 1610 1610 1510 1510 1511 1511 1612 1612 1510 1510 1612 1612 1611 1611 1511 1511 1512 1512 1613 1613 1511 1511 1613 1613 1612 1612 1512 1512 1513 1513 1614 1614 1512 1512 1614 1614 1613 1613 1513 1513 1514 1514 1615 1615 1513 1513 1615 1615 1614 1614 1515 1515 1516 1516 1617 1617 1515 1515 1617 1617 1616 1616 1516 1516 1517 1517 1618 1618 1516 1516 1618 1618 1617 1617 1517 1517 1518 1518 1619 1619 1517 1517 1619 1619 1618 1618 1518 1518 1519 1519 1620 1620 1518 1518 1620 1620 1619 1619 1519 1519 1520 1520 1621 1621 1519 1519 1621 1621 1620 1620 1520 1520 1521 1521 1622 1622 1520 1520 1622 1622 1621 1621 1521 1521 1522 1522 1623 1623 1521 1521 1623 1623 1622 1622 1522 1522 1523 1523 1624 1624 1522 1522 1624 1624 1623 1623 1523 1523 1524 1524 1625 1625 1523 1523 1625 1625 1624 1624 1524 1524 1525 1525 1626 1626 1524 1524 1626 1626 1625 1625 1525 1525 1526 1526 1627 1627 1525 1525 1627 1627 1626 1626 1526 1526 1527 1527 1628 1628 1526 1526 1628 1628 1627 1627 1527 1527 1528 1528 1629 1629 1527 1527 1629 1629 1628 1628 1528 1528 1529 1529 1630 1630 1528 1528 1630 1630 1629 1629 1529 1529 1530 1530 1631 1631 1529 1529 1631 1631 1630 1630 1530 1530 1531 1531 1632 1632 1530 1530 1632 1632 1631 1631 1531 1531 1532 1532 1633 1633 1531 1531 1633 1633 1632 1632 1532 1532 1533 1533 1634 1634 1532 1532 1634 1634 1633 1633 1533 1533 1534 1534 1635 1635 1533 1533 1635 1635 1634 1634 1534 1534 1535 1535 1636 1636 1534 1534 1636 1636 1635 1635 1535 1535 1536 1536 1637 1637 1535 1535 1637 1637 1636 1636 1536 1536 1537 1537 1638 1638 1536 1536 1638 1638 1637 1637 1537 1537 1538 1538 1639 1639 1537 1537 1639 1639 1638 1638 1538 1538 1539 1539 1640 1640 1538 1538 1640 1640 1639 1639 1539 1539 1540 1540 1641 1641 1539 1539 1641 1641 1640 1640 1540 1540 1541 1541 1642 1642 1540 1540 1642 1642 1641 1641 1541 1541 1542 1542 1643 1643 1541 1541 1643 1643 1642 1642 1542 1542 1543 1543 1644 1644 1542 1542 1644 1644 1643 1643 1543 1543 1544 1544 1645 1645 1543 1543 1645 1645 1644 1644 1544 1544 1545 1545 1646 1646 1544 1544 1646 1646 1645 1645 1545 1545 1546 1546 1647 1647 1545 1545 1647 1647 1646 1646 1546 1546 1547 1547 1648 1648 1546 1546 1648 1648 1647 1647 1547 1547 1548 1548 1649 1649 1547 1547 1649 1649 1648 1648 1548 1548 1549 1549 1650 1650 1548 1548 1650 1650 1649 1649 1549 1549 1550 1550 1651 1651 1549 1549 1651 1651 1650 1650 1550 1550 1551 1551 1652 1652 1550 1550 1652 1652 1651 1651 1551 1551 1552 1552 1653 1653 1551 1551 1653 1653 1652 1652 1552 1552 1553 1553 1654 1654 1552 1552 1654 1654 1653 1653 1553 1553 1554 1554 1655 1655 1553 1553 1655 1655 1654 1654 1554 1554 1555 1555 1656 1656 1554 1554 1656 1656 1655 1655 1555 1555 1556 1556 1657 1657 1555 1555 1657 1657 1656 1656 1556 1556 1557 1557 1658 1658 1556 1556 1658 1658 1657 1657 1557 1557 1558 1558 1659 1659 1557 1557 1659 1659 1658 1658 1558 1558 1559 1559 1660 1660 1558 1558 1660 1660 1659 1659 1559 1559 1560 1560 1661 1661 1559 1559 1661 1661 1660 1660 1560 1560 1561 1561 1662 1662 1560 1560 1662 1662 1661 1661 1561 1561 1562 1562 1663 1663 1561 1561 1663 1663 1662 1662 1562 1562 1563 1563 1664 1664 1562 1562 1664 1664 1663 1663 1563 1563 1564 1564 1665 1665 1563 1563 1665 1665 1664 1664 1564 1564 1565 1565 1666 1666 1564 1564 1666 1666 1665 1665 1565 1565 1566 1566 1667 1667 1565 1565 1667 1667 1666 1666 1566 1566 1567 1567 1668 1668 1566 1566 1668 1668 1667 1667 1567 1567 1568 1568 1669 1669 1567 1567 1669 1669 1668 1668 1568 1568 1569 1569 1670 1670 1568 1568 1670 1670 1669 1669 1569 1569 1570 1570 1671 1671 1569 1569 1671 1671 1670 1670 1570 1570 1571 1571 1672 1672 1570 1570 1672 1672 1671 1671 1571 1571 1572 1572 1673 1673 1571 1571 1673 1673 1672 1672 1572 1572 1573 1573 1674 1674 1572 1572 1674 1674 1673 1673 1573 1573 1574 1574 1675 1675 1573 1573 1675 1675 1674 1674 1574 1574 1575 1575 1676 1676 1574 1574 1676 1676 1675 1675 1575 1575 1576 1576 1677 1677 1575 1575 1677 1677 1676 1676 1576 1576 1577 1577 1678 1678 1576 1576 1678 1678 1677 1677 1577 1577 1578 1578 1679 1679 1577 1577 1679 1679 1678 1678 1578 1578 1579 1579 1680 1680 1578 1578 1680 1680 1679 1679 1579 1579 1580 1580 1681 1681 1579 1579 1681 1681 1680 1680 1580 1580 1581 1581 1682 1682 1580 1580 1682 1682 1681 1681 1581 1581 1582 1582 1683 1683 1581 1581 1683 1683 1682 1682 1582 1582 1583 1583 1684 1684 1582 1582 1684 1684 1683 1683 1583 1583 1584 1584 1685 1685 1583 1583 1685 1685 1684 1684 1584 1584 1585 1585 1686 1686 1584 1584 1686 1686 1685 1685 1585 1585 1586 1586 1687 1687 1585 1585 1687 1687 1686 1686 1586 1586 1587 1587 1688 1688 1586 1586 1688 1688 1687 1687 1587 1587 1588 1588 1689 1689 1587 1587 1689 1689 1688 1688 1588 1588 1589 1589 1690 1690 1588 1588 1690 1690 1689 1689 1589 1589 1590 1590 1691 1691 1589 1589 1691 1691 1690 1690 1590 1590 1591 1591 1692 1692 1590 1590 1692 1692 1691 1691 1591 1591 1592 1592 1693 1693 1591 1591 1693 1693 1692 1692 1592 1592 1593 1593 1694 1694 1592 1592 1694 1694 1693 1693 1593 1593 1594 1594 1695 1695 1593 1593 1695 1695 1694 1694 1594 1594 1595 1595 1696 1696 1594 1594 1696 1696 1695 1695 1595 1595 1596 1596 1697 1697 1595 1595 1697 1697 1696 1696 1596 1596 1597 1597 1698 1698 1596 1596 1698 1698 1697 1697 1597 1597 1598 1598 1699 1699 1597 1597 1699 1699 1698 1698 1598 1598 1599 1599 1700 1700 1598 1598 1700 1700 1699 1699 1599 1599 1600 1600 1701 1701 1599 1599 1701 1701 1700 1700 1600 1600 1601 1601 1702 1702 1600 1600 1702 1702 1701 1701 1601 1601 1602 1602 1703 1703 1601 1601 1703 1703 1702 1702 1602 1602 1603 1603 1704 1704 1602 1602 1704 1704 1703 1703 1603 1603 1604 1604 1705 1705 1603 1603 1705 1705 1704 1704 1604 1604 1605 1605 1706 1706 1604 1604 1706 1706 1705 1705 1605 1605 1606 1606 1707 1707 1605 1605 1707 1707 1706 1706 1606 1606 1607 1607 1708 1708 1606 1606 1708 1708 1707 1707 1607 1607 1608 1608 1709 1709 1607 1607 1709 1709 1708 1708 1608 1608 1609 1609 1710 1710 1608 1608 1710 1710 1709 1709 1609 1609 1610 1610 1711 1711 1609 1609 1711 1711 1710 1710 1610 1610 1611 1611 1712 1712 1610 1610 1712 1712 1711 1711 1611 1611 1612 1612 1713 1713 1611 1611 1713 1713 1712 1712 1612 1612 1613 1613 1714 1714 1612 1612 1714 1714 1713 1713 1613 1613 1614 1614 1715 1715 1613 1613 1715 1715 1714 1714 1614 1614 1615 1615 1716 1716 1614 1614 1716 1716 1715 1715 1616 1616 1617 1617 1718 1718 1616 1616 1718 1718 1717 1717 1617 1617 1618 1618 1719 1719 1617 1617 1719 1719 1718 1718 1618 1618 1619 1619 1720 1720 1618 1618 1720 1720 1719 1719 1619 1619 1620 1620 1721 1721 1619 1619 1721 1721 1720 1720 1620 1620 1621 1621 1722 1722 1620 1620 1722 1722 1721 1721 1621 1621 1622 1622 1723 1723 1621 1621 1723 1723 1722 1722 1622 1622 1623 1623 1724 1724 1622 1622 1724 1724 1723 1723 1623 1623 1624 1624 1725 1725 1623 1623 1725 1725 1724 1724 1624 1624 1625 1625 1726 1726 1624 1624 1726 1726 1725 1725 1625 1625 1626 1626 1727 1727 1625 1625 1727 1727 1726 1726 1626 1626 1627 1627 1728 1728 1626 1626 1728 1728 1727 1727 1627 1627 1628 1628 1729 1729 1627 1627 1729 1729 1728 1728 1628 1628 1629 1629 1730 1730 1628 1628 1730 1730 1729 1729 1629 1629 1630 1630 1731 1731 1629 1629 1731 1731 1730 1730 1630 1630 1631 1631 1732 1732 1630 1630 1732 1732 1731 1731 1631 1631 1632 1632 1733 1733 1631 1631 1733 1733 1732 1732 1632 1632 1633 1633 1734 1734 1632 1632 1734 1734 1733 1733 1633 1633 1634 1634 1735 1735 1633 1633 1735 1735 1734 1734 1634 1634 1635 1635 1736 1736 1634 1634 1736 1736 1735 1735 1635 1635 1636 1636 1737 1737 1635 1635 1737 1737 1736 1736 1636 1636 1637 1637 1738 1738 1636 1636 1738 1738 1737 1737 1637 1637 1638 1638 1739 1739 1637 1637 1739 1739 1738 1738 1638 1638 1639 1639 1740 1740 1638 1638 1740 1740 1739 1739 1639 1639 1640 1640 1741 1741 1639 1639 1741 1741 1740 1740 1640 1640 1641 1641 1742 1742 1640 1640 1742 1742 1741 1741 1641 1641 1642 1642 1743 1743 1641 1641 1743 1743 1742 1742 1642 1642 1643 1643 1744 1744 1642 1642 1744 1744 1743 1743 1643 1643 1644 1644 1745 1745 1643 1643 1745 1745 1744 1744 1644 1644 1645 1645 1746 1746 1644 1644 1746 1746 1745 1745 1645 1645 1646 1646 1747 1747 1645 1645 1747 1747 1746 1746 1646 1646 1647 1647 1748 1748 1646 1646 1748 1748 1747 1747 1647 1647 1648 1648 1749 1749 1647 1647 1749 1749 1748 1748 1648 1648 1649 1649 1750 1750 1648 1648 1750 1750 1749 1749 1649 1649 1650 1650 1751 1751 1649 1649 1751 1751 1750 1750 1650 1650 1651 1651 1752 1752 1650 1650 1752 1752 1751 1751 1651 1651 1652 1652 1753 1753 1651 1651 1753 1753 1752 1752 1652 1652 1653 1653 1754 1754 1652 1652 1754 1754 1753 1753 1653 1653 1654 1654 1755 1755 1653 1653 1755 1755 1754 1754 1654 1654 1655 1655 1756 1756 1654 1654 1756 1756 1755 1755 1655 1655 1656 1656 1757 1757 1655 1655 1757 1757 1756 1756 1656 1656 1657 1657 1758 1758 1656 1656 1758 1758 1757 1757 1657 1657 1658 1658 1759 1759 1657 1657 1759 1759 1758 1758 1658 1658 1659 1659 1760 1760 1658 1658 1760 1760 1759 1759 1659 1659 1660 1660 1761 1761 1659 1659 1761 1761 1760 1760 1660 1660 1661 1661 1762 1762 1660 1660 1762 1762 1761 1761 1661 1661 1662 1662 1763 1763 1661 1661 1763 1763 1762 1762 1662 1662 1663 1663 1764 1764 1662 1662 1764 1764 1763 1763 1663 1663 1664 1664 1765 1765 1663 1663 1765 1765 1764 1764 1664 1664 1665 1665 1766 1766 1664 1664 1766 1766 1765 1765 1665 1665 1666 1666 1767 1767 1665 1665 1767 1767 1766 1766 1666 1666 1667 1667 1768 1768 1666 1666 1768 1768 1767 1767 1667 1667 1668 1668 1769 1769 1667 1667 1769 1769 1768 1768 1668 1668 1669 1669 1770 1770 1668 1668 1770 1770 1769 1769 1669 1669 1670 1670 1771 1771 1669 1669 1771 1771 1770 1770 1670 1670 1671 1671 1772 1772 1670 1670 1772 1772 1771 1771 1671 1671 1672 1672 1773 1773 1671 1671 1773 1773 1772 1772 1672 1672 1673 1673 1774 1774 1672 1672 1774 1774 1773 1773 1673 1673 1674 1674 1775 1775 1673 1673 1775 1775 1774 1774 1674 1674 1675 1675 1776 1776 1674 1674 1776 1776 1775 1775 1675 1675 1676 1676 1777 1777 1675 1675 1777 1777 1776 1776 1676 1676 1677 1677 1778 1778 1676 1676 1778 1778 1777 1777 1677 1677 1678 1678 1779 1779 1677 1677 1779 1779 1778 1778 1678 1678 1679 1679 1780 1780 1678 1678 1780 1780 1779 1779 1679 1679 1680 1680 1781 1781 1679 1679 1781 1781 1780 1780 1680 1680 1681 1681 1782 1782 1680 1680 1782 1782 1781 1781 1681 1681 1682 1682 1783 1783 1681 1681 1783 1783 1782 1782 1682 1682 1683 1683 1784 1784 1682 1682 1784 1784 1783 1783 1683 1683 1684 1684 1785 1785 1683 1683 1785 1785 1784 1784 1684 1684 1685 1685 1786 1786 1684 1684 1786 1786 1785 1785 1685 1685 1686 1686 1787 1787 1685 1685 1787 1787 1786 1786 1686 1686 1687 1687 1788 1788 1686 1686 1788 1788 1787 1787 1687 1687 1688 1688 1789 1789 1687 1687 1789 1789 1788 1788 1688 1688 1689 1689 1790 1790 1688 1688 1790 1790 1789 1789 1689 1689 1690 1690 1791 1791 1689 1689 1791 1791 1790 1790 1690 1690 1691 1691 1792 1792 1690 1690 1792 1792 1791 1791 1691 1691 1692 1692 1793 1793 1691 1691 1793 1793 1792 1792 1692 1692 1693 1693 1794 1794 1692 1692 1794 1794 1793 1793 1693 1693 1694 1694 1795 1795 1693 1693 1795 1795 1794 1794 1694 1694 1695 1695 1796 1796 1694 1694 1796 1796 1795 1795 1695 1695 1696 1696 1797 1797 1695 1695 1797 1797 1796 1796 1696 1696 1697 1697 1798 1798 1696 1696 1798 1798 1797 1797 1697 1697 1698 1698 1799 1799 1697 1697 1799 1799 1798 1798 1698 1698 1699 1699 1800 1800 1698 1698 1800 1800 1799 1799 1699 1699 1700 1700 1801 1801 1699 1699 1801 1801 1800 1800 1700 1700 1701 1701 1802 1802 1700 1700 1802 1802 1801 1801 1701 1701 1702 1702 1803 1803 1701 1701 1803 1803 1802 1802 1702 1702 1703 1703 1804 1804 1702 1702 1804 1804 1803 1803 1703 1703 1704 1704 1805 1805 1703 1703 1805 1805 1804 1804 1704 1704 1705 1705 1806 1806 1704 1704 1806 1806 1805 1805 1705 1705 1706 1706 1807 1807 1705 1705 1807 1807 1806 1806 1706 1706 1707 1707 1808 1808 1706 1706 1808 1808 1807 1807 1707 1707 1708 1708 1809 1809 1707 1707 1809 1809 1808 1808 1708 1708 1709 1709 1810 1810 1708 1708 1810 1810 1809 1809 1709 1709 1710 1710 1811 1811 1709 1709 1811 1811 1810 1810 1710 1710 1711 1711 1812 1812 1710 1710 1812 1812 1811 1811 1711 1711 1712 1712 1813 1813 1711 1711 1813 1813 1812 1812 1712 1712 1713 1713 1814 1814 1712 1712 1814 1814 1813 1813 1713 1713 1714 1714 1815 1815 1713 1713 1815 1815 1814 1814 1714 1714 1715 1715 1816 1816 1714 1714 1816 1816 1815 1815 1715 1715 1716 1716 1817 1817 1715 1715 1817 1817 1816 1816 1717 1717 1718 1718 1819 1819 1717 1717 1819 1819 1818 1818 1718 1718 1719 1719 1820 1820 1718 1718 1820 1820 1819 1819 1719 1719 1720 1720 1821 1821 1719 1719 1821 1821 1820 1820 1720 1720 1721 1721 1822 1822 1720 1720 1822 1822 1821 1821 1721 1721 1722 1722 1823 1823 1721 1721 1823 1823 1822 1822 1722 1722 1723 1723 1824 1824 1722 1722 1824 1824 1823 1823 1723 1723 1724 1724 1825 1825 1723 1723 1825 1825 1824 1824 1724 1724 1725 1725 1826 1826 1724 1724 1826 1826 1825 1825 1725 1725 1726 1726 1827 1827 1725 1725 1827 1827 1826 1826 1726 1726 1727 1727 1828 1828 1726 1726 1828 1828 1827 1827 1727 1727 1728 1728 1829 1829 1727 1727 1829 1829 1828 1828 1728 1728 1729 1729 1830 1830 1728 1728 1830 1830 1829 1829 1729 1729 1730 1730 1831 1831 1729 1729 1831 1831 1830 1830 1730 1730 1731 1731 1832 1832 1730 1730 1832 1832 1831 1831 1731 1731 1732 1732 1833 1833 1731 1731 1833 1833 1832 1832 1732 1732 1733 1733 1834 1834 1732 1732 1834 1834 1833 1833 1733 1733 1734 1734 1835 1835 1733 1733 1835 1835 1834 1834 1734 1734 1735 1735 1836 1836 1734 1734 1836 1836 1835 1835 1735 1735 1736 1736 1837 1837 1735 1735 1837 1837 1836 1836 1736 1736 1737 1737 1838 1838 1736 1736 1838 1838 1837 1837 1737 1737 1738 1738 1839 1839 1737 1737 1839 1839 1838 1838 1738 1738 1739 1739 1840 1840 1738 1738 1840 1840 1839 1839 1739 1739 1740 1740 1841 1841 1739 1739 1841 1841 1840 1840 1740 1740 1741 1741 1842 1842 1740 1740 1842 1842 1841 1841 1741 1741 1742 1742 1843 1843 1741 1741 1843 1843 1842 1842 1742 1742 1743 1743 1844 1844 1742 1742 1844 1844 1843 1843 1743 1743 1744 1744 1845 1845 1743 1743 1845 1845 1844 1844 1744 1744 1745 1745 1846 1846 1744 1744 1846 1846 1845 1845 1745 1745 1746 1746 1847 1847 1745 1745 1847 1847 1846 1846 1746 1746 1747 1747 1848 1848 1746 1746 1848 1848 1847 1847 1747 1747 1748 1748 1849 1849 1747 1747 1849 1849 1848 1848 1748 1748 1749 1749 1850 1850 1748 1748 1850 1850 1849 1849 1749 1749 1750 1750 1851 1851 1749 1749 1851 1851 1850 1850 1750 1750 1751 1751 1852 1852 1750 1750 1852 1852 1851 1851 1751 1751 1752 1752 1853 1853 1751 1751 1853 1853 1852 1852 1752 1752 1753 1753 1854 1854 1752 1752 1854 1854 1853 1853 1753 1753 1754 1754 1855 1855 1753 1753 1855 1855 1854 1854 1754 1754 1755 1755 1856 1856 1754 1754 1856 1856 1855 1855 1755 1755 1756 1756 1857 1857 1755 1755 1857 1857 1856 1856 1756 1756 1757 1757 1858 1858 1756 1756 1858 1858 1857 1857 1757 1757 1758 1758 1859 1859 1757 1757 1859 1859 1858 1858 1758 1758 1759 1759 1860 1860 1758 1758 1860 1860 1859 1859 1759 1759 1760 1760 1861 1861 1759 1759 1861 1861 1860 1860 1760 1760 1761 1761 1862 1862 1760 1760 1862 1862 1861 1861 1761 1761 1762 1762 1863 1863 1761 1761 1863 1863 1862 1862 1762 1762 1763 1763 1864 1864 1762 1762 1864 1864 1863 1863 1763 1763 1764 1764 1865 1865 1763 1763 1865 1865 1864 1864 1764 1764 1765 1765 1866 1866 1764 1764 1866 1866 1865 1865 1765 1765 1766 1766 1867 1867 1765 1765 1867 1867 1866 1866 1766 1766 1767 1767 1868 1868 1766 1766 1868 1868 1867 1867 1767 1767 1768 1768 1869 1869 1767 1767 1869 1869 1868 1868 1768 1768 1769 1769 1870 1870 1768 1768 1870 1870 1869 1869 1769 1769 1770 1770 1871 1871 1769 1769 1871 1871 1870 1870 1770 1770 1771 1771 1872 1872 1770 1770 1872 1872 1871 1871 1771 1771 1772 1772 1873 1873 1771 1771 1873 1873 1872 1872 1772 1772 1773 1773 1874 1874 1772 1772 1874 1874 1873 1873 1773 1773 1774 1774 1875 1875 1773 1773 1875 1875 1874 1874 1774 1774 1775 1775 1876 1876 1774 1774 1876 1876 1875 1875 1775 1775 1776 1776 1877 1877 1775 1775 1877 1877 1876 1876 1776 1776 1777 1777 1878 1878 1776 1776 1878 1878 1877 1877 1777 1777 1778 1778 1879 1879 1777 1777 1879 1879 1878 1878 1778 1778 1779 1779 1880 1880 1778 1778 1880 1880 1879 1879 1779 1779 1780 1780 1881 1881 1779 1779 1881 1881 1880 1880 1780 1780 1781 1781 1882 1882 1780 1780 1882 1882 1881 1881 1781 1781 1782 1782 1883 1883 1781 1781 1883 1883 1882 1882 1782 1782 1783 1783 1884 1884 1782 1782 1884 1884 1883 1883 1783 1783 1784 1784 1885 1885 1783 1783 1885 1885 1884 1884 1784 1784 1785 1785 1886 1886 1784 1784 1886 1886 1885 1885 1785 1785 1786 1786 1887 1887 1785 1785 1887 1887 1886 1886 1786 1786 1787 1787 1888 1888 1786 1786 1888 1888 1887 1887 1787 1787 1788 1788 1889 1889 1787 1787 1889 1889 1888 1888 1788 1788 1789 1789 1890 1890 1788 1788 1890 1890 1889 1889 1789 1789 1790 1790 1891 1891 1789 1789 1891 1891 1890 1890 1790 1790 1791 1791 1892 1892 1790 1790 1892 1892 1891 1891 1791 1791 1792 1792 1893 1893 1791 1791 1893 1893 1892 1892 1792 1792 1793 1793 1894 1894 1792 1792 1894 1894 1893 1893 1793 1793 1794 1794 1895 1895 1793 1793 1895 1895 1894 1894 1794 1794 1795 1795 1896 1896 1794 1794 1896 1896 1895 1895 1795 1795 1796 1796 1897 1897 1795 1795 1897 1897 1896 1896 1796 1796 1797 1797 1898 1898 1796 1796 1898 1898 1897 1897 1797 1797 1798 1798 1899 1899 1797 1797 1899 1899 1898 1898 1798 1798 1799 1799 1900 1900 1798 1798 1900 1900 1899 1899 1799 1799 1800 1800 1901 1901 1799 1799 1901 1901 1900 1900 1800 1800 1801 1801 1902 1902 1800 1800 1902 1902 1901 1901 1801 1801 1802 1802 1903 1903 1801 1801 1903 1903 1902 1902 1802 1802 1803 1803 1904 1904 1802 1802 1904 1904 1903 1903 1803 1803 1804 1804 1905 1905 1803 1803 1905 1905 1904 1904 1804 1804 1805 1805 1906 1906 1804 1804 1906 1906 1905 1905 1805 1805 1806 1806 1907 1907 1805 1805 1907 1907 1906 1906 1806 1806 1807 1807 1908 1908 1806 1806 1908 1908 1907 1907 1807 1807 1808 1808 1909 1909 1807 1807 1909 1909 1908 1908 1808 1808 1809 1809 1910 1910 1808 1808 1910 1910 1909 1909 1809 1809 1810 1810 1911 1911 1809 1809 1911 1911 1910 1910 1810 1810 1811 1811 1912 1912 1810 1810 1912 1912 1911 1911 1811 1811 1812 1812 1913 1913 1811 1811 1913 1913 1912 1912 1812 1812 1813 1813 1914 1914 1812 1812 1914 1914 1913 1913 1813 1813 1814 1814 1915 1915 1813 1813 1915 1915 1914 1914 1814 1814 1815 1815 1916 1916 1814 1814 1916 1916 1915 1915 1815 1815 1816 1816 1917 1917 1815 1815 1917 1917 1916 1916 1816 1816 1817 1817 1918 1918 1816 1816 1918 1918 1917 1917 1818 1818 1819 1819 1920 1920 1818 1818 1920 1920 1919 1919 1819 1819 1820 1820 1921 1921 1819 1819 1921 1921 1920 1920 1820 1820 1821 1821 1922 1922 1820 1820 1922 1922 1921 1921 1821 1821 1822 1822 1923 1923 1821 1821 1923 1923 1922 1922 1822 1822 1823 1823 1924 1924 1822 1822 1924 1924 1923 1923 1823 1823 1824 1824 1925 1925 1823 1823 1925 1925 1924 1924 1824 1824 1825 1825 1926 1926 1824 1824 1926 1926 1925 1925 1825 1825 1826 1826 1927 1927 1825 1825 1927 1927 1926 1926 1826 1826 1827 1827 1928 1928 1826 1826 1928 1928 1927 1927 1827 1827 1828 1828 1929 1929 1827 1827 1929 1929 1928 1928 1828 1828 1829 1829 1930 1930 1828 1828 1930 1930 1929 1929 1829 1829 1830 1830 1931 1931 1829 1829 1931 1931 1930 1930 1830 1830 1831 1831 1932 1932 1830 1830 1932 1932 1931 1931 1831 1831 1832 1832 1933 1933 1831 1831 1933 1933 1932 1932 1832 1832 1833 1833 1934 1934 1832 1832 1934 1934 1933 1933 1833 1833 1834 1834 1935 1935 1833 1833 1935 1935 1934 1934 1834 1834 1835 1835 1936 1936 1834 1834 1936 1936 1935 1935 1835 1835 1836 1836 1937 1937 1835 1835 1937 1937 1936 1936 1836 1836 1837 1837 1938 1938 1836 1836 1938 1938 1937 1937 1837 1837 1838 1838 1939 1939 1837 1837 1939 1939 1938 1938 1838 1838 1839 1839 1940 1940 1838 1838 1940 1940 1939 1939 1839 1839 1840 1840 1941 1941 1839 1839 1941 1941 1940 1940 1840 1840 1841 1841 1942 1942 1840 1840 1942 1942 1941 1941 1841 1841 1842 1842 1943 1943 1841 1841 1943 1943 1942 1942 1842 1842 1843 1843 1944 1944 1842 1842 1944 1944 1943 1943 1843 1843 1844 1844 1945 1945 1843 1843 1945 1945 1944 1944 1844 1844 1845 1845 1946 1946 1844 1844 1946 1946 1945 1945 1845 1845 1846 1846 1947 1947 1845 1845 1947 1947 1946 1946 1846 1846 1847 1847 1948 1948 1846 1846 1948 1948 1947 1947 1847 1847 1848 1848 1949 1949 1847 1847 1949 1949 1948 1948 1848 1848 1849 1849 1950 1950 1848 1848 1950 1950 1949 1949 1849 1849 1850 1850 1951 1951 1849 1849 1951 1951 1950 1950 1850 1850 1851 1851 1952 1952 1850 1850 1952 1952 1951 1951 1851 1851 1852 1852 1953 1953 1851 1851 1953 1953 1952 1952 1852 1852 1853 1853 1954 1954 1852 1852 1954 1954 1953 1953 1853 1853 1854 1854 1955 1955 1853 1853 1955 1955 1954 1954 1854 1854 1855 1855 1956 1956 1854 1854 1956 1956 1955 1955 1855 1855 1856 1856 1957 1957 1855 1855 1957 1957 1956 1956 1856 1856 1857 1857 1958 1958 1856 1856 1958 1958 1957 1957 1857 1857 1858 1858 1959 1959 1857 1857 1959 1959 1958 1958 1858 1858 1859 1859 1960 1960 1858 1858 1960 1960 1959 1959 1859 1859 1860 1860 1961 1961 1859 1859 1961 1961 1960 1960 1860 1860 1861 1861 1962 1962 1860 1860 1962 1962 1961 1961 1861 1861 1862 1862 1963 1963 1861 1861 1963 1963 1962 1962 1862 1862 1863 1863 1964 1964 1862 1862 1964 1964 1963 1963 1863 1863 1864 1864 1965 1965 1863 1863 1965 1965 1964 1964 1864 1864 1865 1865 1966 1966 1864 1864 1966 1966 1965 1965 1865 1865 1866 1866 1967 1967 1865 1865 1967 1967 1966 1966 1866 1866 1867 1867 1968 1968 1866 1866 1968 1968 1967 1967 1867 1867 1868 1868 1969 1969 1867 1867 1969 1969 1968 1968 1868 1868 1869 1869 1970 1970 1868 1868 1970 1970 1969 1969 1869 1869 1870 1870 1971 1971 1869 1869 1971 1971 1970 1970 1870 1870 1871 1871 1972 1972 1870 1870 1972 1972 1971 1971 1871 1871 1872 1872 1973 1973 1871 1871 1973 1973 1972 1972 1872 1872 1873 1873 1974 1974 1872 1872 1974 1974 1973 1973 1873 1873 1874 1874 1975 1975 1873 1873 1975 1975 1974 1974 1874 1874 1875 1875 1976 1976 1874 1874 1976 1976 1975 1975 1875 1875 1876 1876 1977 1977 1875 1875 1977 1977 1976 1976 1876 1876 1877 1877 1978 1978 1876 1876 1978 1978 1977 1977 1877 1877 1878 1878 1979 1979 1877 1877 1979 1979 1978 1978 1878 1878 1879 1879 1980 1980 1878 1878 1980 1980 1979 1979 1879 1879 1880 1880 1981 1981 1879 1879 1981 1981 1980 1980 1880 1880 1881 1881 1982 1982 1880 1880 1982 1982 1981 1981 1881 1881 1882 1882 1983 1983 1881 1881 1983 1983 1982 1982 1882 1882 1883 1883 1984 1984 1882 1882 1984 1984 1983 1983 1883 1883 1884 1884 1985 1985 1883 1883 1985 1985 1984 1984 1884 1884 1885 1885 1986 1986 1884 1884 1986 1986 1985 1985 1885 1885 1886 1886 1987 1987 1885 1885 1987 1987 1986 1986 1886 1886 1887 1887 1988 1988 1886 1886 1988 1988 1987 1987 1887 1887 1888 1888 1989 1989 1887 1887 1989 1989 1988 1988 1888 1888 1889 1889 1990 1990 1888 1888 1990 1990 1989 1989 1889 1889 1890 1890 1991 1991 1889 1889 1991 1991 1990 1990 1890 1890 1891 1891 1992 1992 1890 1890 1992 1992 1991 1991 1891 1891 1892 1892 1993 1993 1891 1891 1993 1993 1992 1992 1892 1892 1893 1893 1994 1994 1892 1892 1994 1994 1993 1993 1893 1893 1894 1894 1995 1995 1893 1893 1995 1995 1994 1994 1894 1894 1895 1895 1996 1996 1894 1894 1996 1996 1995 1995 1895 1895 1896 1896 1997 1997 1895 1895 1997 1997 1996 1996 1896 1896 1897 1897 1998 1998 1896 1896 1998 1998 1997 1997 1897 1897 1898 1898 1999 1999 1897 1897 1999 1999 1998 1998 1898 1898 1899 1899 2000 2000 1898 1898 2000 2000 1999 1999 1899 1899 1900 1900 2001 2001 1899 1899 2001 2001 2000 2000 1900 1900 1901 1901 2002 2002 1900 1900 2002 2002 2001 2001 1901 1901 1902 1902 2003 2003 1901 1901 2003 2003 2002 2002 1902 1902 1903 1903 2004 2004 1902 1902 2004 2004 2003 2003 1903 1903 1904 1904 2005 2005 1903 1903 2005 2005 2004 2004 1904 1904 1905 1905 2006 2006 1904 1904 2006 2006 2005 2005 1905 1905 1906 1906 2007 2007 1905 1905 2007 2007 2006 2006 1906 1906 1907 1907 2008 2008 1906 1906 2008 2008 2007 2007 1907 1907 1908 1908 2009 2009 1907 1907 2009 2009 2008 2008 1908 1908 1909 1909 2010 2010 1908 1908 2010 2010 2009 2009 1909 1909 1910 1910 2011 2011 1909 1909 2011 2011 2010 2010 1910 1910 1911 1911 2012 2012 1910 1910 2012 2012 2011 2011 1911 1911 1912 1912 2013 2013 1911 1911 2013 2013 2012 2012 1912 1912 1913 1913 2014 2014 1912 1912 2014 2014 2013 2013 1913 1913 1914 1914 2015 2015 1913 1913 2015 2015 2014 2014 1914 1914 1915 1915 2016 2016 1914 1914 2016 2016 2015 2015 1915 1915 1916 1916 2017 2017 1915 1915 2017 2017 2016 2016 1916 1916 1917 1917 2018 2018 1916 1916 2018 2018 2017 2017 1917 1917 1918 1918 2019 2019 1917 1917 2019 2019 2018 2018 1919 1919 1920 1920 2021 2021 1919 1919 2021 2021 2020 2020 1920 1920 1921 1921 2022 2022 1920 1920 2022 2022 2021 2021 1921 1921 1922 1922 2023 2023 1921 1921 2023 2023 2022 2022 1922 1922 1923 1923 2024 2024 1922 1922 2024 2024 2023 2023 1923 1923 1924 1924 2025 2025 1923 1923 2025 2025 2024 2024 1924 1924 1925 1925 2026 2026 1924 1924 2026 2026 2025 2025 1925 1925 1926 1926 2027 2027 1925 1925 2027 2027 2026 2026 1926 1926 1927 1927 2028 2028 1926 1926 2028 2028 2027 2027 1927 1927 1928 1928 2029 2029 1927 1927 2029 2029 2028 2028 1928 1928 1929 1929 2030 2030 1928 1928 2030 2030 2029 2029 1929 1929 1930 1930 2031 2031 1929 1929 2031 2031 2030 2030 1930 1930 1931 1931 2032 2032 1930 1930 2032 2032 2031 2031 1931 1931 1932 1932 2033 2033 1931 1931 2033 2033 2032 2032 1932 1932 1933 1933 2034 2034 1932 1932 2034 2034 2033 2033 1933 1933 1934 1934 2035 2035 1933 1933 2035 2035 2034 2034 1934 1934 1935 1935 2036 2036 1934 1934 2036 2036 2035 2035 1935 1935 1936 1936 2037 2037 1935 1935 2037 2037 2036 2036 1936 1936 1937 1937 2038 2038 1936 1936 2038 2038 2037 2037 1937 1937 1938 1938 2039 2039 1937 1937 2039 2039 2038 2038 1938 1938 1939 1939 2040 2040 1938 1938 2040 2040 2039 2039 1939 1939 1940 1940 2041 2041 1939 1939 2041 2041 2040 2040 1940 1940 1941 1941 2042 2042 1940 1940 2042 2042 2041 2041 1941 1941 1942 1942 2043 2043 1941 1941 2043 2043 2042 2042 1942 1942 1943 1943 2044 2044 1942 1942 2044 2044 2043 2043 1943 1943 1944 1944 2045 2045 1943 1943 2045 2045 2044 2044 1944 1944 1945 1945 2046 2046 1944 1944 2046 2046 2045 2045 1945 1945 1946 1946 2047 2047 1945 1945 2047 2047 2046 2046 1946 1946 1947 1947 2048 2048 1946 1946 2048 2048 2047 2047 1947 1947 1948 1948 2049 2049 1947 1947 2049 2049 2048 2048 1948 1948 1949 1949 2050 2050 1948 1948 2050 2050 2049 2049 1949 1949 1950 1950 2051 2051 1949 1949 2051 2051 2050 2050 1950 1950 1951 1951 2052 2052 1950 1950 2052 2052 2051 2051 1951 1951 1952 1952 2053 2053 1951 1951 2053 2053 2052 2052 1952 1952 1953 1953 2054 2054 1952 1952 2054 2054 2053 2053 1953 1953 1954 1954 2055 2055 1953 1953 2055 2055 2054 2054 1954 1954 1955 1955 2056 2056 1954 1954 2056 2056 2055 2055 1955 1955 1956 1956 2057 2057 1955 1955 2057 2057 2056 2056 1956 1956 1957 1957 2058 2058 1956 1956 2058 2058 2057 2057 1957 1957 1958 1958 2059 2059 1957 1957 2059 2059 2058 2058 1958 1958 1959 1959 2060 2060 1958 1958 2060 2060 2059 2059 1959 1959 1960 1960 2061 2061 1959 1959 2061 2061 2060 2060 1960 1960 1961 1961 2062 2062 1960 1960 2062 2062 2061 2061 1961 1961 1962 1962 2063 2063 1961 1961 2063 2063 2062 2062 1962 1962 1963 1963 2064 2064 1962 1962 2064 2064 2063 2063 1963 1963 1964 1964 2065 2065 1963 1963 2065 2065 2064 2064 1964 1964 1965 1965 2066 2066 1964 1964 2066 2066 2065 2065 1965 1965 1966 1966 2067 2067 1965 1965 2067 2067 2066 2066 1966 1966 1967 1967 2068 2068 1966 1966 2068 2068 2067 2067 1967 1967 1968 1968 2069 2069 1967 1967 2069 2069 2068 2068 1968 1968 1969 1969 2070 2070 1968 1968 2070 2070 2069 2069 1969 1969 1970 1970 2071 2071 1969 1969 2071 2071 2070 2070 1970 1970 1971 1971 2072 2072 1970 1970 2072 2072 2071 2071 1971 1971 1972 1972 2073 2073 1971 1971 2073 2073 2072 2072 1972 1972 1973 1973 2074 2074 1972 1972 2074 2074 2073 2073 1973 1973 1974 1974 2075 2075 1973 1973 2075 2075 2074 2074 1974 1974 1975 1975 2076 2076 1974 1974 2076 2076 2075 2075 1975 1975 1976 1976 2077 2077 1975 1975 2077 2077 2076 2076 1976 1976 1977 1977 2078 2078 1976 1976 2078 2078 2077 2077 1977 1977 1978 1978 2079 2079 1977 1977 2079 2079 2078 2078 1978 1978 1979 1979 2080 2080 1978 1978 2080 2080 2079 2079 1979 1979 1980 1980 2081 2081 1979 1979 2081 2081 2080 2080 1980 1980 1981 1981 2082 2082 1980 1980 2082 2082 2081 2081 1981 1981 1982 1982 2083 2083 1981 1981 2083 2083 2082 2082 1982 1982 1983 1983 2084 2084 1982 1982 2084 2084 2083 2083 1983 1983 1984 1984 2085 2085 1983 1983 2085 2085 2084 2084 1984 1984 1985 1985 2086 2086 1984 1984 2086 2086 2085 2085 1985 1985 1986 1986 2087 2087 1985 1985 2087 2087 2086 2086 1986 1986 1987 1987 2088 2088 1986 1986 2088 2088 2087 2087 1987 1987 1988 1988 2089 2089 1987 1987 2089 2089 2088 2088 1988 1988 1989 1989 2090 2090 1988 1988 2090 2090 2089 2089 1989 1989 1990 1990 2091 2091 1989 1989 2091 2091 2090 2090 1990 1990 1991 1991 2092 2092 1990 1990 2092 2092 2091 2091 1991 1991 1992 1992 2093 2093 1991 1991 2093 2093 2092 2092 1992 1992 1993 1993 2094 2094 1992 1992 2094 2094 2093 2093 1993 1993 1994 1994 2095 2095 1993 1993 2095 2095 2094 2094 1994 1994 1995 1995 2096 2096 1994 1994 2096 2096 2095 2095 1995 1995 1996 1996 2097 2097 1995 1995 2097 2097 2096 2096 1996 1996 1997 1997 2098 2098 1996 1996 2098 2098 2097 2097 1997 1997 1998 1998 2099 2099 1997 1997 2099 2099 2098 2098 1998 1998 1999 1999 2100 2100 1998 1998 2100 2100 2099 2099 1999 1999 2000 2000 2101 2101 1999 1999 2101 2101 2100 2100 2000 2000 2001 2001 2102 2102 2000 2000 2102 2102 2101 2101 2001 2001 2002 2002 2103 2103 2001 2001 2103 2103 2102 2102 2002 2002 2003 2003 2104 2104 2002 2002 2104 2104 2103 2103 2003 2003 2004 2004 2105 2105 2003 2003 2105 2105 2104 2104 2004 2004 2005 2005 2106 2106 2004 2004 2106 2106 2105 2105 2005 2005 2006 2006 2107 2107 2005 2005 2107 2107 2106 2106 2006 2006 2007 2007 2108 2108 2006 2006 2108 2108 2107 2107 2007 2007 2008 2008 2109 2109 2007 2007 2109 2109 2108 2108 2008 2008 2009 2009 2110 2110 2008 2008 2110 2110 2109 2109 2009 2009 2010 2010 2111 2111 2009 2009 2111 2111 2110 2110 2010 2010 2011 2011 2112 2112 2010 2010 2112 2112 2111 2111 2011 2011 2012 2012 2113 2113 2011 2011 2113 2113 2112 2112 2012 2012 2013 2013 2114 2114 2012 2012 2114 2114 2113 2113 2013 2013 2014 2014 2115 2115 2013 2013 2115 2115 2114 2114 2014 2014 2015 2015 2116 2116 2014 2014 2116 2116 2115 2115 2015 2015 2016 2016 2117 2117 2015 2015 2117 2117 2116 2116 2016 2016 2017 2017 2118 2118 2016 2016 2118 2118 2117 2117 2017 2017 2018 2018 2119 2119 2017 2017 2119 2119 2118 2118 2018 2018 2019 2019 2120 2120 2018 2018 2120 2120 2119 2119 2020 2020 2021 2021 2122 2122 2020 2020 2122 2122 2121 2121 2021 2021 2022 2022 2123 2123 2021 2021 2123 2123 2122 2122 2022 2022 2023 2023 2124 2124 2022 2022 2124 2124 2123 2123 2023 2023 2024 2024 2125 2125 2023 2023 2125 2125 2124 2124 2024 2024 2025 2025 2126 2126 2024 2024 2126 2126 2125 2125 2025 2025 2026 2026 2127 2127 2025 2025 2127 2127 2126 2126 2026 2026 2027 2027 2128 2128 2026 2026 2128 2128 2127 2127 2027 2027 2028 2028 2129 2129 2027 2027 2129 2129 2128 2128 2028 2028 2029 2029 2130 2130 2028 2028 2130 2130 2129 2129 2029 2029 2030 2030 2131 2131 2029 2029 2131 2131 2130 2130 2030 2030 2031 2031 2132 2132 2030 2030 2132 2132 2131 2131 2031 2031 2032 2032 2133 2133 2031 2031 2133 2133 2132 2132 2032 2032 2033 2033 2134 2134 2032 2032 2134 2134 2133 2133 2033 2033 2034 2034 2135 2135 2033 2033 2135 2135 2134 2134 2034 2034 2035 2035 2136 2136 2034 2034 2136 2136 2135 2135 2035 2035 2036 2036 2137 2137 2035 2035 2137 2137 2136 2136 2036 2036 2037 2037 2138 2138 2036 2036 2138 2138 2137 2137 2037 2037 2038 2038 2139 2139 2037 2037 2139 2139 2138 2138 2038 2038 2039 2039 2140 2140 2038 2038 2140 2140 2139 2139 2039 2039 2040 2040 2141 2141 2039 2039 2141 2141 2140 2140 2040 2040 2041 2041 2142 2142 2040 2040 2142 2142 2141 2141 2041 2041 2042 2042 2143 2143 2041 2041 2143 2143 2142 2142 2042 2042 2043 2043 2144 2144 2042 2042 2144 2144 2143 2143 2043 2043 2044 2044 2145 2145 2043 2043 2145 2145 2144 2144 2044 2044 2045 2045 2146 2146 2044 2044 2146 2146 2145 2145 2045 2045 2046 2046 2147 2147 2045 2045 2147 2147 2146 2146 2046 2046 2047 2047 2148 2148 2046 2046 2148 2148 2147 2147 2047 2047 2048 2048 2149 2149 2047 2047 2149 2149 2148 2148 2048 2048 2049 2049 2150 2150 2048 2048 2150 2150 2149 2149 2049 2049 2050 2050 2151 2151 2049 2049 2151 2151 2150 2150 2050 2050 2051 2051 2152 2152 2050 2050 2152 2152 2151 2151 2051 2051 2052 2052 2153 2153 2051 2051 2153 2153 2152 2152 2052 2052 2053 2053 2154 2154 2052 2052 2154 2154 2153 2153 2053 2053 2054 2054 2155 2155 2053 2053 2155 2155 2154 2154 2054 2054 2055 2055 2156 2156 2054 2054 2156 2156 2155 2155 2055 2055 2056 2056 2157 2157 2055 2055 2157 2157 2156 2156 2056 2056 2057 2057 2158 2158 2056 2056 2158 2158 2157 2157 2057 2057 2058 2058 2159 2159 2057 2057 2159 2159 2158 2158 2058 2058 2059 2059 2160 2160 2058 2058 2160 2160 2159 2159 2059 2059 2060 2060 2161 2161 2059 2059 2161 2161 2160 2160 2060 2060 2061 2061 2162 2162 2060 2060 2162 2162 2161 2161 2061 2061 2062 2062 2163 2163 2061 2061 2163 2163 2162 2162 2062 2062 2063 2063 2164 2164 2062 2062 2164 2164 2163 2163 2063 2063 2064 2064 2165 2165 2063 2063 2165 2165 2164 2164 2064 2064 2065 2065 2166 2166 2064 2064 2166 2166 2165 2165 2065 2065 2066 2066 2167 2167 2065 2065 2167 2167 2166 2166 2066 2066 2067 2067 2168 2168 2066 2066 2168 2168 2167 2167 2067 2067 2068 2068 2169 2169 2067 2067 2169 2169 2168 2168 2068 2068 2069 2069 2170 2170 2068 2068 2170 2170 2169 2169 2069 2069 2070 2070 2171 2171 2069 2069 2171 2171 2170 2170 2070 2070 2071 2071 2172 2172 2070 2070 2172 2172 2171 2171 2071 2071 2072 2072 2173 2173 2071 2071 2173 2173 2172 2172 2072 2072 2073 2073 2174 2174 2072 2072 2174 2174 2173 2173 2073 2073 2074 2074 2175 2175 2073 2073 2175 2175 2174 2174 2074 2074 2075 2075 2176 2176 2074 2074 2176 2176 2175 2175 2075 2075 2076 2076 2177 2177 2075 2075 2177 2177 2176 2176 2076 2076 2077 2077 2178 2178 2076 2076 2178 2178 2177 2177 2077 2077 2078 2078 2179 2179 2077 2077 2179 2179 2178 2178 2078 2078 2079 2079 2180 2180 2078 2078 2180 2180 2179 2179 2079 2079 2080 2080 2181 2181 2079 2079 2181 2181 2180 2180 2080 2080 2081 2081 2182 2182 2080 2080 2182 2182 2181 2181 2081 2081 2082 2082 2183 2183 2081 2081 2183 2183 2182 2182 2082 2082 2083 2083 2184 2184 2082 2082 2184 2184 2183 2183 2083 2083 2084 2084 2185 2185 2083 2083 2185 2185 2184 2184 2084 2084 2085 2085 2186 2186 2084 2084 2186 2186 2185 2185 2085 2085 2086 2086 2187 2187 2085 2085 2187 2187 2186 2186 2086 2086 2087 2087 2188 2188 2086 2086 2188 2188 2187 2187 2087 2087 2088 2088 2189 2189 2087 2087 2189 2189 2188 2188 2088 2088 2089 2089 2190 2190 2088 2088 2190 2190 2189 2189 2089 2089 2090 2090 2191 2191 2089 2089 2191 2191 2190 2190 2090 2090 2091 2091 2192 2192 2090 2090 2192 2192 2191 2191 2091 2091 2092 2092 2193 2193 2091 2091 2193 2193 2192 2192 2092 2092 2093 2093 2194 2194 2092 2092 2194 2194 2193 2193 2093 2093 2094 2094 2195 2195 2093 2093 2195 2195 2194 2194 2094 2094 2095 2095 2196 2196 2094 2094 2196 2196 2195 2195 2095 2095 2096 2096 2197 2197 2095 2095 2197 2197 2196 2196 2096 2096 2097 2097 2198 2198 2096 2096 2198 2198 2197 2197 2097 2097 2098 2098 2199 2199 2097 2097 2199 2199 2198 2198 2098 2098 2099 2099 2200 2200 2098 2098 2200 2200 2199 2199 2099 2099 2100 2100 2201 2201 2099 2099 2201 2201 2200 2200 2100 2100 2101 2101 2202 2202 2100 2100 2202 2202 2201 2201 2101 2101 2102 2102 2203 2203 2101 2101 2203 2203 2202 2202 2102 2102 2103 2103 2204 2204 2102 2102 2204 2204 2203 2203 2103 2103 2104 2104 2205 2205 2103 2103 2205 2205 2204 2204 2104 2104 2105 2105 2206 2206 2104 2104 2206 2206 2205 2205 2105 2105 2106 2106 2207 2207 2105 2105 2207 2207 2206 2206 2106 2106 2107 2107 2208 2208 2106 2106 2208 2208 2207 2207 2107 2107 2108 2108 2209 2209 2107 2107 2209 2209 2208 2208 2108 2108 2109 2109 2210 2210 2108 2108 2210 2210 2209 2209 2109 2109 2110 2110 2211 2211 2109 2109 2211 2211 2210 2210 2110 2110 2111 2111 2212 2212 2110 2110 2212 2212 2211 2211 2111 2111 2112 2112 2213 2213 2111 2111 2213 2213 2212 2212 2112 2112 2113 2113 2214 2214 2112 2112 2214 2214 2213 2213 2113 2113 2114 2114 2215 2215 2113 2113 2215 2215 2214 2214 2114 2114 2115 2115 2216 2216 2114 2114 2216 2216 2215 2215 2115 2115 2116 2116 2217 2217 2115 2115 2217 2217 2216 2216 2116 2116 2117 2117 2218 2218 2116 2116 2218 2218 2217 2217 2117 2117 2118 2118 2219 2219 2117 2117 2219 2219 2218 2218 2118 2118 2119 2119 2220 2220 2118 2118 2220 2220 2219 2219 2119 2119 2120 2120 2221 2221 2119 2119 2221 2221 2220 2220 2121 2121 2122 2122 2223 2223 2121 2121 2223 2223 2222 2222 2122 2122 2123 2123 2224 2224 2122 2122 2224 2224 2223 2223 2123 2123 2124 2124 2225 2225 2123 2123 2225 2225 2224 2224 2124 2124 2125 2125 2226 2226 2124 2124 2226 2226 2225 2225 2125 2125 2126 2126 2227 2227 2125 2125 2227 2227 2226 2226 2126 2126 2127 2127 2228 2228 2126 2126 2228 2228 2227 2227 2127 2127 2128 2128 2229 2229 2127 2127 2229 2229 2228 2228 2128 2128 2129 2129 2230 2230 2128 2128 2230 2230 2229 2229 2129 2129 2130 2130 2231 2231 2129 2129 2231 2231 2230 2230 2130 2130 2131 2131 2232 2232 2130 2130 2232 2232 2231 2231 2131 2131 2132 2132 2233 2233 2131 2131 2233 2233 2232 2232 2132 2132 2133 2133 2234 2234 2132 2132 2234 2234 2233 2233 2133 2133 2134 2134 2235 2235 2133 2133 2235 2235 2234 2234 2134 2134 2135 2135 2236 2236 2134 2134 2236 2236 2235 2235 2135 2135 2136 2136 2237 2237 2135 2135 2237 2237 2236 2236 2136 2136 2137 2137 2238 2238 2136 2136 2238 2238 2237 2237 2137 2137 2138 2138 2239 2239 2137 2137 2239 2239 2238 2238 2138 2138 2139 2139 2240 2240 2138 2138 2240 2240 2239 2239 2139 2139 2140 2140 2241 2241 2139 2139 2241 2241 2240 2240 2140 2140 2141 2141 2242 2242 2140 2140 2242 2242 2241 2241 2141 2141 2142 2142 2243 2243 2141 2141 2243 2243 2242 2242 2142 2142 2143 2143 2244 2244 2142 2142 2244 2244 2243 2243 2143 2143 2144 2144 2245 2245 2143 2143 2245 2245 2244 2244 2144 2144 2145 2145 2246 2246 2144 2144 2246 2246 2245 2245 2145 2145 2146 2146 2247 2247 2145 2145 2247 2247 2246 2246 2146 2146 2147 2147 2248 2248 2146 2146 2248 2248 2247 2247 2147 2147 2148 2148 2249 2249 2147 2147 2249 2249 2248 2248 2148 2148 2149 2149 2250 2250 2148 2148 2250 2250 2249 2249 2149 2149 2150 2150 2251 2251 2149 2149 2251 2251 2250 2250 2150 2150 2151 2151 2252 2252 2150 2150 2252 2252 2251 2251 2151 2151 2152 2152 2253 2253 2151 2151 2253 2253 2252 2252 2152 2152 2153 2153 2254 2254 2152 2152 2254 2254 2253 2253 2153 2153 2154 2154 2255 2255 2153 2153 2255 2255 2254 2254 2154 2154 2155 2155 2256 2256 2154 2154 2256 2256 2255 2255 2155 2155 2156 2156 2257 2257 2155 2155 2257 2257 2256 2256 2156 2156 2157 2157 2258 2258 2156 2156 2258 2258 2257 2257 2157 2157 2158 2158 2259 2259 2157 2157 2259 2259 2258 2258 2158 2158 2159 2159 2260 2260 2158 2158 2260 2260 2259 2259 2159 2159 2160 2160 2261 2261 2159 2159 2261 2261 2260 2260 2160 2160 2161 2161 2262 2262 2160 2160 2262 2262 2261 2261 2161 2161 2162 2162 2263 2263 2161 2161 2263 2263 2262 2262 2162 2162 2163 2163 2264 2264 2162 2162 2264 2264 2263 2263 2163 2163 2164 2164 2265 2265 2163 2163 2265 2265 2264 2264 2164 2164 2165 2165 2266 2266 2164 2164 2266 2266 2265 2265 2165 2165 2166 2166 2267 2267 2165 2165 2267 2267 2266 2266 2166 2166 2167 2167 2268 2268 2166 2166 2268 2268 2267 2267 2167 2167 2168 2168 2269 2269 2167 2167 2269 2269 2268 2268 2168 2168 2169 2169 2270 2270 2168 2168 2270 2270 2269 2269 2169 2169 2170 2170 2271 2271 2169 2169 2271 2271 2270 2270 2170 2170 2171 2171 2272 2272 2170 2170 2272 2272 2271 2271 2171 2171 2172 2172 2273 2273 2171 2171 2273 2273 2272 2272 2172 2172 2173 2173 2274 2274 2172 2172 2274 2274 2273 2273 2173 2173 2174 2174 2275 2275 2173 2173 2275 2275 2274 2274 2174 2174 2175 2175 2276 2276 2174 2174 2276 2276 2275 2275 2175 2175 2176 2176 2277 2277 2175 2175 2277 2277 2276 2276 2176 2176 2177 2177 2278 2278 2176 2176 2278 2278 2277 2277 2177 2177 2178 2178 2279 2279 2177 2177 2279 2279 2278 2278 2178 2178 2179 2179 2280 2280 2178 2178 2280 2280 2279 2279 2179 2179 2180 2180 2281 2281 2179 2179 2281 2281 2280 2280 2180 2180 2181 2181 2282 2282 2180 2180 2282 2282 2281 2281 2181 2181 2182 2182 2283 2283 2181 2181 2283 2283 2282 2282 2182 2182 2183 2183 2284 2284 2182 2182 2284 2284 2283 2283 2183 2183 2184 2184 2285 2285 2183 2183 2285 2285 2284 2284 2184 2184 2185 2185 2286 2286 2184 2184 2286 2286 2285 2285 2185 2185 2186 2186 2287 2287 2185 2185 2287 2287 2286 2286 2186 2186 2187 2187 2288 2288 2186 2186 2288 2288 2287 2287 2187 2187 2188 2188 2289 2289 2187 2187 2289 2289 2288 2288 2188 2188 2189 2189 2290 2290 2188 2188 2290 2290 2289 2289 2189 2189 2190 2190 2291 2291 2189 2189 2291 2291 2290 2290 2190 2190 2191 2191 2292 2292 2190 2190 2292 2292 2291 2291 2191 2191 2192 2192 2293 2293 2191 2191 2293 2293 2292 2292 2192 2192 2193 2193 2294 2294 2192 2192 2294 2294 2293 2293 2193 2193 2194 2194 2295 2295 2193 2193 2295 2295 2294 2294 2194 2194 2195 2195 2296 2296 2194 2194 2296 2296 2295 2295 2195 2195 2196 2196 2297 2297 2195 2195 2297 2297 2296 2296 2196 2196 2197 2197 2298 2298 2196 2196 2298 2298 2297 2297 2197 2197 2198 2198 2299 2299 2197 2197 2299 2299 2298 2298 2198 2198 2199 2199 2300 2300 2198 2198 2300 2300 2299 2299 2199 2199 2200 2200 2301 2301 2199 2199 2301 2301 2300 2300 2200 2200 2201 2201 2302 2302 2200 2200 2302 2302 2301 2301 2201 2201 2202 2202 2303 2303 2201 2201 2303 2303 2302 2302 2202 2202 2203 2203 2304 2304 2202 2202 2304 2304 2303 2303 2203 2203 2204 2204 2305 2305 2203 2203 2305 2305 2304 2304 2204 2204 2205 2205 2306 2306 2204 2204 2306 2306 2305 2305 2205 2205 2206 2206 2307 2307 2205 2205 2307 2307 2306 2306 2206 2206 2207 2207 2308 2308 2206 2206 2308 2308 2307 2307 2207 2207 2208 2208 2309 2309 2207 2207 2309 2309 2308 2308 2208 2208 2209 2209 2310 2310 2208 2208 2310 2310 2309 2309 2209 2209 2210 2210 2311 2311 2209 2209 2311 2311 2310 2310 2210 2210 2211 2211 2312 2312 2210 2210 2312 2312 2311 2311 2211 2211 2212 2212 2313 2313 2211 2211 2313 2313 2312 2312 2212 2212 2213 2213 2314 2314 2212 2212 2314 2314 2313 2313 2213 2213 2214 2214 2315 2315 2213 2213 2315 2315 2314 2314 2214 2214 2215 2215 2316 2316 2214 2214 2316 2316 2315 2315 2215 2215 2216 2216 2317 2317 2215 2215 2317 2317 2316 2316 2216 2216 2217 2217 2318 2318 2216 2216 2318 2318 2317 2317 2217 2217 2218 2218 2319 2319 2217 2217 2319 2319 2318 2318 2218 2218 2219 2219 2320 2320 2218 2218 2320 2320 2319 2319 2219 2219 2220 2220 2321 2321 2219 2219 2321 2321 2320 2320 2220 2220 2221 2221 2322 2322 2220 2220 2322 2322 2321 2321 2222 2222 2223 2223 2324 2324 2222 2222 2324 2324 2323 2323 2223 2223 2224 2224 2325 2325 2223 2223 2325 2325 2324 2324 2224 2224 2225 2225 2326 2326 2224 2224 2326 2326 2325 2325 2225 2225 2226 2226 2327 2327 2225 2225 2327 2327 2326 2326 2226 2226 2227 2227 2328 2328 2226 2226 2328 2328 2327 2327 2227 2227 2228 2228 2329 2329 2227 2227 2329 2329 2328 2328 2228 2228 2229 2229 2330 2330 2228 2228 2330 2330 2329 2329 2229 2229 2230 2230 2331 2331 2229 2229 2331 2331 2330 2330 2230 2230 2231 2231 2332 2332 2230 2230 2332 2332 2331 2331 2231 2231 2232 2232 2333 2333 2231 2231 2333 2333 2332 2332 2232 2232 2233 2233 2334 2334 2232 2232 2334 2334 2333 2333 2233 2233 2234 2234 2335 2335 2233 2233 2335 2335 2334 2334 2234 2234 2235 2235 2336 2336 2234 2234 2336 2336 2335 2335 2235 2235 2236 2236 2337 2337 2235 2235 2337 2337 2336 2336 2236 2236 2237 2237 2338 2338 2236 2236 2338 2338 2337 2337 2237 2237 2238 2238 2339 2339 2237 2237 2339 2339 2338 2338 2238 2238 2239 2239 2340 2340 2238 2238 2340 2340 2339 2339 2239 2239 2240 2240 2341 2341 2239 2239 2341 2341 2340 2340 2240 2240 2241 2241 2342 2342 2240 2240 2342 2342 2341 2341 2241 2241 2242 2242 2343 2343 2241 2241 2343 2343 2342 2342 2242 2242 2243 2243 2344 2344 2242 2242 2344 2344 2343 2343 2243 2243 2244 2244 2345 2345 2243 2243 2345 2345 2344 2344 2244 2244 2245 2245 2346 2346 2244 2244 2346 2346 2345 2345 2245 2245 2246 2246 2347 2347 2245 2245 2347 2347 2346 2346 2246 2246 2247 2247 2348 2348 2246 2246 2348 2348 2347 2347 2247 2247 2248 2248 2349 2349 2247 2247 2349 2349 2348 2348 2248 2248 2249 2249 2350 2350 2248 2248 2350 2350 2349 2349 2249 2249 2250 2250 2351 2351 2249 2249 2351 2351 2350 2350 2250 2250 2251 2251 2352 2352 2250 2250 2352 2352 2351 2351 2251 2251 2252 2252 2353 2353 2251 2251 2353 2353 2352 2352 2252 2252 2253 2253 2354 2354 2252 2252 2354 2354 2353 2353 2253 2253 2254 2254 2355 2355 2253 2253 2355 2355 2354 2354 2254 2254 2255 2255 2356 2356 2254 2254 2356 2356 2355 2355 2255 2255 2256 2256 2357 2357 2255 2255 2357 2357 2356 2356 2256 2256 2257 2257 2358 2358 2256 2256 2358 2358 2357 2357 2257 2257 2258 2258 2359 2359 2257 2257 2359 2359 2358 2358 2258 2258 2259 2259 2360 2360 2258 2258 2360 2360 2359 2359 2259 2259 2260 2260 2361 2361 2259 2259 2361 2361 2360 2360 2260 2260 2261 2261 2362 2362 2260 2260 2362 2362 2361 2361 2261 2261 2262 2262 2363 2363 2261 2261 2363 2363 2362 2362 2262 2262 2263 2263 2364 2364 2262 2262 2364 2364 2363 2363 2263 2263 2264 2264 2365 2365 2263 2263 2365 2365 2364 2364 2264 2264 2265 2265 2366 2366 2264 2264 2366 2366 2365 2365 2265 2265 2266 2266 2367 2367 2265 2265 2367 2367 2366 2366 2266 2266 2267 2267 2368 2368 2266 2266 2368 2368 2367 2367 2267 2267 2268 2268 2369 2369 2267 2267 2369 2369 2368 2368 2268 2268 2269 2269 2370 2370 2268 2268 2370 2370 2369 2369 2269 2269 2270 2270 2371 2371 2269 2269 2371 2371 2370 2370 2270 2270 2271 2271 2372 2372 2270 2270 2372 2372 2371 2371 2271 2271 2272 2272 2373 2373 2271 2271 2373 2373 2372 2372 2272 2272 2273 2273 2374 2374 2272 2272 2374 2374 2373 2373 2273 2273 2274 2274 2375 2375 2273 2273 2375 2375 2374 2374 2274 2274 2275 2275 2376 2376 2274 2274 2376 2376 2375 2375 2275 2275 2276 2276 2377 2377 2275 2275 2377 2377 2376 2376 2276 2276 2277 2277 2378 2378 2276 2276 2378 2378 2377 2377 2277 2277 2278 2278 2379 2379 2277 2277 2379 2379 2378 2378 2278 2278 2279 2279 2380 2380 2278 2278 2380 2380 2379 2379 2279 2279 2280 2280 2381 2381 2279 2279 2381 2381 2380 2380 2280 2280 2281 2281 2382 2382 2280 2280 2382 2382 2381 2381 2281 2281 2282 2282 2383 2383 2281 2281 2383 2383 2382 2382 2282 2282 2283 2283 2384 2384 2282 2282 2384 2384 2383 2383 2283 2283 2284 2284 2385 2385 2283 2283 2385 2385 2384 2384 2284 2284 2285 2285 2386 2386 2284 2284 2386 2386 2385 2385 2285 2285 2286 2286 2387 2387 2285 2285 2387 2387 2386 2386 2286 2286 2287 2287 2388 2388 2286 2286 2388 2388 2387 2387 2287 2287 2288 2288 2389 2389 2287 2287 2389 2389 2388 2388 2288 2288 2289 2289 2390 2390 2288 2288 2390 2390 2389 2389 2289 2289 2290 2290 2391 2391 2289 2289 2391 2391 2390 2390 2290 2290 2291 2291 2392 2392 2290 2290 2392 2392 2391 2391 2291 2291 2292 2292 2393 2393 2291 2291 2393 2393 2392 2392 2292 2292 2293 2293 2394 2394 2292 2292 2394 2394 2393 2393 2293 2293 2294 2294 2395 2395 2293 2293 2395 2395 2394 2394 2294 2294 2295 2295 2396 2396 2294 2294 2396 2396 2395 2395 2295 2295 2296 2296 2397 2397 2295 2295 2397 2397 2396 2396 2296 2296 2297 2297 2398 2398 2296 2296 2398 2398 2397 2397 2297 2297 2298 2298 2399 2399 2297 2297 2399 2399 2398 2398 2298 2298 2299 2299 2400 2400 2298 2298 2400 2400 2399 2399 2299 2299 2300 2300 2401 2401 2299 2299 2401 2401 2400 2400 2300 2300 2301 2301 2402 2402 2300 2300 2402 2402 2401 2401 2301 2301 2302 2302 2403 2403 2301 2301 2403 2403 2402 2402 2302 2302 2303 2303 2404 2404 2302 2302 2404 2404 2403 2403 2303 2303 2304 2304 2405 2405 2303 2303 2405 2405 2404 2404 2304 2304 2305 2305 2406 2406 2304 2304 2406 2406 2405 2405 2305 2305 2306 2306 2407 2407 2305 2305 2407 2407 2406 2406 2306 2306 2307 2307 2408 2408 2306 2306 2408 2408 2407 2407 2307 2307 2308 2308 2409 2409 2307 2307 2409 2409 2408 2408 2308 2308 2309 2309 2410 2410 2308 2308 2410 2410 2409 2409 2309 2309 2310 2310 2411 2411 2309 2309 2411 2411 2410 2410 2310 2310 2311 2311 2412 2412 2310 2310 2412 2412 2411 2411 2311 2311 2312 2312 2413 2413 2311 2311 2413 2413 2412 2412 2312 2312 2313 2313 2414 2414 2312 2312 2414 2414 2413 2413 2313 2313 2314 2314 2415 2415 2313 2313 2415 2415 2414 2414 2314 2314 2315 2315 2416 2416 2314 2314 2416 2416 2415 2415 2315 2315 2316 2316 2417 2417 2315 2315 2417 2417 2416 2416 2316 2316 2317 2317 2418 2418 2316 2316 2418 2418 2417 2417 2317 2317 2318 2318 2419 2419 2317 2317 2419 2419 2418 2418 2318 2318 2319 2319 2420 2420 2318 2318 2420 2420 2419 2419 2319 2319 2320 2320 2421 2421 2319 2319 2421 2421 2420 2420 2320 2320 2321 2321 2422 2422 2320 2320 2422 2422 2421 2421 2321 2321 2322 2322 2423 2423 2321 2321 2423 2423 2422 2422 2323 2323 2324 2324 2425 2425 2323 2323 2425 2425 2424 2424 2324 2324 2325 2325 2426 2426 2324 2324 2426 2426 2425 2425 2325 2325 2326 2326 2427 2427 2325 2325 2427 2427 2426 2426 2326 2326 2327 2327 2428 2428 2326 2326 2428 2428 2427 2427 2327 2327 2328 2328 2429 2429 2327 2327 2429 2429 2428 2428 2328 2328 2329 2329 2430 2430 2328 2328 2430 2430 2429 2429 2329 2329 2330 2330 2431 2431 2329 2329 2431 2431 2430 2430 2330 2330 2331 2331 2432 2432 2330 2330 2432 2432 2431 2431 2331 2331 2332 2332 2433 2433 2331 2331 2433 2433 2432 2432 2332 2332 2333 2333 2434 2434 2332 2332 2434 2434 2433 2433 2333 2333 2334 2334 2435 2435 2333 2333 2435 2435 2434 2434 2334 2334 2335 2335 2436 2436 2334 2334 2436 2436 2435 2435 2335 2335 2336 2336 2437 2437 2335 2335 2437 2437 2436 2436 2336 2336 2337 2337 2438 2438 2336 2336 2438 2438 2437 2437 2337 2337 2338 2338 2439 2439 2337 2337 2439 2439 2438 2438 2338 2338 2339 2339 2440 2440 2338 2338 2440 2440 2439 2439 2339 2339 2340 2340 2441 2441 2339 2339 2441 2441 2440 2440 2340 2340 2341 2341 2442 2442 2340 2340 2442 2442 2441 2441 2341 2341 2342 2342 2443 2443 2341 2341 2443 2443 2442 2442 2342 2342 2343 2343 2444 2444 2342 2342 2444 2444 2443 2443 2343 2343 2344 2344 2445 2445 2343 2343 2445 2445 2444 2444 2344 2344 2345 2345 2446 2446 2344 2344 2446 2446 2445 2445 2345 2345 2346 2346 2447 2447 2345 2345 2447 2447 2446 2446 2346 2346 2347 2347 2448 2448 2346 2346 2448 2448 2447 2447 2347 2347 2348 2348 2449 2449 2347 2347 2449 2449 2448 2448 2348 2348 2349 2349 2450 2450 2348 2348 2450 2450 2449 2449 2349 2349 2350 2350 2451 2451 2349 2349 2451 2451 2450 2450 2350 2350 2351 2351 2452 2452 2350 2350 2452 2452 2451 2451 2351 2351 2352 2352 2453 2453 2351 2351 2453 2453 2452 2452 2352 2352 2353 2353 2454 2454 2352 2352 2454 2454 2453 2453 2353 2353 2354 2354 2455 2455 2353 2353 2455 2455 2454 2454 2354 2354 2355 2355 2456 2456 2354 2354 2456 2456 2455 2455 2355 2355 2356 2356 2457 2457 2355 2355 2457 2457 2456 2456 2356 2356 2357 2357 2458 2458 2356 2356 2458 2458 2457 2457 2357 2357 2358 2358 2459 2459 2357 2357 2459 2459 2458 2458 2358 2358 2359 2359 2460 2460 2358 2358 2460 2460 2459 2459 2359 2359 2360 2360 2461 2461 2359 2359 2461 2461 2460 2460 2360 2360 2361 2361 2462 2462 2360 2360 2462 2462 2461 2461 2361 2361 2362 2362 2463 2463 2361 2361 2463 2463 2462 2462 2362 2362 2363 2363 2464 2464 2362 2362 2464 2464 2463 2463 2363 2363 2364 2364 2465 2465 2363 2363 2465 2465 2464 2464 2364 2364 2365 2365 2466 2466 2364 2364 2466 2466 2465 2465 2365 2365 2366 2366 2467 2467 2365 2365 2467 2467 2466 2466 2366 2366 2367 2367 2468 2468 2366 2366 2468 2468 2467 2467 2367 2367 2368 2368 2469 2469 2367 2367 2469 2469 2468 2468 2368 2368 2369 2369 2470 2470 2368 2368 2470 2470 2469 2469 2369 2369 2370 2370 2471 2471 2369 2369 2471 2471 2470 2470 2370 2370 2371 2371 2472 2472 2370 2370 2472 2472 2471 2471 2371 2371 2372 2372 2473 2473 2371 2371 2473 2473 2472 2472 2372 2372 2373 2373 2474 2474 2372 2372 2474 2474 2473 2473 2373 2373 2374 2374 2475 2475 2373 2373 2475 2475 2474 2474 2374 2374 2375 2375 2476 2476 2374 2374 2476 2476 2475 2475 2375 2375 2376 2376 2477 2477 2375 2375 2477 2477 2476 2476 2376 2376 2377 2377 2478 2478 2376 2376 2478 2478 2477 2477 2377 2377 2378 2378 2479 2479 2377 2377 2479 2479 2478 2478 2378 2378 2379 2379 2480 2480 2378 2378 2480 2480 2479 2479 2379 2379 2380 2380 2481 2481 2379 2379 2481 2481 2480 2480 2380 2380 2381 2381 2482 2482 2380 2380 2482 2482 2481 2481 2381 2381 2382 2382 2483 2483 2381 2381 2483 2483 2482 2482 2382 2382 2383 2383 2484 2484 2382 2382 2484 2484 2483 2483 2383 2383 2384 2384 2485 2485 2383 2383 2485 2485 2484 2484 2384 2384 2385 2385 2486 2486 2384 2384 2486 2486 2485 2485 2385 2385 2386 2386 2487 2487 2385 2385 2487 2487 2486 2486 2386 2386 2387 2387 2488 2488 2386 2386 2488 2488 2487 2487 2387 2387 2388 2388 2489 2489 2387 2387 2489 2489 2488 2488 2388 2388 2389 2389 2490 2490 2388 2388 2490 2490 2489 2489 2389 2389 2390 2390 2491 2491 2389 2389 2491 2491 2490 2490 2390 2390 2391 2391 2492 2492 2390 2390 2492 2492 2491 2491 2391 2391 2392 2392 2493 2493 2391 2391 2493 2493 2492 2492 2392 2392 2393 2393 2494 2494 2392 2392 2494 2494 2493 2493 2393 2393 2394 2394 2495 2495 2393 2393 2495 2495 2494 2494 2394 2394 2395 2395 2496 2496 2394 2394 2496 2496 2495 2495 2395 2395 2396 2396 2497 2497 2395 2395 2497 2497 2496 2496 2396 2396 2397 2397 2498 2498 2396 2396 2498 2498 2497 2497 2397 2397 2398 2398 2499 2499 2397 2397 2499 2499 2498 2498 2398 2398 2399 2399 2500 2500 2398 2398 2500 2500 2499 2499 2399 2399 2400 2400 2501 2501 2399 2399 2501 2501 2500 2500 2400 2400 2401 2401 2502 2502 2400 2400 2502 2502 2501 2501 2401 2401 2402 2402 2503 2503 2401 2401 2503 2503 2502 2502 2402 2402 2403 2403 2504 2504 2402 2402 2504 2504 2503 2503 2403 2403 2404 2404 2505 2505 2403 2403 2505 2505 2504 2504 2404 2404 2405 2405 2506 2506 2404 2404 2506 2506 2505 2505 2405 2405 2406 2406 2507 2507 2405 2405 2507 2507 2506 2506 2406 2406 2407 2407 2508 2508 2406 2406 2508 2508 2507 2507 2407 2407 2408 2408 2509 2509 2407 2407 2509 2509 2508 2508 2408 2408 2409 2409 2510 2510 2408 2408 2510 2510 2509 2509 2409 2409 2410 2410 2511 2511 2409 2409 2511 2511 2510 2510 2410 2410 2411 2411 2512 2512 2410 2410 2512 2512 2511 2511 2411 2411 2412 2412 2513 2513 2411 2411 2513 2513 2512 2512 2412 2412 2413 2413 2514 2514 2412 2412 2514 2514 2513 2513 2413 2413 2414 2414 2515 2515 2413 2413 2515 2515 2514 2514 2414 2414 2415 2415 2516 2516 2414 2414 2516 2516 2515 2515 2415 2415 2416 2416 2517 2517 2415 2415 2517 2517 2516 2516 2416 2416 2417 2417 2518 2518 2416 2416 2518 2518 2517 2517 2417 2417 2418 2418 2519 2519 2417 2417 2519 2519 2518 2518 2418 2418 2419 2419 2520 2520 2418 2418 2520 2520 2519 2519 2419 2419 2420 2420 2521 2521 2419 2419 2521 2521 2520 2520 2420 2420 2421 2421 2522 2522 2420 2420 2522 2522 2521 2521 2421 2421 2422 2422 2523 2523 2421 2421 2523 2523 2522 2522 2422 2422 2423 2423 2524 2524 2422 2422 2524 2524 2523 2523 2424 2424 2425 2425 2526 2526 2424 2424 2526 2526 2525 2525 2425 2425 2426 2426 2527 2527 2425 2425 2527 2527 2526 2526 2426 2426 2427 2427 2528 2528 2426 2426 2528 2528 2527 2527 2427 2427 2428 2428 2529 2529 2427 2427 2529 2529 2528 2528 2428 2428 2429 2429 2530 2530 2428 2428 2530 2530 2529 2529 2429 2429 2430 2430 2531 2531 2429 2429 2531 2531 2530 2530 2430 2430 2431 2431 2532 2532 2430 2430 2532 2532 2531 2531 2431 2431 2432 2432 2533 2533 2431 2431 2533 2533 2532 2532 2432 2432 2433 2433 2534 2534 2432 2432 2534 2534 2533 2533 2433 2433 2434 2434 2535 2535 2433 2433 2535 2535 2534 2534 2434 2434 2435 2435 2536 2536 2434 2434 2536 2536 2535 2535 2435 2435 2436 2436 2537 2537 2435 2435 2537 2537 2536 2536 2436 2436 2437 2437 2538 2538 2436 2436 2538 2538 2537 2537 2437 2437 2438 2438 2539 2539 2437 2437 2539 2539 2538 2538 2438 2438 2439 2439 2540 2540 2438 2438 2540 2540 2539 2539 2439 2439 2440 2440 2541 2541 2439 2439 2541 2541 2540 2540 2440 2440 2441 2441 2542 2542 2440 2440 2542 2542 2541 2541 2441 2441 2442 2442 2543 2543 2441 2441 2543 2543 2542 2542 2442 2442 2443 2443 2544 2544 2442 2442 2544 2544 2543 2543 2443 2443 2444 2444 2545 2545 2443 2443 2545 2545 2544 2544 2444 2444 2445 2445 2546 2546 2444 2444 2546 2546 2545 2545 2445 2445 2446 2446 2547 2547 2445 2445 2547 2547 2546 2546 2446 2446 2447 2447 2548 2548 2446 2446 2548 2548 2547 2547 2447 2447 2448 2448 2549 2549 2447 2447 2549 2549 2548 2548 2448 2448 2449 2449 2550 2550 2448 2448 2550 2550 2549 2549 2449 2449 2450 2450 2551 2551 2449 2449 2551 2551 2550 2550 2450 2450 2451 2451 2552 2552 2450 2450 2552 2552 2551 2551 2451 2451 2452 2452 2553 2553 2451 2451 2553 2553 2552 2552 2452 2452 2453 2453 2554 2554 2452 2452 2554 2554 2553 2553 2453 2453 2454 2454 2555 2555 2453 2453 2555 2555 2554 2554 2454 2454 2455 2455 2556 2556 2454 2454 2556 2556 2555 2555 2455 2455 2456 2456 2557 2557 2455 2455 2557 2557 2556 2556 2456 2456 2457 2457 2558 2558 2456 2456 2558 2558 2557 2557 2457 2457 2458 2458 2559 2559 2457 2457 2559 2559 2558 2558 2458 2458 2459 2459 2560 2560 2458 2458 2560 2560 2559 2559 2459 2459 2460 2460 2561 2561 2459 2459 2561 2561 2560 2560 2460 2460 2461 2461 2562 2562 2460 2460 2562 2562 2561 2561 2461 2461 2462 2462 2563 2563 2461 2461 2563 2563 2562 2562 2462 2462 2463 2463 2564 2564 2462 2462 2564 2564 2563 2563 2463 2463 2464 2464 2565 2565 2463 2463 2565 2565 2564 2564 2464 2464 2465 2465 2566 2566 2464 2464 2566 2566 2565 2565 2465 2465 2466 2466 2567 2567 2465 2465 2567 2567 2566 2566 2466 2466 2467 2467 2568 2568 2466 2466 2568 2568 2567 2567 2467 2467 2468 2468 2569 2569 2467 2467 2569 2569 2568 2568 2468 2468 2469 2469 2570 2570 2468 2468 2570 2570 2569 2569 2469 2469 2470 2470 2571 2571 2469 2469 2571 2571 2570 2570 2470 2470 2471 2471 2572 2572 2470 2470 2572 2572 2571 2571 2471 2471 2472 2472 2573 2573 2471 2471 2573 2573 2572 2572 2472 2472 2473 2473 2574 2574 2472 2472 2574 2574 2573 2573 2473 2473 2474 2474 2575 2575 2473 2473 2575 2575 2574 2574 2474 2474 2475 2475 2576 2576 2474 2474 2576 2576 2575 2575 2475 2475 2476 2476 2577 2577 2475 2475 2577 2577 2576 2576 2476 2476 2477 2477 2578 2578 2476 2476 2578 2578 2577 2577 2477 2477 2478 2478 2579 2579 2477 2477 2579 2579 2578 2578 2478 2478 2479 2479 2580 2580 2478 2478 2580 2580 2579 2579 2479 2479 2480 2480 2581 2581 2479 2479 2581 2581 2580 2580 2480 2480 2481 2481 2582 2582 2480 2480 2582 2582 2581 2581 2481 2481 2482 2482 2583 2583 2481 2481 2583 2583 2582 2582 2482 2482 2483 2483 2584 2584 2482 2482 2584 2584 2583 2583 2483 2483 2484 2484 2585 2585 2483 2483 2585 2585 2584 2584 2484 2484 2485 2485 2586 2586 2484 2484 2586 2586 2585 2585 2485 2485 2486 2486 2587 2587 2485 2485 2587 2587 2586 2586 2486 2486 2487 2487 2588 2588 2486 2486 2588 2588 2587 2587 2487 2487 2488 2488 2589 2589 2487 2487 2589 2589 2588 2588 2488 2488 2489 2489 2590 2590 2488 2488 2590 2590 2589 2589 2489 2489 2490 2490 2591 2591 2489 2489 2591 2591 2590 2590 2490 2490 2491 2491 2592 2592 2490 2490 2592 2592 2591 2591 2491 2491 2492 2492 2593 2593 2491 2491 2593 2593 2592 2592 2492 2492 2493 2493 2594 2594 2492 2492 2594 2594 2593 2593 2493 2493 2494 2494 2595 2595 2493 2493 2595 2595 2594 2594 2494 2494 2495 2495 2596 2596 2494 2494 2596 2596 2595 2595 2495 2495 2496 2496 2597 2597 2495 2495 2597 2597 2596 2596 2496 2496 2497 2497 2598 2598 2496 2496 2598 2598 2597 2597 2497 2497 2498 2498 2599 2599 2497 2497 2599 2599 2598 2598 2498 2498 2499 2499 2600 2600 2498 2498 2600 2600 2599 2599 2499 2499 2500 2500 2601 2601 2499 2499 2601 2601 2600 2600 2500 2500 2501 2501 2602 2602 2500 2500 2602 2602 2601 2601 2501 2501 2502 2502 2603 2603 2501 2501 2603 2603 2602 2602 2502 2502 2503 2503 2604 2604 2502 2502 2604 2604 2603 2603 2503 2503 2504 2504 2605 2605 2503 2503 2605 2605 2604 2604 2504 2504 2505 2505 2606 2606 2504 2504 2606 2606 2605 2605 2505 2505 2506 2506 2607 2607 2505 2505 2607 2607 2606 2606 2506 2506 2507 2507 2608 2608 2506 2506 2608 2608 2607 2607 2507 2507 2508 2508 2609 2609 2507 2507 2609 2609 2608 2608 2508 2508 2509 2509 2610 2610 2508 2508 2610 2610 2609 2609 2509 2509 2510 2510 2611 2611 2509 2509 2611 2611 2610 2610 2510 2510 2511 2511 2612 2612 2510 2510 2612 2612 2611 2611 2511 2511 2512 2512 2613 2613 2511 2511 2613 2613 2612 2612 2512 2512 2513 2513 2614 2614 2512 2512 2614 2614 2613 2613 2513 2513 2514 2514 2615 2615 2513 2513 2615 2615 2614 2614 2514 2514 2515 2515 2616 2616 2514 2514 2616 2616 2615 2615 2515 2515 2516 2516 2617 2617 2515 2515 2617 2617 2616 2616 2516 2516 2517 2517 2618 2618 2516 2516 2618 2618 2617 2617 2517 2517 2518 2518 2619 2619 2517 2517 2619 2619 2618 2618 2518 2518 2519 2519 2620 2620 2518 2518 2620 2620 2619 2619 2519 2519 2520 2520 2621 2621 2519 2519 2621 2621 2620 2620 2520 2520 2521 2521 2622 2622 2520 2520 2622 2622 2621 2621 2521 2521 2522 2522 2623 2623 2521 2521 2623 2623 2622 2622 2522 2522 2523 2523 2624 2624 2522 2522 2624 2624 2623 2623 2523 2523 2524 2524 2625 2625 2523 2523 2625 2625 2624 2624 2525 2525 2526 2526 2627 2627 2525 2525 2627 2627 2626 2626 2526 2526 2527 2527 2628 2628 2526 2526 2628 2628 2627 2627 2527 2527 2528 2528 2629 2629 2527 2527 2629 2629 2628 2628 2528 2528 2529 2529 2630 2630 2528 2528 2630 2630 2629 2629 2529 2529 2530 2530 2631 2631 2529 2529 2631 2631 2630 2630 2530 2530 2531 2531 2632 2632 2530 2530 2632 2632 2631 2631 2531 2531 2532 2532 2633 2633 2531 2531 2633 2633 2632 2632 2532 2532 2533 2533 2634 2634 2532 2532 2634 2634 2633 2633 2533 2533 2534 2534 2635 2635 2533 2533 2635 2635 2634 2634 2534 2534 2535 2535 2636 2636 2534 2534 2636 2636 2635 2635 2535 2535 2536 2536 2637 2637 2535 2535 2637 2637 2636 2636 2536 2536 2537 2537 2638 2638 2536 2536 2638 2638 2637 2637 2537 2537 2538 2538 2639 2639 2537 2537 2639 2639 2638 2638 2538 2538 2539 2539 2640 2640 2538 2538 2640 2640 2639 2639 2539 2539 2540 2540 2641 2641 2539 2539 2641 2641 2640 2640 2540 2540 2541 2541 2642 2642 2540 2540 2642 2642 2641 2641 2541 2541 2542 2542 2643 2643 2541 2541 2643 2643 2642 2642 2542 2542 2543 2543 2644 2644 2542 2542 2644 2644 2643 2643 2543 2543 2544 2544 2645 2645 2543 2543 2645 2645 2644 2644 2544 2544 2545 2545 2646 2646 2544 2544 2646 2646 2645 2645 2545 2545 2546 2546 2647 2647 2545 2545 2647 2647 2646 2646 2546 2546 2547 2547 2648 2648 2546 2546 2648 2648 2647 2647 2547 2547 2548 2548 2649 2649 2547 2547 2649 2649 2648 2648 2548 2548 2549 2549 2650 2650 2548 2548 2650 2650 2649 2649 2549 2549 2550 2550 2651 2651 2549 2549 2651 2651 2650 2650 2550 2550 2551 2551 2652 2652 2550 2550 2652 2652 2651 2651 2551 2551 2552 2552 2653 2653 2551 2551 2653 2653 2652 2652 2552 2552 2553 2553 2654 2654 2552 2552 2654 2654 2653 2653 2553 2553 2554 2554 2655 2655 2553 2553 2655 2655 2654 2654 2554 2554 2555 2555 2656 2656 2554 2554 2656 2656 2655 2655 2555 2555 2556 2556 2657 2657 2555 2555 2657 2657 2656 2656 2556 2556 2557 2557 2658 2658 2556 2556 2658 2658 2657 2657 2557 2557 2558 2558 2659 2659 2557 2557 2659 2659 2658 2658 2558 2558 2559 2559 2660 2660 2558 2558 2660 2660 2659 2659 2559 2559 2560 2560 2661 2661 2559 2559 2661 2661 2660 2660 2560 2560 2561 2561 2662 2662 2560 2560 2662 2662 2661 2661 2561 2561 2562 2562 2663 2663 2561 2561 2663 2663 2662 2662 2562 2562 2563 2563 2664 2664 2562 2562 2664 2664 2663 2663 2563 2563 2564 2564 2665 2665 2563 2563 2665 2665 2664 2664 2564 2564 2565 2565 2666 2666 2564 2564 2666 2666 2665 2665 2565 2565 2566 2566 2667 2667 2565 2565 2667 2667 2666 2666 2566 2566 2567 2567 2668 2668 2566 2566 2668 2668 2667 2667 2567 2567 2568 2568 2669 2669 2567 2567 2669 2669 2668 2668 2568 2568 2569 2569 2670 2670 2568 2568 2670 2670 2669 2669 2569 2569 2570 2570 2671 2671 2569 2569 2671 2671 2670 2670 2570 2570 2571 2571 2672 2672 2570 2570 2672 2672 2671 2671 2571 2571 2572 2572 2673 2673 2571 2571 2673 2673 2672 2672 2572 2572 2573 2573 2674 2674 2572 2572 2674 2674 2673 2673 2573 2573 2574 2574 2675 2675 2573 2573 2675 2675 2674 2674 2574 2574 2575 2575 2676 2676 2574 2574 2676 2676 2675 2675 2575 2575 2576 2576 2677 2677 2575 2575 2677 2677 2676 2676 2576 2576 2577 2577 2678 2678 2576 2576 2678 2678 2677 2677 2577 2577 2578 2578 2679 2679 2577 2577 2679 2679 2678 2678 2578 2578 2579 2579 2680 2680 2578 2578 2680 2680 2679 2679 2579 2579 2580 2580 2681 2681 2579 2579 2681 2681 2680 2680 2580 2580 2581 2581 2682 2682 2580 2580 2682 2682 2681 2681 2581 2581 2582 2582 2683 2683 2581 2581 2683 2683 2682 2682 2582 2582 2583 2583 2684 2684 2582 2582 2684 2684 2683 2683 2583 2583 2584 2584 2685 2685 2583 2583 2685 2685 2684 2684 2584 2584 2585 2585 2686 2686 2584 2584 2686 2686 2685 2685 2585 2585 2586 2586 2687 2687 2585 2585 2687 2687 2686 2686 2586 2586 2587 2587 2688 2688 2586 2586 2688 2688 2687 2687 2587 2587 2588 2588 2689 2689 2587 2587 2689 2689 2688 2688 2588 2588 2589 2589 2690 2690 2588 2588 2690 2690 2689 2689 2589 2589 2590 2590 2691 2691 2589 2589 2691 2691 2690 2690 2590 2590 2591 2591 2692 2692 2590 2590 2692 2692 2691 2691 2591 2591 2592 2592 2693 2693 2591 2591 2693 2693 2692 2692 2592 2592 2593 2593 2694 2694 2592 2592 2694 2694 2693 2693 2593 2593 2594 2594 2695 2695 2593 2593 2695 2695 2694 2694 2594 2594 2595 2595 2696 2696 2594 2594 2696 2696 2695 2695 2595 2595 2596 2596 2697 2697 2595 2595 2697 2697 2696 2696 2596 2596 2597 2597 2698 2698 2596 2596 2698 2698 2697 2697 2597 2597 2598 2598 2699 2699 2597 2597 2699 2699 2698 2698 2598 2598 2599 2599 2700 2700 2598 2598 2700 2700 2699 2699 2599 2599 2600 2600 2701 2701 2599 2599 2701 2701 2700 2700 2600 2600 2601 2601 2702 2702 2600 2600 2702 2702 2701 2701 2601 2601 2602 2602 2703 2703 2601 2601 2703 2703 2702 2702 2602 2602 2603 2603 2704 2704 2602 2602 2704 2704 2703 2703 2603 2603 2604 2604 2705 2705 2603 2603 2705 2705 2704 2704 2604 2604 2605 2605 2706 2706 2604 2604 2706 2706 2705 2705 2605 2605 2606 2606 2707 2707 2605 2605 2707 2707 2706 2706 2606 2606 2607 2607 2708 2708 2606 2606 2708 2708 2707 2707 2607 2607 2608 2608 2709 2709 2607 2607 2709 2709 2708 2708 2608 2608 2609 2609 2710 2710 2608 2608 2710 2710 2709 2709 2609 2609 2610 2610 2711 2711 2609 2609 2711 2711 2710 2710 2610 2610 2611 2611 2712 2712 2610 2610 2712 2712 2711 2711 2611 2611 2612 2612 2713 2713 2611 2611 2713 2713 2712 2712 2612 2612 2613 2613 2714 2714 2612 2612 2714 2714 2713 2713 2613 2613 2614 2614 2715 2715 2613 2613 2715 2715 2714 2714 2614 2614 2615 2615 2716 2716 2614 2614 2716 2716 2715 2715 2615 2615 2616 2616 2717 2717 2615 2615 2717 2717 2716 2716 2616 2616 2617 2617 2718 2718 2616 2616 2718 2718 2717 2717 2617 2617 2618 2618 2719 2719 2617 2617 2719 2719 2718 2718 2618 2618 2619 2619 2720 2720 2618 2618 2720 2720 2719 2719 2619 2619 2620 2620 2721 2721 2619 2619 2721 2721 2720 2720 2620 2620 2621 2621 2722 2722 2620 2620 2722 2722 2721 2721 2621 2621 2622 2622 2723 2723 2621 2621 2723 2723 2722 2722 2622 2622 2623 2623 2724 2724 2622 2622 2724 2724 2723 2723 2623 2623 2624 2624 2725 2725 2623 2623 2725 2725 2724 2724 2624 2624 2625 2625 2726 2726 2624 2624 2726 2726 2725 2725 2626 2626 2627 2627 2728 2728 2626 2626 2728 2728 2727 2727 2627 2627 2628 2628 2729 2729 2627 2627 2729 2729 2728 2728 2628 2628 2629 2629 2730 2730 2628 2628 2730 2730 2729 2729 2629 2629 2630 2630 2731 2731 2629 2629 2731 2731 2730 2730 2630 2630 2631 2631 2732 2732 2630 2630 2732 2732 2731 2731 2631 2631 2632 2632 2733 2733 2631 2631 2733 2733 2732 2732 2632 2632 2633 2633 2734 2734 2632 2632 2734 2734 2733 2733 2633 2633 2634 2634 2735 2735 2633 2633 2735 2735 2734 2734 2634 2634 2635 2635 2736 2736 2634 2634 2736 2736 2735 2735 2635 2635 2636 2636 2737 2737 2635 2635 2737 2737 2736 2736 2636 2636 2637 2637 2738 2738 2636 2636 2738 2738 2737 2737 2637 2637 2638 2638 2739 2739 2637 2637 2739 2739 2738 2738 2638 2638 2639 2639 2740 2740 2638 2638 2740 2740 2739 2739 2639 2639 2640 2640 2741 2741 2639 2639 2741 2741 2740 2740 2640 2640 2641 2641 2742 2742 2640 2640 2742 2742 2741 2741 2641 2641 2642 2642 2743 2743 2641 2641 2743 2743 2742 2742 2642 2642 2643 2643 2744 2744 2642 2642 2744 2744 2743 2743 2643 2643 2644 2644 2745 2745 2643 2643 2745 2745 2744 2744 2644 2644 2645 2645 2746 2746 2644 2644 2746 2746 2745 2745 2645 2645 2646 2646 2747 2747 2645 2645 2747 2747 2746 2746 2646 2646 2647 2647 2748 2748 2646 2646 2748 2748 2747 2747 2647 2647 2648 2648 2749 2749 2647 2647 2749 2749 2748 2748 2648 2648 2649 2649 2750 2750 2648 2648 2750 2750 2749 2749 2649 2649 2650 2650 2751 2751 2649 2649 2751 2751 2750 2750 2650 2650 2651 2651 2752 2752 2650 2650 2752 2752 2751 2751 2651 2651 2652 2652 2753 2753 2651 2651 2753 2753 2752 2752 2652 2652 2653 2653 2754 2754 2652 2652 2754 2754 2753 2753 2653 2653 2654 2654 2755 2755 2653 2653 2755 2755 2754 2754 2654 2654 2655 2655 2756 2756 2654 2654 2756 2756 2755 2755 2655 2655 2656 2656 2757 2757 2655 2655 2757 2757 2756 2756 2656 2656 2657 2657 2758 2758 2656 2656 2758 2758 2757 2757 2657 2657 2658 2658 2759 2759 2657 2657 2759 2759 2758 2758 2658 2658 2659 2659 2760 2760 2658 2658 2760 2760 2759 2759 2659 2659 2660 2660 2761 2761 2659 2659 2761 2761 2760 2760 2660 2660 2661 2661 2762 2762 2660 2660 2762 2762 2761 2761 2661 2661 2662 2662 2763 2763 2661 2661 2763 2763 2762 2762 2662 2662 2663 2663 2764 2764 2662 2662 2764 2764 2763 2763 2663 2663 2664 2664 2765 2765 2663 2663 2765 2765 2764 2764 2664 2664 2665 2665 2766 2766 2664 2664 2766 2766 2765 2765 2665 2665 2666 2666 2767 2767 2665 2665 2767 2767 2766 2766 2666 2666 2667 2667 2768 2768 2666 2666 2768 2768 2767 2767 2667 2667 2668 2668 2769 2769 2667 2667 2769 2769 2768 2768 2668 2668 2669 2669 2770 2770 2668 2668 2770 2770 2769 2769 2669 2669 2670 2670 2771 2771 2669 2669 2771 2771 2770 2770 2670 2670 2671 2671 2772 2772 2670 2670 2772 2772 2771 2771 2671 2671 2672 2672 2773 2773 2671 2671 2773 2773 2772 2772 2672 2672 2673 2673 2774 2774 2672 2672 2774 2774 2773 2773 2673 2673 2674 2674 2775 2775 2673 2673 2775 2775 2774 2774 2674 2674 2675 2675 2776 2776 2674 2674 2776 2776 2775 2775 2675 2675 2676 2676 2777 2777 2675 2675 2777 2777 2776 2776 2676 2676 2677 2677 2778 2778 2676 2676 2778 2778 2777 2777 2677 2677 2678 2678 2779 2779 2677 2677 2779 2779 2778 2778 2678 2678 2679 2679 2780 2780 2678 2678 2780 2780 2779 2779 2679 2679 2680 2680 2781 2781 2679 2679 2781 2781 2780 2780 2680 2680 2681 2681 2782 2782 2680 2680 2782 2782 2781 2781 2681 2681 2682 2682 2783 2783 2681 2681 2783 2783 2782 2782 2682 2682 2683 2683 2784 2784 2682 2682 2784 2784 2783 2783 2683 2683 2684 2684 2785 2785 2683 2683 2785 2785 2784 2784 2684 2684 2685 2685 2786 2786 2684 2684 2786 2786 2785 2785 2685 2685 2686 2686 2787 2787 2685 2685 2787 2787 2786 2786 2686 2686 2687 2687 2788 2788 2686 2686 2788 2788 2787 2787 2687 2687 2688 2688 2789 2789 2687 2687 2789 2789 2788 2788 2688 2688 2689 2689 2790 2790 2688 2688 2790 2790 2789 2789 2689 2689 2690 2690 2791 2791 2689 2689 2791 2791 2790 2790 2690 2690 2691 2691 2792 2792 2690 2690 2792 2792 2791 2791 2691 2691 2692 2692 2793 2793 2691 2691 2793 2793 2792 2792 2692 2692 2693 2693 2794 2794 2692 2692 2794 2794 2793 2793 2693 2693 2694 2694 2795 2795 2693 2693 2795 2795 2794 2794 2694 2694 2695 2695 2796 2796 2694 2694 2796 2796 2795 2795 2695 2695 2696 2696 2797 2797 2695 2695 2797 2797 2796 2796 2696 2696 2697 2697 2798 2798 2696 2696 2798 2798 2797 2797 2697 2697 2698 2698 2799 2799 2697 2697 2799 2799 2798 2798 2698 2698 2699 2699 2800 2800 2698 2698 2800 2800 2799 2799 2699 2699 2700 2700 2801 2801 2699 2699 2801 2801 2800 2800 2700 2700 2701 2701 2802 2802 2700 2700 2802 2802 2801 2801 2701 2701 2702 2702 2803 2803 2701 2701 2803 2803 2802 2802 2702 2702 2703 2703 2804 2804 2702 2702 2804 2804 2803 2803 2703 2703 2704 2704 2805 2805 2703 2703 2805 2805 2804 2804 2704 2704 2705 2705 2806 2806 2704 2704 2806 2806 2805 2805 2705 2705 2706 2706 2807 2807 2705 2705 2807 2807 2806 2806 2706 2706 2707 2707 2808 2808 2706 2706 2808 2808 2807 2807 2707 2707 2708 2708 2809 2809 2707 2707 2809 2809 2808 2808 2708 2708 2709 2709 2810 2810 2708 2708 2810 2810 2809 2809 2709 2709 2710 2710 2811 2811 2709 2709 2811 2811 2810 2810 2710 2710 2711 2711 2812 2812 2710 2710 2812 2812 2811 2811 2711 2711 2712 2712 2813 2813 2711 2711 2813 2813 2812 2812 2712 2712 2713 2713 2814 2814 2712 2712 2814 2814 2813 2813 2713 2713 2714 2714 2815 2815 2713 2713 2815 2815 2814 2814 2714 2714 2715 2715 2816 2816 2714 2714 2816 2816 2815 2815 2715 2715 2716 2716 2817 2817 2715 2715 2817 2817 2816 2816 2716 2716 2717 2717 2818 2818 2716 2716 2818 2818 2817 2817 2717 2717 2718 2718 2819 2819 2717 2717 2819 2819 2818 2818 2718 2718 2719 2719 2820 2820 2718 2718 2820 2820 2819 2819 2719 2719 2720 2720 2821 2821 2719 2719 2821 2821 2820 2820 2720 2720 2721 2721 2822 2822 2720 2720 2822 2822 2821 2821 2721 2721 2722 2722 2823 2823 2721 2721 2823 2823 2822 2822 2722 2722 2723 2723 2824 2824 2722 2722 2824 2824 2823 2823 2723 2723 2724 2724 2825 2825 2723 2723 2825 2825 2824 2824 2724 2724 2725 2725 2826 2826 2724 2724 2826 2826 2825 2825 2725 2725 2726 2726 2827 2827 2725 2725 2827 2827 2826 2826 2727 2727 2728 2728 2829 2829 2727 2727 2829 2829 2828 2828 2728 2728 2729 2729 2830 2830 2728 2728 2830 2830 2829 2829 2729 2729 2730 2730 2831 2831 2729 2729 2831 2831 2830 2830 2730 2730 2731 2731 2832 2832 2730 2730 2832 2832 2831 2831 2731 2731 2732 2732 2833 2833 2731 2731 2833 2833 2832 2832 2732 2732 2733 2733 2834 2834 2732 2732 2834 2834 2833 2833 2733 2733 2734 2734 2835 2835 2733 2733 2835 2835 2834 2834 2734 2734 2735 2735 2836 2836 2734 2734 2836 2836 2835 2835 2735 2735 2736 2736 2837 2837 2735 2735 2837 2837 2836 2836 2736 2736 2737 2737 2838 2838 2736 2736 2838 2838 2837 2837 2737 2737 2738 2738 2839 2839 2737 2737 2839 2839 2838 2838 2738 2738 2739 2739 2840 2840 2738 2738 2840 2840 2839 2839 2739 2739 2740 2740 2841 2841 2739 2739 2841 2841 2840 2840 2740 2740 2741 2741 2842 2842 2740 2740 2842 2842 2841 2841 2741 2741 2742 2742 2843 2843 2741 2741 2843 2843 2842 2842 2742 2742 2743 2743 2844 2844 2742 2742 2844 2844 2843 2843 2743 2743 2744 2744 2845 2845 2743 2743 2845 2845 2844 2844 2744 2744 2745 2745 2846 2846 2744 2744 2846 2846 2845 2845 2745 2745 2746 2746 2847 2847 2745 2745 2847 2847 2846 2846 2746 2746 2747 2747 2848 2848 2746 2746 2848 2848 2847 2847 2747 2747 2748 2748 2849 2849 2747 2747 2849 2849 2848 2848 2748 2748 2749 2749 2850 2850 2748 2748 2850 2850 2849 2849 2749 2749 2750 2750 2851 2851 2749 2749 2851 2851 2850 2850 2750 2750 2751 2751 2852 2852 2750 2750 2852 2852 2851 2851 2751 2751 2752 2752 2853 2853 2751 2751 2853 2853 2852 2852 2752 2752 2753 2753 2854 2854 2752 2752 2854 2854 2853 2853 2753 2753 2754 2754 2855 2855 2753 2753 2855 2855 2854 2854 2754 2754 2755 2755 2856 2856 2754 2754 2856 2856 2855 2855 2755 2755 2756 2756 2857 2857 2755 2755 2857 2857 2856 2856 2756 2756 2757 2757 2858 2858 2756 2756 2858 2858 2857 2857 2757 2757 2758 2758 2859 2859 2757 2757 2859 2859 2858 2858 2758 2758 2759 2759 2860 2860 2758 2758 2860 2860 2859 2859 2759 2759 2760 2760 2861 2861 2759 2759 2861 2861 2860 2860 2760 2760 2761 2761 2862 2862 2760 2760 2862 2862 2861 2861 2761 2761 2762 2762 2863 2863 2761 2761 2863 2863 2862 2862 2762 2762 2763 2763 2864 2864 2762 2762 2864 2864 2863 2863 2763 2763 2764 2764 2865 2865 2763 2763 2865 2865 2864 2864 2764 2764 2765 2765 2866 2866 2764 2764 2866 2866 2865 2865 2765 2765 2766 2766 2867 2867 2765 2765 2867 2867 2866 2866 2766 2766 2767 2767 2868 2868 2766 2766 2868 2868 2867 2867 2767 2767 2768 2768 2869 2869 2767 2767 2869 2869 2868 2868 2768 2768 2769 2769 2870 2870 2768 2768 2870 2870 2869 2869 2769 2769 2770 2770 2871 2871 2769 2769 2871 2871 2870 2870 2770 2770 2771 2771 2872 2872 2770 2770 2872 2872 2871 2871 2771 2771 2772 2772 2873 2873 2771 2771 2873 2873 2872 2872 2772 2772 2773 2773 2874 2874 2772 2772 2874 2874 2873 2873 2773 2773 2774 2774 2875 2875 2773 2773 2875 2875 2874 2874 2774 2774 2775 2775 2876 2876 2774 2774 2876 2876 2875 2875 2775 2775 2776 2776 2877 2877 2775 2775 2877 2877 2876 2876 2776 2776 2777 2777 2878 2878 2776 2776 2878 2878 2877 2877 2777 2777 2778 2778 2879 2879 2777 2777 2879 2879 2878 2878 2778 2778 2779 2779 2880 2880 2778 2778 2880 2880 2879 2879 2779 2779 2780 2780 2881 2881 2779 2779 2881 2881 2880 2880 2780 2780 2781 2781 2882 2882 2780 2780 2882 2882 2881 2881 2781 2781 2782 2782 2883 2883 2781 2781 2883 2883 2882 2882 2782 2782 2783 2783 2884 2884 2782 2782 2884 2884 2883 2883 2783 2783 2784 2784 2885 2885 2783 2783 2885 2885 2884 2884 2784 2784 2785 2785 2886 2886 2784 2784 2886 2886 2885 2885 2785 2785 2786 2786 2887 2887 2785 2785 2887 2887 2886 2886 2786 2786 2787 2787 2888 2888 2786 2786 2888 2888 2887 2887 2787 2787 2788 2788 2889 2889 2787 2787 2889 2889 2888 2888 2788 2788 2789 2789 2890 2890 2788 2788 2890 2890 2889 2889 2789 2789 2790 2790 2891 2891 2789 2789 2891 2891 2890 2890 2790 2790 2791 2791 2892 2892 2790 2790 2892 2892 2891 2891 2791 2791 2792 2792 2893 2893 2791 2791 2893 2893 2892 2892 2792 2792 2793 2793 2894 2894 2792 2792 2894 2894 2893 2893 2793 2793 2794 2794 2895 2895 2793 2793 2895 2895 2894 2894 2794 2794 2795 2795 2896 2896 2794 2794 2896 2896 2895 2895 2795 2795 2796 2796 2897 2897 2795 2795 2897 2897 2896 2896 2796 2796 2797 2797 2898 2898 2796 2796 2898 2898 2897 2897 2797 2797 2798 2798 2899 2899 2797 2797 2899 2899 2898 2898 2798 2798 2799 2799 2900 2900 2798 2798 2900 2900 2899 2899 2799 2799 2800 2800 2901 2901 2799 2799 2901 2901 2900 2900 2800 2800 2801 2801 2902 2902 2800 2800 2902 2902 2901 2901 2801 2801 2802 2802 2903 2903 2801 2801 2903 2903 2902 2902 2802 2802 2803 2803 2904 2904 2802 2802 2904 2904 2903 2903 2803 2803 2804 2804 2905 2905 2803 2803 2905 2905 2904 2904 2804 2804 2805 2805 2906 2906 2804 2804 2906 2906 2905 2905 2805 2805 2806 2806 2907 2907 2805 2805 2907 2907 2906 2906 2806 2806 2807 2807 2908 2908 2806 2806 2908 2908 2907 2907 2807 2807 2808 2808 2909 2909 2807 2807 2909 2909 2908 2908 2808 2808 2809 2809 2910 2910 2808 2808 2910 2910 2909 2909 2809 2809 2810 2810 2911 2911 2809 2809 2911 2911 2910 2910 2810 2810 2811 2811 2912 2912 2810 2810 2912 2912 2911 2911 2811 2811 2812 2812 2913 2913 2811 2811 2913 2913 2912 2912 2812 2812 2813 2813 2914 2914 2812 2812 2914 2914 2913 2913 2813 2813 2814 2814 2915 2915 2813 2813 2915 2915 2914 2914 2814 2814 2815 2815 2916 2916 2814 2814 2916 2916 2915 2915 2815 2815 2816 2816 2917 2917 2815 2815 2917 2917 2916 2916 2816 2816 2817 2817 2918 2918 2816 2816 2918 2918 2917 2917 2817 2817 2818 2818 2919 2919 2817 2817 2919 2919 2918 2918 2818 2818 2819 2819 2920 2920 2818 2818 2920 2920 2919 2919 2819 2819 2820 2820 2921 2921 2819 2819 2921 2921 2920 2920 2820 2820 2821 2821 2922 2922 2820 2820 2922 2922 2921 2921 2821 2821 2822 2822 2923 2923 2821 2821 2923 2923 2922 2922 2822 2822 2823 2823 2924 2924 2822 2822 2924 2924 2923 2923 2823 2823 2824 2824 2925 2925 2823 2823 2925 2925 2924 2924 2824 2824 2825 2825 2926 2926 2824 2824 2926 2926 2925 2925 2825 2825 2826 2826 2927 2927 2825 2825 2927 2927 2926 2926 2826 2826 2827 2827 2928 2928 2826 2826 2928 2928 2927 2927 2828 2828 2829 2829 2930 2930 2828 2828 2930 2930 2929 2929 2829 2829 2830 2830 2931 2931 2829 2829 2931 2931 2930 2930 2830 2830 2831 2831 2932 2932 2830 2830 2932 2932 2931 2931 2831 2831 2832 2832 2933 2933 2831 2831 2933 2933 2932 2932 2832 2832 2833 2833 2934 2934 2832 2832 2934 2934 2933 2933 2833 2833 2834 2834 2935 2935 2833 2833 2935 2935 2934 2934 2834 2834 2835 2835 2936 2936 2834 2834 2936 2936 2935 2935 2835 2835 2836 2836 2937 2937 2835 2835 2937 2937 2936 2936 2836 2836 2837 2837 2938 2938 2836 2836 2938 2938 2937 2937 2837 2837 2838 2838 2939 2939 2837 2837 2939 2939 2938 2938 2838 2838 2839 2839 2940 2940 2838 2838 2940 2940 2939 2939 2839 2839 2840 2840 2941 2941 2839 2839 2941 2941 2940 2940 2840 2840 2841 2841 2942 2942 2840 2840 2942 2942 2941 2941 2841 2841 2842 2842 2943 2943 2841 2841 2943 2943 2942 2942 2842 2842 2843 2843 2944 2944 2842 2842 2944 2944 2943 2943 2843 2843 2844 2844 2945 2945 2843 2843 2945 2945 2944 2944 2844 2844 2845 2845 2946 2946 2844 2844 2946 2946 2945 2945 2845 2845 2846 2846 2947 2947 2845 2845 2947 2947 2946 2946 2846 2846 2847 2847 2948 2948 2846 2846 2948 2948 2947 2947 2847 2847 2848 2848 2949 2949 2847 2847 2949 2949 2948 2948 2848 2848 2849 2849 2950 2950 2848 2848 2950 2950 2949 2949 2849 2849 2850 2850 2951 2951 2849 2849 2951 2951 2950 2950 2850 2850 2851 2851 2952 2952 2850 2850 2952 2952 2951 2951 2851 2851 2852 2852 2953 2953 2851 2851 2953 2953 2952 2952 2852 2852 2853 2853 2954 2954 2852 2852 2954 2954 2953 2953 2853 2853 2854 2854 2955 2955 2853 2853 2955 2955 2954 2954 2854 2854 2855 2855 2956 2956 2854 2854 2956 2956 2955 2955 2855 2855 2856 2856 2957 2957 2855 2855 2957 2957 2956 2956 2856 2856 2857 2857 2958 2958 2856 2856 2958 2958 2957 2957 2857 2857 2858 2858 2959 2959 2857 2857 2959 2959 2958 2958 2858 2858 2859 2859 2960 2960 2858 2858 2960 2960 2959 2959 2859 2859 2860 2860 2961 2961 2859 2859 2961 2961 2960 2960 2860 2860 2861 2861 2962 2962 2860 2860 2962 2962 2961 2961 2861 2861 2862 2862 2963 2963 2861 2861 2963 2963 2962 2962 2862 2862 2863 2863 2964 2964 2862 2862 2964 2964 2963 2963 2863 2863 2864 2864 2965 2965 2863 2863 2965 2965 2964 2964 2864 2864 2865 2865 2966 2966 2864 2864 2966 2966 2965 2965 2865 2865 2866 2866 2967 2967 2865 2865 2967 2967 2966 2966 2866 2866 2867 2867 2968 2968 2866 2866 2968 2968 2967 2967 2867 2867 2868 2868 2969 2969 2867 2867 2969 2969 2968 2968 2868 2868 2869 2869 2970 2970 2868 2868 2970 2970 2969 2969 2869 2869 2870 2870 2971 2971 2869 2869 2971 2971 2970 2970 2870 2870 2871 2871 2972 2972 2870 2870 2972 2972 2971 2971 2871 2871 2872 2872 2973 2973 2871 2871 2973 2973 2972 2972 2872 2872 2873 2873 2974 2974 2872 2872 2974 2974 2973 2973 2873 2873 2874 2874 2975 2975 2873 2873 2975 2975 2974 2974 2874 2874 2875 2875 2976 2976 2874 2874 2976 2976 2975 2975 2875 2875 2876 2876 2977 2977 2875 2875 2977 2977 2976 2976 2876 2876 2877 2877 2978 2978 2876 2876 2978 2978 2977 2977 2877 2877 2878 2878 2979 2979 2877 2877 2979 2979 2978 2978 2878 2878 2879 2879 2980 2980 2878 2878 2980 2980 2979 2979 2879 2879 2880 2880 2981 2981 2879 2879 2981 2981 2980 2980 2880 2880 2881 2881 2982 2982 2880 2880 2982 2982 2981 2981 2881 2881 2882 2882 2983 2983 2881 2881 2983 2983 2982 2982 2882 2882 2883 2883 2984 2984 2882 2882 2984 2984 2983 2983 2883 2883 2884 2884 2985 2985 2883 2883 2985 2985 2984 2984 2884 2884 2885 2885 2986 2986 2884 2884 2986 2986 2985 2985 2885 2885 2886 2886 2987 2987 2885 2885 2987 2987 2986 2986 2886 2886 2887 2887 2988 2988 2886 2886 2988 2988 2987 2987 2887 2887 2888 2888 2989 2989 2887 2887 2989 2989 2988 2988 2888 2888 2889 2889 2990 2990 2888 2888 2990 2990 2989 2989 2889 2889 2890 2890 2991 2991 2889 2889 2991 2991 2990 2990 2890 2890 2891 2891 2992 2992 2890 2890 2992 2992 2991 2991 2891 2891 2892 2892 2993 2993 2891 2891 2993 2993 2992 2992 2892 2892 2893 2893 2994 2994 2892 2892 2994 2994 2993 2993 2893 2893 2894 2894 2995 2995 2893 2893 2995 2995 2994 2994 2894 2894 2895 2895 2996 2996 2894 2894 2996 2996 2995 2995 2895 2895 2896 2896 2997 2997 2895 2895 2997 2997 2996 2996 2896 2896 2897 2897 2998 2998 2896 2896 2998 2998 2997 2997 2897 2897 2898 2898 2999 2999 2897 2897 2999 2999 2998 2998 2898 2898 2899 2899 3000 3000 2898 2898 3000 3000 2999 2999 2899 2899 2900 2900 3001 3001 2899 2899 3001 3001 3000 3000 2900 2900 2901 2901 3002 3002 2900 2900 3002 3002 3001 3001 2901 2901 2902 2902 3003 3003 2901 2901 3003 3003 3002 3002 2902 2902 2903 2903 3004 3004 2902 2902 3004 3004 3003 3003 2903 2903 2904 2904 3005 3005 2903 2903 3005 3005 3004 3004 2904 2904 2905 2905 3006 3006 2904 2904 3006 3006 3005 3005 2905 2905 2906 2906 3007 3007 2905 2905 3007 3007 3006 3006 2906 2906 2907 2907 3008 3008 2906 2906 3008 3008 3007 3007 2907 2907 2908 2908 3009 3009 2907 2907 3009 3009 3008 3008 2908 2908 2909 2909 3010 3010 2908 2908 3010 3010 3009 3009 2909 2909 2910 2910 3011 3011 2909 2909 3011 3011 3010 3010 2910 2910 2911 2911 3012 3012 2910 2910 3012 3012 3011 3011 2911 2911 2912 2912 3013 3013 2911 2911 3013 3013 3012 3012 2912 2912 2913 2913 3014 3014 2912 2912 3014 3014 3013 3013 2913 2913 2914 2914 3015 3015 2913 2913 3015 3015 3014 3014 2914 2914 2915 2915 3016 3016 2914 2914 3016 3016 3015 3015 2915 2915 2916 2916 3017 3017 2915 2915 3017 3017 3016 3016 2916 2916 2917 2917 3018 3018 2916 2916 3018 3018 3017 3017 2917 2917 2918 2918 3019 3019 2917 2917 3019 3019 3018 3018 2918 2918 2919 2919 3020 3020 2918 2918 3020 3020 3019 3019 2919 2919 2920 2920 3021 3021 2919 2919 3021 3021 3020 3020 2920 2920 2921 2921 3022 3022 2920 2920 3022 3022 3021 3021 2921 2921 2922 2922 3023 3023 2921 2921 3023 3023 3022 3022 2922 2922 2923 2923 3024 3024 2922 2922 3024 3024 3023 3023 2923 2923 2924 2924 3025 3025 2923 2923 3025 3025 3024 3024 2924 2924 2925 2925 3026 3026 2924 2924 3026 3026 3025 3025 2925 2925 2926 2926 3027 3027 2925 2925 3027 3027 3026 3026 2926 2926 2927 2927 3028 3028 2926 2926 3028 3028 3027 3027 2927 2927 2928 2928 3029 3029 2927 2927 3029 3029 3028 3028 2929 2929 2930 2930 3031 3031 2929 2929 3031 3031 3030 3030 2930 2930 2931 2931 3032 3032 2930 2930 3032 3032 3031 3031 2931 2931 2932 2932 3033 3033 2931 2931 3033 3033 3032 3032 2932 2932 2933 2933 3034 3034 2932 2932 3034 3034 3033 3033 2933 2933 2934 2934 3035 3035 2933 2933 3035 3035 3034 3034 2934 2934 2935 2935 3036 3036 2934 2934 3036 3036 3035 3035 2935 2935 2936 2936 3037 3037 2935 2935 3037 3037 3036 3036 2936 2936 2937 2937 3038 3038 2936 2936 3038 3038 3037 3037 2937 2937 2938 2938 3039 3039 2937 2937 3039 3039 3038 3038 2938 2938 2939 2939 3040 3040 2938 2938 3040 3040 3039 3039 2939 2939 2940 2940 3041 3041 2939 2939 3041 3041 3040 3040 2940 2940 2941 2941 3042 3042 2940 2940 3042 3042 3041 3041 2941 2941 2942 2942 3043 3043 2941 2941 3043 3043 3042 3042 2942 2942 2943 2943 3044 3044 2942 2942 3044 3044 3043 3043 2943 2943 2944 2944 3045 3045 2943 2943 3045 3045 3044 3044 2944 2944 2945 2945 3046 3046 2944 2944 3046 3046 3045 3045 2945 2945 2946 2946 3047 3047 2945 2945 3047 3047 3046 3046 2946 2946 2947 2947 3048 3048 2946 2946 3048 3048 3047 3047 2947 2947 2948 2948 3049 3049 2947 2947 3049 3049 3048 3048 2948 2948 2949 2949 3050 3050 2948 2948 3050 3050 3049 3049 2949 2949 2950 2950 3051 3051 2949 2949 3051 3051 3050 3050 2950 2950 2951 2951 3052 3052 2950 2950 3052 3052 3051 3051 2951 2951 2952 2952 3053 3053 2951 2951 3053 3053 3052 3052 2952 2952 2953 2953 3054 3054 2952 2952 3054 3054 3053 3053 2953 2953 2954 2954 3055 3055 2953 2953 3055 3055 3054 3054 2954 2954 2955 2955 3056 3056 2954 2954 3056 3056 3055 3055 2955 2955 2956 2956 3057 3057 2955 2955 3057 3057 3056 3056 2956 2956 2957 2957 3058 3058 2956 2956 3058 3058 3057 3057 2957 2957 2958 2958 3059 3059 2957 2957 3059 3059 3058 3058 2958 2958 2959 2959 3060 3060 2958 2958 3060 3060 3059 3059 2959 2959 2960 2960 3061 3061 2959 2959 3061 3061 3060 3060 2960 2960 2961 2961 3062 3062 2960 2960 3062 3062 3061 3061 2961 2961 2962 2962 3063 3063 2961 2961 3063 3063 3062 3062 2962 2962 2963 2963 3064 3064 2962 2962 3064 3064 3063 3063 2963 2963 2964 2964 3065 3065 2963 2963 3065 3065 3064 3064 2964 2964 2965 2965 3066 3066 2964 2964 3066 3066 3065 3065 2965 2965 2966 2966 3067 3067 2965 2965 3067 3067 3066 3066 2966 2966 2967 2967 3068 3068 2966 2966 3068 3068 3067 3067 2967 2967 2968 2968 3069 3069 2967 2967 3069 3069 3068 3068 2968 2968 2969 2969 3070 3070 2968 2968 3070 3070 3069 3069 2969 2969 2970 2970 3071 3071 2969 2969 3071 3071 3070 3070 2970 2970 2971 2971 3072 3072 2970 2970 3072 3072 3071 3071 2971 2971 2972 2972 3073 3073 2971 2971 3073 3073 3072 3072 2972 2972 2973 2973 3074 3074 2972 2972 3074 3074 3073 3073 2973 2973 2974 2974 3075 3075 2973 2973 3075 3075 3074 3074 2974 2974 2975 2975 3076 3076 2974 2974 3076 3076 3075 3075 2975 2975 2976 2976 3077 3077 2975 2975 3077 3077 3076 3076 2976 2976 2977 2977 3078 3078 2976 2976 3078 3078 3077 3077 2977 2977 2978 2978 3079 3079 2977 2977 3079 3079 3078 3078 2978 2978 2979 2979 3080 3080 2978 2978 3080 3080 3079 3079 2979 2979 2980 2980 3081 3081 2979 2979 3081 3081 3080 3080 2980 2980 2981 2981 3082 3082 2980 2980 3082 3082 3081 3081 2981 2981 2982 2982 3083 3083 2981 2981 3083 3083 3082 3082 2982 2982 2983 2983 3084 3084 2982 2982 3084 3084 3083 3083 2983 2983 2984 2984 3085 3085 2983 2983 3085 3085 3084 3084 2984 2984 2985 2985 3086 3086 2984 2984 3086 3086 3085 3085 2985 2985 2986 2986 3087 3087 2985 2985 3087 3087 3086 3086 2986 2986 2987 2987 3088 3088 2986 2986 3088 3088 3087 3087 2987 2987 2988 2988 3089 3089 2987 2987 3089 3089 3088 3088 2988 2988 2989 2989 3090 3090 2988 2988 3090 3090 3089 3089 2989 2989 2990 2990 3091 3091 2989 2989 3091 3091 3090 3090 2990 2990 2991 2991 3092 3092 2990 2990 3092 3092 3091 3091 2991 2991 2992 2992 3093 3093 2991 2991 3093 3093 3092 3092 2992 2992 2993 2993 3094 3094 2992 2992 3094 3094 3093 3093 2993 2993 2994 2994 3095 3095 2993 2993 3095 3095 3094 3094 2994 2994 2995 2995 3096 3096 2994 2994 3096 3096 3095 3095 2995 2995 2996 2996 3097 3097 2995 2995 3097 3097 3096 3096 2996 2996 2997 2997 3098 3098 2996 2996 3098 3098 3097 3097 2997 2997 2998 2998 3099 3099 2997 2997 3099 3099 3098 3098 2998 2998 2999 2999 3100 3100 2998 2998 3100 3100 3099 3099 2999 2999 3000 3000 3101 3101 2999 2999 3101 3101 3100 3100 3000 3000 3001 3001 3102 3102 3000 3000 3102 3102 3101 3101 3001 3001 3002 3002 3103 3103 3001 3001 3103 3103 3102 3102 3002 3002 3003 3003 3104 3104 3002 3002 3104 3104 3103 3103 3003 3003 3004 3004 3105 3105 3003 3003 3105 3105 3104 3104 3004 3004 3005 3005 3106 3106 3004 3004 3106 3106 3105 3105 3005 3005 3006 3006 3107 3107 3005 3005 3107 3107 3106 3106 3006 3006 3007 3007 3108 3108 3006 3006 3108 3108 3107 3107 3007 3007 3008 3008 3109 3109 3007 3007 3109 3109 3108 3108 3008 3008 3009 3009 3110 3110 3008 3008 3110 3110 3109 3109 3009 3009 3010 3010 3111 3111 3009 3009 3111 3111 3110 3110 3010 3010 3011 3011 3112 3112 3010 3010 3112 3112 3111 3111 3011 3011 3012 3012 3113 3113 3011 3011 3113 3113 3112 3112 3012 3012 3013 3013 3114 3114 3012 3012 3114 3114 3113 3113 3013 3013 3014 3014 3115 3115 3013 3013 3115 3115 3114 3114 3014 3014 3015 3015 3116 3116 3014 3014 3116 3116 3115 3115 3015 3015 3016 3016 3117 3117 3015 3015 3117 3117 3116 3116 3016 3016 3017 3017 3118 3118 3016 3016 3118 3118 3117 3117 3017 3017 3018 3018 3119 3119 3017 3017 3119 3119 3118 3118 3018 3018 3019 3019 3120 3120 3018 3018 3120 3120 3119 3119 3019 3019 3020 3020 3121 3121 3019 3019 3121 3121 3120 3120 3020 3020 3021 3021 3122 3122 3020 3020 3122 3122 3121 3121 3021 3021 3022 3022 3123 3123 3021 3021 3123 3123 3122 3122 3022 3022 3023 3023 3124 3124 3022 3022 3124 3124 3123 3123 3023 3023 3024 3024 3125 3125 3023 3023 3125 3125 3124 3124 3024 3024 3025 3025 3126 3126 3024 3024 3126 3126 3125 3125 3025 3025 3026 3026 3127 3127 3025 3025 3127 3127 3126 3126 3026 3026 3027 3027 3128 3128 3026 3026 3128 3128 3127 3127 3027 3027 3028 3028 3129 3129 3027 3027 3129 3129 3128 3128 3028 3028 3029 3029 3130 3130 3028 3028 3130 3130 3129 3129 3030 3030 3031 3031 3132 3132 3030 3030 3132 3132 3131 3131 3031 3031 3032 3032 3133 3133 3031 3031 3133 3133 3132 3132 3032 3032 3033 3033 3134 3134 3032 3032 3134 3134 3133 3133 3033 3033 3034 3034 3135 3135 3033 3033 3135 3135 3134 3134 3034 3034 3035 3035 3136 3136 3034 3034 3136 3136 3135 3135 3035 3035 3036 3036 3137 3137 3035 3035 3137 3137 3136 3136 3036 3036 3037 3037 3138 3138 3036 3036 3138 3138 3137 3137 3037 3037 3038 3038 3139 3139 3037 3037 3139 3139 3138 3138 3038 3038 3039 3039 3140 3140 3038 3038 3140 3140 3139 3139 3039 3039 3040 3040 3141 3141 3039 3039 3141 3141 3140 3140 3040 3040 3041 3041 3142 3142 3040 3040 3142 3142 3141 3141 3041 3041 3042 3042 3143 3143 3041 3041 3143 3143 3142 3142 3042 3042 3043 3043 3144 3144 3042 3042 3144 3144 3143 3143 3043 3043 3044 3044 3145 3145 3043 3043 3145 3145 3144 3144 3044 3044 3045 3045 3146 3146 3044 3044 3146 3146 3145 3145 3045 3045 3046 3046 3147 3147 3045 3045 3147 3147 3146 3146 3046 3046 3047 3047 3148 3148 3046 3046 3148 3148 3147 3147 3047 3047 3048 3048 3149 3149 3047 3047 3149 3149 3148 3148 3048 3048 3049 3049 3150 3150 3048 3048 3150 3150 3149 3149 3049 3049 3050 3050 3151 3151 3049 3049 3151 3151 3150 3150 3050 3050 3051 3051 3152 3152 3050 3050 3152 3152 3151 3151 3051 3051 3052 3052 3153 3153 3051 3051 3153 3153 3152 3152 3052 3052 3053 3053 3154 3154 3052 3052 3154 3154 3153 3153 3053 3053 3054 3054 3155 3155 3053 3053 3155 3155 3154 3154 3054 3054 3055 3055 3156 3156 3054 3054 3156 3156 3155 3155 3055 3055 3056 3056 3157 3157 3055 3055 3157 3157 3156 3156 3056 3056 3057 3057 3158 3158 3056 3056 3158 3158 3157 3157 3057 3057 3058 3058 3159 3159 3057 3057 3159 3159 3158 3158 3058 3058 3059 3059 3160 3160 3058 3058 3160 3160 3159 3159 3059 3059 3060 3060 3161 3161 3059 3059 3161 3161 3160 3160 3060 3060 3061 3061 3162 3162 3060 3060 3162 3162 3161 3161 3061 3061 3062 3062 3163 3163 3061 3061 3163 3163 3162 3162 3062 3062 3063 3063 3164 3164 3062 3062 3164 3164 3163 3163 3063 3063 3064 3064 3165 3165 3063 3063 3165 3165 3164 3164 3064 3064 3065 3065 3166 3166 3064 3064 3166 3166 3165 3165 3065 3065 3066 3066 3167 3167 3065 3065 3167 3167 3166 3166 3066 3066 3067 3067 3168 3168 3066 3066 3168 3168 3167 3167 3067 3067 3068 3068 3169 3169 3067 3067 3169 3169 3168 3168 3068 3068 3069 3069 3170 3170 3068 3068 3170 3170 3169 3169 3069 3069 3070 3070 3171 3171 3069 3069 3171 3171 3170 3170 3070 3070 3071 3071 3172 3172 3070 3070 3172 3172 3171 3171 3071 3071 3072 3072 3173 3173 3071 3071 3173 3173 3172 3172 3072 3072 3073 3073 3174 3174 3072 3072 3174 3174 3173 3173 3073 3073 3074 3074 3175 3175 3073 3073 3175 3175 3174 3174 3074 3074 3075 3075 3176 3176 3074 3074 3176 3176 3175 3175 3075 3075 3076 3076 3177 3177 3075 3075 3177 3177 3176 3176 3076 3076 3077 3077 3178 3178 3076 3076 3178 3178 3177 3177 3077 3077 3078 3078 3179 3179 3077 3077 3179 3179 3178 3178 3078 3078 3079 3079 3180 3180 3078 3078 3180 3180 3179 3179 3079 3079 3080 3080 3181 3181 3079 3079 3181 3181 3180 3180 3080 3080 3081 3081 3182 3182 3080 3080 3182 3182 3181 3181 3081 3081 3082 3082 3183 3183 3081 3081 3183 3183 3182 3182 3082 3082 3083 3083 3184 3184 3082 3082 3184 3184 3183 3183 3083 3083 3084 3084 3185 3185 3083 3083 3185 3185 3184 3184 3084 3084 3085 3085 3186 3186 3084 3084 3186 3186 3185 3185 3085 3085 3086 3086 3187 3187 3085 3085 3187 3187 3186 3186 3086 3086 3087 3087 3188 3188 3086 3086 3188 3188 3187 3187 3087 3087 3088 3088 3189 3189 3087 3087 3189 3189 3188 3188 3088 3088 3089 3089 3190 3190 3088 3088 3190 3190 3189 3189 3089 3089 3090 3090 3191 3191 3089 3089 3191 3191 3190 3190 3090 3090 3091 3091 3192 3192 3090 3090 3192 3192 3191 3191 3091 3091 3092 3092 3193 3193 3091 3091 3193 3193 3192 3192 3092 3092 3093 3093 3194 3194 3092 3092 3194 3194 3193 3193 3093 3093 3094 3094 3195 3195 3093 3093 3195 3195 3194 3194 3094 3094 3095 3095 3196 3196 3094 3094 3196 3196 3195 3195 3095 3095 3096 3096 3197 3197 3095 3095 3197 3197 3196 3196 3096 3096 3097 3097 3198 3198 3096 3096 3198 3198 3197 3197 3097 3097 3098 3098 3199 3199 3097 3097 3199 3199 3198 3198 3098 3098 3099 3099 3200 3200 3098 3098 3200 3200 3199 3199 3099 3099 3100 3100 3201 3201 3099 3099 3201 3201 3200 3200 3100 3100 3101 3101 3202 3202 3100 3100 3202 3202 3201 3201 3101 3101 3102 3102 3203 3203 3101 3101 3203 3203 3202 3202 3102 3102 3103 3103 3204 3204 3102 3102 3204 3204 3203 3203 3103 3103 3104 3104 3205 3205 3103 3103 3205 3205 3204 3204 3104 3104 3105 3105 3206 3206 3104 3104 3206 3206 3205 3205 3105 3105 3106 3106 3207 3207 3105 3105 3207 3207 3206 3206 3106 3106 3107 3107 3208 3208 3106 3106 3208 3208 3207 3207 3107 3107 3108 3108 3209 3209 3107 3107 3209 3209 3208 3208 3108 3108 3109 3109 3210 3210 3108 3108 3210 3210 3209 3209 3109 3109 3110 3110 3211 3211 3109 3109 3211 3211 3210 3210 3110 3110 3111 3111 3212 3212 3110 3110 3212 3212 3211 3211 3111 3111 3112 3112 3213 3213 3111 3111 3213 3213 3212 3212 3112 3112 3113 3113 3214 3214 3112 3112 3214 3214 3213 3213 3113 3113 3114 3114 3215 3215 3113 3113 3215 3215 3214 3214 3114 3114 3115 3115 3216 3216 3114 3114 3216 3216 3215 3215 3115 3115 3116 3116 3217 3217 3115 3115 3217 3217 3216 3216 3116 3116 3117 3117 3218 3218 3116 3116 3218 3218 3217 3217 3117 3117 3118 3118 3219 3219 3117 3117 3219 3219 3218 3218 3118 3118 3119 3119 3220 3220 3118 3118 3220 3220 3219 3219 3119 3119 3120 3120 3221 3221 3119 3119 3221 3221 3220 3220 3120 3120 3121 3121 3222 3222 3120 3120 3222 3222 3221 3221 3121 3121 3122 3122 3223 3223 3121 3121 3223 3223 3222 3222 3122 3122 3123 3123 3224 3224 3122 3122 3224 3224 3223 3223 3123 3123 3124 3124 3225 3225 3123 3123 3225 3225 3224 3224 3124 3124 3125 3125 3226 3226 3124 3124 3226 3226 3225 3225 3125 3125 3126 3126 3227 3227 3125 3125 3227 3227 3226 3226 3126 3126 3127 3127 3228 3228 3126 3126 3228 3228 3227 3227 3127 3127 3128 3128 3229 3229 3127 3127 3229 3229 3228 3228 3128 3128 3129 3129 3230 3230 3128 3128 3230 3230 3229 3229 3129 3129 3130 3130 3231 3231 3129 3129 3231 3231 3230 3230 3131 3131 3132 3132 3233 3233 3131 3131 3233 3233 3232 3232 3132 3132 3133 3133 3234 3234 3132 3132 3234 3234 3233 3233 3133 3133 3134 3134 3235 3235 3133 3133 3235 3235 3234 3234 3134 3134 3135 3135 3236 3236 3134 3134 3236 3236 3235 3235 3135 3135 3136 3136 3237 3237 3135 3135 3237 3237 3236 3236 3136 3136 3137 3137 3238 3238 3136 3136 3238 3238 3237 3237 3137 3137 3138 3138 3239 3239 3137 3137 3239 3239 3238 3238 3138 3138 3139 3139 3240 3240 3138 3138 3240 3240 3239 3239 3139 3139 3140 3140 3241 3241 3139 3139 3241 3241 3240 3240 3140 3140 3141 3141 3242 3242 3140 3140 3242 3242 3241 3241 3141 3141 3142 3142 3243 3243 3141 3141 3243 3243 3242 3242 3142 3142 3143 3143 3244 3244 3142 3142 3244 3244 3243 3243 3143 3143 3144 3144 3245 3245 3143 3143 3245 3245 3244 3244 3144 3144 3145 3145 3246 3246 3144 3144 3246 3246 3245 3245 3145 3145 3146 3146 3247 3247 3145 3145 3247 3247 3246 3246 3146 3146 3147 3147 3248 3248 3146 3146 3248 3248 3247 3247 3147 3147 3148 3148 3249 3249 3147 3147 3249 3249 3248 3248 3148 3148 3149 3149 3250 3250 3148 3148 3250 3250 3249 3249 3149 3149 3150 3150 3251 3251 3149 3149 3251 3251 3250 3250 3150 3150 3151 3151 3252 3252 3150 3150 3252 3252 3251 3251 3151 3151 3152 3152 3253 3253 3151 3151 3253 3253 3252 3252 3152 3152 3153 3153 3254 3254 3152 3152 3254 3254 3253 3253 3153 3153 3154 3154 3255 3255 3153 3153 3255 3255 3254 3254 3154 3154 3155 3155 3256 3256 3154 3154 3256 3256 3255 3255 3155 3155 3156 3156 3257 3257 3155 3155 3257 3257 3256 3256 3156 3156 3157 3157 3258 3258 3156 3156 3258 3258 3257 3257 3157 3157 3158 3158 3259 3259 3157 3157 3259 3259 3258 3258 3158 3158 3159 3159 3260 3260 3158 3158 3260 3260 3259 3259 3159 3159 3160 3160 3261 3261 3159 3159 3261 3261 3260 3260 3160 3160 3161 3161 3262 3262 3160 3160 3262 3262 3261 3261 3161 3161 3162 3162 3263 3263 3161 3161 3263 3263 3262 3262 3162 3162 3163 3163 3264 3264 3162 3162 3264 3264 3263 3263 3163 3163 3164 3164 3265 3265 3163 3163 3265 3265 3264 3264 3164 3164 3165 3165 3266 3266 3164 3164 3266 3266 3265 3265 3165 3165 3166 3166 3267 3267 3165 3165 3267 3267 3266 3266 3166 3166 3167 3167 3268 3268 3166 3166 3268 3268 3267 3267 3167 3167 3168 3168 3269 3269 3167 3167 3269 3269 3268 3268 3168 3168 3169 3169 3270 3270 3168 3168 3270 3270 3269 3269 3169 3169 3170 3170 3271 3271 3169 3169 3271 3271 3270 3270 3170 3170 3171 3171 3272 3272 3170 3170 3272 3272 3271 3271 3171 3171 3172 3172 3273 3273 3171 3171 3273 3273 3272 3272 3172 3172 3173 3173 3274 3274 3172 3172 3274 3274 3273 3273 3173 3173 3174 3174 3275 3275 3173 3173 3275 3275 3274 3274 3174 3174 3175 3175 3276 3276 3174 3174 3276 3276 3275 3275 3175 3175 3176 3176 3277 3277 3175 3175 3277 3277 3276 3276 3176 3176 3177 3177 3278 3278 3176 3176 3278 3278 3277 3277 3177 3177 3178 3178 3279 3279 3177 3177 3279 3279 3278 3278 3178 3178 3179 3179 3280 3280 3178 3178 3280 3280 3279 3279 3179 3179 3180 3180 3281 3281 3179 3179 3281 3281 3280 3280 3180 3180 3181 3181 3282 3282 3180 3180 3282 3282 3281 3281 3181 3181 3182 3182 3283 3283 3181 3181 3283 3283 3282 3282 3182 3182 3183 3183 3284 3284 3182 3182 3284 3284 3283 3283 3183 3183 3184 3184 3285 3285 3183 3183 3285 3285 3284 3284 3184 3184 3185 3185 3286 3286 3184 3184 3286 3286 3285 3285 3185 3185 3186 3186 3287 3287 3185 3185 3287 3287 3286 3286 3186 3186 3187 3187 3288 3288 3186 3186 3288 3288 3287 3287 3187 3187 3188 3188 3289 3289 3187 3187 3289 3289 3288 3288 3188 3188 3189 3189 3290 3290 3188 3188 3290 3290 3289 3289 3189 3189 3190 3190 3291 3291 3189 3189 3291 3291 3290 3290 3190 3190 3191 3191 3292 3292 3190 3190 3292 3292 3291 3291 3191 3191 3192 3192 3293 3293 3191 3191 3293 3293 3292 3292 3192 3192 3193 3193 3294 3294 3192 3192 3294 3294 3293 3293 3193 3193 3194 3194 3295 3295 3193 3193 3295 3295 3294 3294 3194 3194 3195 3195 3296 3296 3194 3194 3296 3296 3295 3295 3195 3195 3196 3196 3297 3297 3195 3195 3297 3297 3296 3296 3196 3196 3197 3197 3298 3298 3196 3196 3298 3298 3297 3297 3197 3197 3198 3198 3299 3299 3197 3197 3299 3299 3298 3298 3198 3198 3199 3199 3300 3300 3198 3198 3300 3300 3299 3299 3199 3199 3200 3200 3301 3301 3199 3199 3301 3301 3300 3300 3200 3200 3201 3201 3302 3302 3200 3200 3302 3302 3301 3301 3201 3201 3202 3202 3303 3303 3201 3201 3303 3303 3302 3302 3202 3202 3203 3203 3304 3304 3202 3202 3304 3304 3303 3303 3203 3203 3204 3204 3305 3305 3203 3203 3305 3305 3304 3304 3204 3204 3205 3205 3306 3306 3204 3204 3306 3306 3305 3305 3205 3205 3206 3206 3307 3307 3205 3205 3307 3307 3306 3306 3206 3206 3207 3207 3308 3308 3206 3206 3308 3308 3307 3307 3207 3207 3208 3208 3309 3309 3207 3207 3309 3309 3308 3308 3208 3208 3209 3209 3310 3310 3208 3208 3310 3310 3309 3309 3209 3209 3210 3210 3311 3311 3209 3209 3311 3311 3310 3310 3210 3210 3211 3211 3312 3312 3210 3210 3312 3312 3311 3311 3211 3211 3212 3212 3313 3313 3211 3211 3313 3313 3312 3312 3212 3212 3213 3213 3314 3314 3212 3212 3314 3314 3313 3313 3213 3213 3214 3214 3315 3315 3213 3213 3315 3315 3314 3314 3214 3214 3215 3215 3316 3316 3214 3214 3316 3316 3315 3315 3215 3215 3216 3216 3317 3317 3215 3215 3317 3317 3316 3316 3216 3216 3217 3217 3318 3318 3216 3216 3318 3318 3317 3317 3217 3217 3218 3218 3319 3319 3217 3217 3319 3319 3318 3318 3218 3218 3219 3219 3320 3320 3218 3218 3320 3320 3319 3319 3219 3219 3220 3220 3321 3321 3219 3219 3321 3321 3320 3320 3220 3220 3221 3221 3322 3322 3220 3220 3322 3322 3321 3321 3221 3221 3222 3222 3323 3323 3221 3221 3323 3323 3322 3322 3222 3222 3223 3223 3324 3324 3222 3222 3324 3324 3323 3323 3223 3223 3224 3224 3325 3325 3223 3223 3325 3325 3324 3324 3224 3224 3225 3225 3326 3326 3224 3224 3326 3326 3325 3325 3225 3225 3226 3226 3327 3327 3225 3225 3327 3327 3326 3326 3226 3226 3227 3227 3328 3328 3226 3226 3328 3328 3327 3327 3227 3227 3228 3228 3329 3329 3227 3227 3329 3329 3328 3328 3228 3228 3229 3229 3330 3330 3228 3228 3330 3330 3329 3329 3229 3229 3230 3230 3331 3331 3229 3229 3331 3331 3330 3330 3230 3230 3231 3231 3332 3332 3230 3230 3332 3332 3331 3331 3232 3232 3233 3233 3334 3334 3232 3232 3334 3334 3333 3333 3233 3233 3234 3234 3335 3335 3233 3233 3335 3335 3334 3334 3234 3234 3235 3235 3336 3336 3234 3234 3336 3336 3335 3335 3235 3235 3236 3236 3337 3337 3235 3235 3337 3337 3336 3336 3236 3236 3237 3237 3338 3338 3236 3236 3338 3338 3337 3337 3237 3237 3238 3238 3339 3339 3237 3237 3339 3339 3338 3338 3238 3238 3239 3239 3340 3340 3238 3238 3340 3340 3339 3339 3239 3239 3240 3240 3341 3341 3239 3239 3341 3341 3340 3340 3240 3240 3241 3241 3342 3342 3240 3240 3342 3342 3341 3341 3241 3241 3242 3242 3343 3343 3241 3241 3343 3343 3342 3342 3242 3242 3243 3243 3344 3344 3242 3242 3344 3344 3343 3343 3243 3243 3244 3244 3345 3345 3243 3243 3345 3345 3344 3344 3244 3244 3245 3245 3346 3346 3244 3244 3346 3346 3345 3345 3245 3245 3246 3246 3347 3347 3245 3245 3347 3347 3346 3346 3246 3246 3247 3247 3348 3348 3246 3246 3348 3348 3347 3347 3247 3247 3248 3248 3349 3349 3247 3247 3349 3349 3348 3348 3248 3248 3249 3249 3350 3350 3248 3248 3350 3350 3349 3349 3249 3249 3250 3250 3351 3351 3249 3249 3351 3351 3350 3350 3250 3250 3251 3251 3352 3352 3250 3250 3352 3352 3351 3351 3251 3251 3252 3252 3353 3353 3251 3251 3353 3353 3352 3352 3252 3252 3253 3253 3354 3354 3252 3252 3354 3354 3353 3353 3253 3253 3254 3254 3355 3355 3253 3253 3355 3355 3354 3354 3254 3254 3255 3255 3356 3356 3254 3254 3356 3356 3355 3355 3255 3255 3256 3256 3357 3357 3255 3255 3357 3357 3356 3356 3256 3256 3257 3257 3358 3358 3256 3256 3358 3358 3357 3357 3257 3257 3258 3258 3359 3359 3257 3257 3359 3359 3358 3358 3258 3258 3259 3259 3360 3360 3258 3258 3360 3360 3359 3359 3259 3259 3260 3260 3361 3361 3259 3259 3361 3361 3360 3360 3260 3260 3261 3261 3362 3362 3260 3260 3362 3362 3361 3361 3261 3261 3262 3262 3363 3363 3261 3261 3363 3363 3362 3362 3262 3262 3263 3263 3364 3364 3262 3262 3364 3364 3363 3363 3263 3263 3264 3264 3365 3365 3263 3263 3365 3365 3364 3364 3264 3264 3265 3265 3366 3366 3264 3264 3366 3366 3365 3365 3265 3265 3266 3266 3367 3367 3265 3265 3367 3367 3366 3366 3266 3266 3267 3267 3368 3368 3266 3266 3368 3368 3367 3367 3267 3267 3268 3268 3369 3369 3267 3267 3369 3369 3368 3368 3268 3268 3269 3269 3370 3370 3268 3268 3370 3370 3369 3369 3269 3269 3270 3270 3371 3371 3269 3269 3371 3371 3370 3370 3270 3270 3271 3271 3372 3372 3270 3270 3372 3372 3371 3371 3271 3271 3272 3272 3373 3373 3271 3271 3373 3373 3372 3372 3272 3272 3273 3273 3374 3374 3272 3272 3374 3374 3373 3373 3273 3273 3274 3274 3375 3375 3273 3273 3375 3375 3374 3374 3274 3274 3275 3275 3376 3376 3274 3274 3376 3376 3375 3375 3275 3275 3276 3276 3377 3377 3275 3275 3377 3377 3376 3376 3276 3276 3277 3277 3378 3378 3276 3276 3378 3378 3377 3377 3277 3277 3278 3278 3379 3379 3277 3277 3379 3379 3378 3378 3278 3278 3279 3279 3380 3380 3278 3278 3380 3380 3379 3379 3279 3279 3280 3280 3381 3381 3279 3279 3381 3381 3380 3380 3280 3280 3281 3281 3382 3382 3280 3280 3382 3382 3381 3381 3281 3281 3282 3282 3383 3383 3281 3281 3383 3383 3382 3382 3282 3282 3283 3283 3384 3384 3282 3282 3384 3384 3383 3383 3283 3283 3284 3284 3385 3385 3283 3283 3385 3385 3384 3384 3284 3284 3285 3285 3386 3386 3284 3284 3386 3386 3385 3385 3285 3285 3286 3286 3387 3387 3285 3285 3387 3387 3386 3386 3286 3286 3287 3287 3388 3388 3286 3286 3388 3388 3387 3387 3287 3287 3288 3288 3389 3389 3287 3287 3389 3389 3388 3388 3288 3288 3289 3289 3390 3390 3288 3288 3390 3390 3389 3389 3289 3289 3290 3290 3391 3391 3289 3289 3391 3391 3390 3390 3290 3290 3291 3291 3392 3392 3290 3290 3392 3392 3391 3391 3291 3291 3292 3292 3393 3393 3291 3291 3393 3393 3392 3392 3292 3292 3293 3293 3394 3394 3292 3292 3394 3394 3393 3393 3293 3293 3294 3294 3395 3395 3293 3293 3395 3395 3394 3394 3294 3294 3295 3295 3396 3396 3294 3294 3396 3396 3395 3395 3295 3295 3296 3296 3397 3397 3295 3295 3397 3397 3396 3396 3296 3296 3297 3297 3398 3398 3296 3296 3398 3398 3397 3397 3297 3297 3298 3298 3399 3399 3297 3297 3399 3399 3398 3398 3298 3298 3299 3299 3400 3400 3298 3298 3400 3400 3399 3399 3299 3299 3300 3300 3401 3401 3299 3299 3401 3401 3400 3400 3300 3300 3301 3301 3402 3402 3300 3300 3402 3402 3401 3401 3301 3301 3302 3302 3403 3403 3301 3301 3403 3403 3402 3402 3302 3302 3303 3303 3404 3404 3302 3302 3404 3404 3403 3403 3303 3303 3304 3304 3405 3405 3303 3303 3405 3405 3404 3404 3304 3304 3305 3305 3406 3406 3304 3304 3406 3406 3405 3405 3305 3305 3306 3306 3407 3407 3305 3305 3407 3407 3406 3406 3306 3306 3307 3307 3408 3408 3306 3306 3408 3408 3407 3407 3307 3307 3308 3308 3409 3409 3307 3307 3409 3409 3408 3408 3308 3308 3309 3309 3410 3410 3308 3308 3410 3410 3409 3409 3309 3309 3310 3310 3411 3411 3309 3309 3411 3411 3410 3410 3310 3310 3311 3311 3412 3412 3310 3310 3412 3412 3411 3411 3311 3311 3312 3312 3413 3413 3311 3311 3413 3413 3412 3412 3312 3312 3313 3313 3414 3414 3312 3312 3414 3414 3413 3413 3313 3313 3314 3314 3415 3415 3313 3313 3415 3415 3414 3414 3314 3314 3315 3315 3416 3416 3314 3314 3416 3416 3415 3415 3315 3315 3316 3316 3417 3417 3315 3315 3417 3417 3416 3416 3316 3316 3317 3317 3418 3418 3316 3316 3418 3418 3417 3417 3317 3317 3318 3318 3419 3419 3317 3317 3419 3419 3418 3418 3318 3318 3319 3319 3420 3420 3318 3318 3420 3420 3419 3419 3319 3319 3320 3320 3421 3421 3319 3319 3421 3421 3420 3420 3320 3320 3321 3321 3422 3422 3320 3320 3422 3422 3421 3421 3321 3321 3322 3322 3423 3423 3321 3321 3423 3423 3422 3422 3322 3322 3323 3323 3424 3424 3322 3322 3424 3424 3423 3423 3323 3323 3324 3324 3425 3425 3323 3323 3425 3425 3424 3424 3324 3324 3325 3325 3426 3426 3324 3324 3426 3426 3425 3425 3325 3325 3326 3326 3427 3427 3325 3325 3427 3427 3426 3426 3326 3326 3327 3327 3428 3428 3326 3326 3428 3428 3427 3427 3327 3327 3328 3328 3429 3429 3327 3327 3429 3429 3428 3428 3328 3328 3329 3329 3430 3430 3328 3328 3430 3430 3429 3429 3329 3329 3330 3330 3431 3431 3329 3329 3431 3431 3430 3430 3330 3330 3331 3331 3432 3432 3330 3330 3432 3432 3431 3431 3331 3331 3332 3332 3433 3433 3331 3331 3433 3433 3432 3432 3333 3333 3334 3334 3435 3435 3333 3333 3435 3435 3434 3434 3334 3334 3335 3335 3436 3436 3334 3334 3436 3436 3435 3435 3335 3335 3336 3336 3437 3437 3335 3335 3437 3437 3436 3436 3336 3336 3337 3337 3438 3438 3336 3336 3438 3438 3437 3437 3337 3337 3338 3338 3439 3439 3337 3337 3439 3439 3438 3438 3338 3338 3339 3339 3440 3440 3338 3338 3440 3440 3439 3439 3339 3339 3340 3340 3441 3441 3339 3339 3441 3441 3440 3440 3340 3340 3341 3341 3442 3442 3340 3340 3442 3442 3441 3441 3341 3341 3342 3342 3443 3443 3341 3341 3443 3443 3442 3442 3342 3342 3343 3343 3444 3444 3342 3342 3444 3444 3443 3443 3343 3343 3344 3344 3445 3445 3343 3343 3445 3445 3444 3444 3344 3344 3345 3345 3446 3446 3344 3344 3446 3446 3445 3445 3345 3345 3346 3346 3447 3447 3345 3345 3447 3447 3446 3446 3346 3346 3347 3347 3448 3448 3346 3346 3448 3448 3447 3447 3347 3347 3348 3348 3449 3449 3347 3347 3449 3449 3448 3448 3348 3348 3349 3349 3450 3450 3348 3348 3450 3450 3449 3449 3349 3349 3350 3350 3451 3451 3349 3349 3451 3451 3450 3450 3350 3350 3351 3351 3452 3452 3350 3350 3452 3452 3451 3451 3351 3351 3352 3352 3453 3453 3351 3351 3453 3453 3452 3452 3352 3352 3353 3353 3454 3454 3352 3352 3454 3454 3453 3453 3353 3353 3354 3354 3455 3455 3353 3353 3455 3455 3454 3454 3354 3354 3355 3355 3456 3456 3354 3354 3456 3456 3455 3455 3355 3355 3356 3356 3457 3457 3355 3355 3457 3457 3456 3456 3356 3356 3357 3357 3458 3458 3356 3356 3458 3458 3457 3457 3357 3357 3358 3358 3459 3459 3357 3357 3459 3459 3458 3458 3358 3358 3359 3359 3460 3460 3358 3358 3460 3460 3459 3459 3359 3359 3360 3360 3461 3461 3359 3359 3461 3461 3460 3460 3360 3360 3361 3361 3462 3462 3360 3360 3462 3462 3461 3461 3361 3361 3362 3362 3463 3463 3361 3361 3463 3463 3462 3462 3362 3362 3363 3363 3464 3464 3362 3362 3464 3464 3463 3463 3363 3363 3364 3364 3465 3465 3363 3363 3465 3465 3464 3464 3364 3364 3365 3365 3466 3466 3364 3364 3466 3466 3465 3465 3365 3365 3366 3366 3467 3467 3365 3365 3467 3467 3466 3466 3366 3366 3367 3367 3468 3468 3366 3366 3468 3468 3467 3467 3367 3367 3368 3368 3469 3469 3367 3367 3469 3469 3468 3468 3368 3368 3369 3369 3470 3470 3368 3368 3470 3470 3469 3469 3369 3369 3370 3370 3471 3471 3369 3369 3471 3471 3470 3470 3370 3370 3371 3371 3472 3472 3370 3370 3472 3472 3471 3471 3371 3371 3372 3372 3473 3473 3371 3371 3473 3473 3472 3472 3372 3372 3373 3373 3474 3474 3372 3372 3474 3474 3473 3473 3373 3373 3374 3374 3475 3475 3373 3373 3475 3475 3474 3474 3374 3374 3375 3375 3476 3476 3374 3374 3476 3476 3475 3475 3375 3375 3376 3376 3477 3477 3375 3375 3477 3477 3476 3476 3376 3376 3377 3377 3478 3478 3376 3376 3478 3478 3477 3477 3377 3377 3378 3378 3479 3479 3377 3377 3479 3479 3478 3478 3378 3378 3379 3379 3480 3480 3378 3378 3480 3480 3479 3479 3379 3379 3380 3380 3481 3481 3379 3379 3481 3481 3480 3480 3380 3380 3381 3381 3482 3482 3380 3380 3482 3482 3481 3481 3381 3381 3382 3382 3483 3483 3381 3381 3483 3483 3482 3482 3382 3382 3383 3383 3484 3484 3382 3382 3484 3484 3483 3483 3383 3383 3384 3384 3485 3485 3383 3383 3485 3485 3484 3484 3384 3384 3385 3385 3486 3486 3384 3384 3486 3486 3485 3485 3385 3385 3386 3386 3487 3487 3385 3385 3487 3487 3486 3486 3386 3386 3387 3387 3488 3488 3386 3386 3488 3488 3487 3487 3387 3387 3388 3388 3489 3489 3387 3387 3489 3489 3488 3488 3388 3388 3389 3389 3490 3490 3388 3388 3490 3490 3489 3489 3389 3389 3390 3390 3491 3491 3389 3389 3491 3491 3490 3490 3390 3390 3391 3391 3492 3492 3390 3390 3492 3492 3491 3491 3391 3391 3392 3392 3493 3493 3391 3391 3493 3493 3492 3492 3392 3392 3393 3393 3494 3494 3392 3392 3494 3494 3493 3493 3393 3393 3394 3394 3495 3495 3393 3393 3495 3495 3494 3494 3394 3394 3395 3395 3496 3496 3394 3394 3496 3496 3495 3495 3395 3395 3396 3396 3497 3497 3395 3395 3497 3497 3496 3496 3396 3396 3397 3397 3498 3498 3396 3396 3498 3498 3497 3497 3397 3397 3398 3398 3499 3499 3397 3397 3499 3499 3498 3498 3398 3398 3399 3399 3500 3500 3398 3398 3500 3500 3499 3499 3399 3399 3400 3400 3501 3501 3399 3399 3501 3501 3500 3500 3400 3400 3401 3401 3502 3502 3400 3400 3502 3502 3501 3501 3401 3401 3402 3402 3503 3503 3401 3401 3503 3503 3502 3502 3402 3402 3403 3403 3504 3504 3402 3402 3504 3504 3503 3503 3403 3403 3404 3404 3505 3505 3403 3403 3505 3505 3504 3504 3404 3404 3405 3405 3506 3506 3404 3404 3506 3506 3505 3505 3405 3405 3406 3406 3507 3507 3405 3405 3507 3507 3506 3506 3406 3406 3407 3407 3508 3508 3406 3406 3508 3508 3507 3507 3407 3407 3408 3408 3509 3509 3407 3407 3509 3509 3508 3508 3408 3408 3409 3409 3510 3510 3408 3408 3510 3510 3509 3509 3409 3409 3410 3410 3511 3511 3409 3409 3511 3511 3510 3510 3410 3410 3411 3411 3512 3512 3410 3410 3512 3512 3511 3511 3411 3411 3412 3412 3513 3513 3411 3411 3513 3513 3512 3512 3412 3412 3413 3413 3514 3514 3412 3412 3514 3514 3513 3513 3413 3413 3414 3414 3515 3515 3413 3413 3515 3515 3514 3514 3414 3414 3415 3415 3516 3516 3414 3414 3516 3516 3515 3515 3415 3415 3416 3416 3517 3517 3415 3415 3517 3517 3516 3516 3416 3416 3417 3417 3518 3518 3416 3416 3518 3518 3517 3517 3417 3417 3418 3418 3519 3519 3417 3417 3519 3519 3518 3518 3418 3418 3419 3419 3520 3520 3418 3418 3520 3520 3519 3519 3419 3419 3420 3420 3521 3521 3419 3419 3521 3521 3520 3520 3420 3420 3421 3421 3522 3522 3420 3420 3522 3522 3521 3521 3421 3421 3422 3422 3523 3523 3421 3421 3523 3523 3522 3522 3422 3422 3423 3423 3524 3524 3422 3422 3524 3524 3523 3523 3423 3423 3424 3424 3525 3525 3423 3423 3525 3525 3524 3524 3424 3424 3425 3425 3526 3526 3424 3424 3526 3526 3525 3525 3425 3425 3426 3426 3527 3527 3425 3425 3527 3527 3526 3526 3426 3426 3427 3427 3528 3528 3426 3426 3528 3528 3527 3527 3427 3427 3428 3428 3529 3529 3427 3427 3529 3529 3528 3528 3428 3428 3429 3429 3530 3530 3428 3428 3530 3530 3529 3529 3429 3429 3430 3430 3531 3531 3429 3429 3531 3531 3530 3530 3430 3430 3431 3431 3532 3532 3430 3430 3532 3532 3531 3531 3431 3431 3432 3432 3533 3533 3431 3431 3533 3533 3532 3532 3432 3432 3433 3433 3534 3534 3432 3432 3534 3534 3533 3533 3434 3434 3435 3435 3536 3536 3434 3434 3536 3536 3535 3535 3435 3435 3436 3436 3537 3537 3435 3435 3537 3537 3536 3536 3436 3436 3437 3437 3538 3538 3436 3436 3538 3538 3537 3537 3437 3437 3438 3438 3539 3539 3437 3437 3539 3539 3538 3538 3438 3438 3439 3439 3540 3540 3438 3438 3540 3540 3539 3539 3439 3439 3440 3440 3541 3541 3439 3439 3541 3541 3540 3540 3440 3440 3441 3441 3542 3542 3440 3440 3542 3542 3541 3541 3441 3441 3442 3442 3543 3543 3441 3441 3543 3543 3542 3542 3442 3442 3443 3443 3544 3544 3442 3442 3544 3544 3543 3543 3443 3443 3444 3444 3545 3545 3443 3443 3545 3545 3544 3544 3444 3444 3445 3445 3546 3546 3444 3444 3546 3546 3545 3545 3445 3445 3446 3446 3547 3547 3445 3445 3547 3547 3546 3546 3446 3446 3447 3447 3548 3548 3446 3446 3548 3548 3547 3547 3447 3447 3448 3448 3549 3549 3447 3447 3549 3549 3548 3548 3448 3448 3449 3449 3550 3550 3448 3448 3550 3550 3549 3549 3449 3449 3450 3450 3551 3551 3449 3449 3551 3551 3550 3550 3450 3450 3451 3451 3552 3552 3450 3450 3552 3552 3551 3551 3451 3451 3452 3452 3553 3553 3451 3451 3553 3553 3552 3552 3452 3452 3453 3453 3554 3554 3452 3452 3554 3554 3553 3553 3453 3453 3454 3454 3555 3555 3453 3453 3555 3555 3554 3554 3454 3454 3455 3455 3556 3556 3454 3454 3556 3556 3555 3555 3455 3455 3456 3456 3557 3557 3455 3455 3557 3557 3556 3556 3456 3456 3457 3457 3558 3558 3456 3456 3558 3558 3557 3557 3457 3457 3458 3458 3559 3559 3457 3457 3559 3559 3558 3558 3458 3458 3459 3459 3560 3560 3458 3458 3560 3560 3559 3559 3459 3459 3460 3460 3561 3561 3459 3459 3561 3561 3560 3560 3460 3460 3461 3461 3562 3562 3460 3460 3562 3562 3561 3561 3461 3461 3462 3462 3563 3563 3461 3461 3563 3563 3562 3562 3462 3462 3463 3463 3564 3564 3462 3462 3564 3564 3563 3563 3463 3463 3464 3464 3565 3565 3463 3463 3565 3565 3564 3564 3464 3464 3465 3465 3566 3566 3464 3464 3566 3566 3565 3565 3465 3465 3466 3466 3567 3567 3465 3465 3567 3567 3566 3566 3466 3466 3467 3467 3568 3568 3466 3466 3568 3568 3567 3567 3467 3467 3468 3468 3569 3569 3467 3467 3569 3569 3568 3568 3468 3468 3469 3469 3570 3570 3468 3468 3570 3570 3569 3569 3469 3469 3470 3470 3571 3571 3469 3469 3571 3571 3570 3570 3470 3470 3471 3471 3572 3572 3470 3470 3572 3572 3571 3571 3471 3471 3472 3472 3573 3573 3471 3471 3573 3573 3572 3572 3472 3472 3473 3473 3574 3574 3472 3472 3574 3574 3573 3573 3473 3473 3474 3474 3575 3575 3473 3473 3575 3575 3574 3574 3474 3474 3475 3475 3576 3576 3474 3474 3576 3576 3575 3575 3475 3475 3476 3476 3577 3577 3475 3475 3577 3577 3576 3576 3476 3476 3477 3477 3578 3578 3476 3476 3578 3578 3577 3577 3477 3477 3478 3478 3579 3579 3477 3477 3579 3579 3578 3578 3478 3478 3479 3479 3580 3580 3478 3478 3580 3580 3579 3579 3479 3479 3480 3480 3581 3581 3479 3479 3581 3581 3580 3580 3480 3480 3481 3481 3582 3582 3480 3480 3582 3582 3581 3581 3481 3481 3482 3482 3583 3583 3481 3481 3583 3583 3582 3582 3482 3482 3483 3483 3584 3584 3482 3482 3584 3584 3583 3583 3483 3483 3484 3484 3585 3585 3483 3483 3585 3585 3584 3584 3484 3484 3485 3485 3586 3586 3484 3484 3586 3586 3585 3585 3485 3485 3486 3486 3587 3587 3485 3485 3587 3587 3586 3586 3486 3486 3487 3487 3588 3588 3486 3486 3588 3588 3587 3587 3487 3487 3488 3488 3589 3589 3487 3487 3589 3589 3588 3588 3488 3488 3489 3489 3590 3590 3488 3488 3590 3590 3589 3589 3489 3489 3490 3490 3591 3591 3489 3489 3591 3591 3590 3590 3490 3490 3491 3491 3592 3592 3490 3490 3592 3592 3591 3591 3491 3491 3492 3492 3593 3593 3491 3491 3593 3593 3592 3592 3492 3492 3493 3493 3594 3594 3492 3492 3594 3594 3593 3593 3493 3493 3494 3494 3595 3595 3493 3493 3595 3595 3594 3594 3494 3494 3495 3495 3596 3596 3494 3494 3596 3596 3595 3595 3495 3495 3496 3496 3597 3597 3495 3495 3597 3597 3596 3596 3496 3496 3497 3497 3598 3598 3496 3496 3598 3598 3597 3597 3497 3497 3498 3498 3599 3599 3497 3497 3599 3599 3598 3598 3498 3498 3499 3499 3600 3600 3498 3498 3600 3600 3599 3599 3499 3499 3500 3500 3601 3601 3499 3499 3601 3601 3600 3600 3500 3500 3501 3501 3602 3602 3500 3500 3602 3602 3601 3601 3501 3501 3502 3502 3603 3603 3501 3501 3603 3603 3602 3602 3502 3502 3503 3503 3604 3604 3502 3502 3604 3604 3603 3603 3503 3503 3504 3504 3605 3605 3503 3503 3605 3605 3604 3604 3504 3504 3505 3505 3606 3606 3504 3504 3606 3606 3605 3605 3505 3505 3506 3506 3607 3607 3505 3505 3607 3607 3606 3606 3506 3506 3507 3507 3608 3608 3506 3506 3608 3608 3607 3607 3507 3507 3508 3508 3609 3609 3507 3507 3609 3609 3608 3608 3508 3508 3509 3509 3610 3610 3508 3508 3610 3610 3609 3609 3509 3509 3510 3510 3611 3611 3509 3509 3611 3611 3610 3610 3510 3510 3511 3511 3612 3612 3510 3510 3612 3612 3611 3611 3511 3511 3512 3512 3613 3613 3511 3511 3613 3613 3612 3612 3512 3512 3513 3513 3614 3614 3512 3512 3614 3614 3613 3613 3513 3513 3514 3514 3615 3615 3513 3513 3615 3615 3614 3614 3514 3514 3515 3515 3616 3616 3514 3514 3616 3616 3615 3615 3515 3515 3516 3516 3617 3617 3515 3515 3617 3617 3616 3616 3516 3516 3517 3517 3618 3618 3516 3516 3618 3618 3617 3617 3517 3517 3518 3518 3619 3619 3517 3517 3619 3619 3618 3618 3518 3518 3519 3519 3620 3620 3518 3518 3620 3620 3619 3619 3519 3519 3520 3520 3621 3621 3519 3519 3621 3621 3620 3620 3520 3520 3521 3521 3622 3622 3520 3520 3622 3622 3621 3621 3521 3521 3522 3522 3623 3623 3521 3521 3623 3623 3622 3622 3522 3522 3523 3523 3624 3624 3522 3522 3624 3624 3623 3623 3523 3523 3524 3524 3625 3625 3523 3523 3625 3625 3624 3624 3524 3524 3525 3525 3626 3626 3524 3524 3626 3626 3625 3625 3525 3525 3526 3526 3627 3627 3525 3525 3627 3627 3626 3626 3526 3526 3527 3527 3628 3628 3526 3526 3628 3628 3627 3627 3527 3527 3528 3528 3629 3629 3527 3527 3629 3629 3628 3628 3528 3528 3529 3529 3630 3630 3528 3528 3630 3630 3629 3629 3529 3529 3530 3530 3631 3631 3529 3529 3631 3631 3630 3630 3530 3530 3531 3531 3632 3632 3530 3530 3632 3632 3631 3631 3531 3531 3532 3532 3633 3633 3531 3531 3633 3633 3632 3632 3532 3532 3533 3533 3634 3634 3532 3532 3634 3634 3633 3633 3533 3533 3534 3534 3635 3635 3533 3533 3635 3635 3634 3634 3535 3535 3536 3536 3637 3637 3535 3535 3637 3637 3636 3636 3536 3536 3537 3537 3638 3638 3536 3536 3638 3638 3637 3637 3537 3537 3538 3538 3639 3639 3537 3537 3639 3639 3638 3638 3538 3538 3539 3539 3640 3640 3538 3538 3640 3640 3639 3639 3539 3539 3540 3540 3641 3641 3539 3539 3641 3641 3640 3640 3540 3540 3541 3541 3642 3642 3540 3540 3642 3642 3641 3641 3541 3541 3542 3542 3643 3643 3541 3541 3643 3643 3642 3642 3542 3542 3543 3543 3644 3644 3542 3542 3644 3644 3643 3643 3543 3543 3544 3544 3645 3645 3543 3543 3645 3645 3644 3644 3544 3544 3545 3545 3646 3646 3544 3544 3646 3646 3645 3645 3545 3545 3546 3546 3647 3647 3545 3545 3647 3647 3646 3646 3546 3546 3547 3547 3648 3648 3546 3546 3648 3648 3647 3647 3547 3547 3548 3548 3649 3649 3547 3547 3649 3649 3648 3648 3548 3548 3549 3549 3650 3650 3548 3548 3650 3650 3649 3649 3549 3549 3550 3550 3651 3651 3549 3549 3651 3651 3650 3650 3550 3550 3551 3551 3652 3652 3550 3550 3652 3652 3651 3651 3551 3551 3552 3552 3653 3653 3551 3551 3653 3653 3652 3652 3552 3552 3553 3553 3654 3654 3552 3552 3654 3654 3653 3653 3553 3553 3554 3554 3655 3655 3553 3553 3655 3655 3654 3654 3554 3554 3555 3555 3656 3656 3554 3554 3656 3656 3655 3655 3555 3555 3556 3556 3657 3657 3555 3555 3657 3657 3656 3656 3556 3556 3557 3557 3658 3658 3556 3556 3658 3658 3657 3657 3557 3557 3558 3558 3659 3659 3557 3557 3659 3659 3658 3658 3558 3558 3559 3559 3660 3660 3558 3558 3660 3660 3659 3659 3559 3559 3560 3560 3661 3661 3559 3559 3661 3661 3660 3660 3560 3560 3561 3561 3662 3662 3560 3560 3662 3662 3661 3661 3561 3561 3562 3562 3663 3663 3561 3561 3663 3663 3662 3662 3562 3562 3563 3563 3664 3664 3562 3562 3664 3664 3663 3663 3563 3563 3564 3564 3665 3665 3563 3563 3665 3665 3664 3664 3564 3564 3565 3565 3666 3666 3564 3564 3666 3666 3665 3665 3565 3565 3566 3566 3667 3667 3565 3565 3667 3667 3666 3666 3566 3566 3567 3567 3668 3668 3566 3566 3668 3668 3667 3667 3567 3567 3568 3568 3669 3669 3567 3567 3669 3669 3668 3668 3568 3568 3569 3569 3670 3670 3568 3568 3670 3670 3669 3669 3569 3569 3570 3570 3671 3671 3569 3569 3671 3671 3670 3670 3570 3570 3571 3571 3672 3672 3570 3570 3672 3672 3671 3671 3571 3571 3572 3572 3673 3673 3571 3571 3673 3673 3672 3672 3572 3572 3573 3573 3674 3674 3572 3572 3674 3674 3673 3673 3573 3573 3574 3574 3675 3675 3573 3573 3675 3675 3674 3674 3574 3574 3575 3575 3676 3676 3574 3574 3676 3676 3675 3675 3575 3575 3576 3576 3677 3677 3575 3575 3677 3677 3676 3676 3576 3576 3577 3577 3678 3678 3576 3576 3678 3678 3677 3677 3577 3577 3578 3578 3679 3679 3577 3577 3679 3679 3678 3678 3578 3578 3579 3579 3680 3680 3578 3578 3680 3680 3679 3679 3579 3579 3580 3580 3681 3681 3579 3579 3681 3681 3680 3680 3580 3580 3581 3581 3682 3682 3580 3580 3682 3682 3681 3681 3581 3581 3582 3582 3683 3683 3581 3581 3683 3683 3682 3682 3582 3582 3583 3583 3684 3684 3582 3582 3684 3684 3683 3683 3583 3583 3584 3584 3685 3685 3583 3583 3685 3685 3684 3684 3584 3584 3585 3585 3686 3686 3584 3584 3686 3686 3685 3685 3585 3585 3586 3586 3687 3687 3585 3585 3687 3687 3686 3686 3586 3586 3587 3587 3688 3688 3586 3586 3688 3688 3687 3687 3587 3587 3588 3588 3689 3689 3587 3587 3689 3689 3688 3688 3588 3588 3589 3589 3690 3690 3588 3588 3690 3690 3689 3689 3589 3589 3590 3590 3691 3691 3589 3589 3691 3691 3690 3690 3590 3590 3591 3591 3692 3692 3590 3590 3692 3692 3691 3691 3591 3591 3592 3592 3693 3693 3591 3591 3693 3693 3692 3692 3592 3592 3593 3593 3694 3694 3592 3592 3694 3694 3693 3693 3593 3593 3594 3594 3695 3695 3593 3593 3695 3695 3694 3694 3594 3594 3595 3595 3696 3696 3594 3594 3696 3696 3695 3695 3595 3595 3596 3596 3697 3697 3595 3595 3697 3697 3696 3696 3596 3596 3597 3597 3698 3698 3596 3596 3698 3698 3697 3697 3597 3597 3598 3598 3699 3699 3597 3597 3699 3699 3698 3698 3598 3598 3599 3599 3700 3700 3598 3598 3700 3700 3699 3699 3599 3599 3600 3600 3701 3701 3599 3599 3701 3701 3700 3700 3600 3600 3601 3601 3702 3702 3600 3600 3702 3702 3701 3701 3601 3601 3602 3602 3703 3703 3601 3601 3703 3703 3702 3702 3602 3602 3603 3603 3704 3704 3602 3602 3704 3704 3703 3703 3603 3603 3604 3604 3705 3705 3603 3603 3705 3705 3704 3704 3604 3604 3605 3605 3706 3706 3604 3604 3706 3706 3705 3705 3605 3605 3606 3606 3707 3707 3605 3605 3707 3707 3706 3706 3606 3606 3607 3607 3708 3708 3606 3606 3708 3708 3707 3707 3607 3607 3608 3608 3709 3709 3607 3607 3709 3709 3708 3708 3608 3608 3609 3609 3710 3710 3608 3608 3710 3710 3709 3709 3609 3609 3610 3610 3711 3711 3609 3609 3711 3711 3710 3710 3610 3610 3611 3611 3712 3712 3610 3610 3712 3712 3711 3711 3611 3611 3612 3612 3713 3713 3611 3611 3713 3713 3712 3712 3612 3612 3613 3613 3714 3714 3612 3612 3714 3714 3713 3713 3613 3613 3614 3614 3715 3715 3613 3613 3715 3715 3714 3714 3614 3614 3615 3615 3716 3716 3614 3614 3716 3716 3715 3715 3615 3615 3616 3616 3717 3717 3615 3615 3717 3717 3716 3716 3616 3616 3617 3617 3718 3718 3616 3616 3718 3718 3717 3717 3617 3617 3618 3618 3719 3719 3617 3617 3719 3719 3718 3718 3618 3618 3619 3619 3720 3720 3618 3618 3720 3720 3719 3719 3619 3619 3620 3620 3721 3721 3619 3619 3721 3721 3720 3720 3620 3620 3621 3621 3722 3722 3620 3620 3722 3722 3721 3721 3621 3621 3622 3622 3723 3723 3621 3621 3723 3723 3722 3722 3622 3622 3623 3623 3724 3724 3622 3622 3724 3724 3723 3723 3623 3623 3624 3624 3725 3725 3623 3623 3725 3725 3724 3724 3624 3624 3625 3625 3726 3726 3624 3624 3726 3726 3725 3725 3625 3625 3626 3626 3727 3727 3625 3625 3727 3727 3726 3726 3626 3626 3627 3627 3728 3728 3626 3626 3728 3728 3727 3727 3627 3627 3628 3628 3729 3729 3627 3627 3729 3729 3728 3728 3628 3628 3629 3629 3730 3730 3628 3628 3730 3730 3729 3729 3629 3629 3630 3630 3731 3731 3629 3629 3731 3731 3730 3730 3630 3630 3631 3631 3732 3732 3630 3630 3732 3732 3731 3731 3631 3631 3632 3632 3733 3733 3631 3631 3733 3733 3732 3732 3632 3632 3633 3633 3734 3734 3632 3632 3734 3734 3733 3733 3633 3633 3634 3634 3735 3735 3633 3633 3735 3735 3734 3734 3634 3634 3635 3635 3736 3736 3634 3634 3736 3736 3735 3735 3636 3636 3637 3637 3738 3738 3636 3636 3738 3738 3737 3737 3637 3637 3638 3638 3739 3739 3637 3637 3739 3739 3738 3738 3638 3638 3639 3639 3740 3740 3638 3638 3740 3740 3739 3739 3639 3639 3640 3640 3741 3741 3639 3639 3741 3741 3740 3740 3640 3640 3641 3641 3742 3742 3640 3640 3742 3742 3741 3741 3641 3641 3642 3642 3743 3743 3641 3641 3743 3743 3742 3742 3642 3642 3643 3643 3744 3744 3642 3642 3744 3744 3743 3743 3643 3643 3644 3644 3745 3745 3643 3643 3745 3745 3744 3744 3644 3644 3645 3645 3746 3746 3644 3644 3746 3746 3745 3745 3645 3645 3646 3646 3747 3747 3645 3645 3747 3747 3746 3746 3646 3646 3647 3647 3748 3748 3646 3646 3748 3748 3747 3747 3647 3647 3648 3648 3749 3749 3647 3647 3749 3749 3748 3748 3648 3648 3649 3649 3750 3750 3648 3648 3750 3750 3749 3749 3649 3649 3650 3650 3751 3751 3649 3649 3751 3751 3750 3750 3650 3650 3651 3651 3752 3752 3650 3650 3752 3752 3751 3751 3651 3651 3652 3652 3753 3753 3651 3651 3753 3753 3752 3752 3652 3652 3653 3653 3754 3754 3652 3652 3754 3754 3753 3753 3653 3653 3654 3654 3755 3755 3653 3653 3755 3755 3754 3754 3654 3654 3655 3655 3756 3756 3654 3654 3756 3756 3755 3755 3655 3655 3656 3656 3757 3757 3655 3655 3757 3757 3756 3756 3656 3656 3657 3657 3758 3758 3656 3656 3758 3758 3757 3757 3657 3657 3658 3658 3759 3759 3657 3657 3759 3759 3758 3758 3658 3658 3659 3659 3760 3760 3658 3658 3760 3760 3759 3759 3659 3659 3660 3660 3761 3761 3659 3659 3761 3761 3760 3760 3660 3660 3661 3661 3762 3762 3660 3660 3762 3762 3761 3761 3661 3661 3662 3662 3763 3763 3661 3661 3763 3763 3762 3762 3662 3662 3663 3663 3764 3764 3662 3662 3764 3764 3763 3763 3663 3663 3664 3664 3765 3765 3663 3663 3765 3765 3764 3764 3664 3664 3665 3665 3766 3766 3664 3664 3766 3766 3765 3765 3665 3665 3666 3666 3767 3767 3665 3665 3767 3767 3766 3766 3666 3666 3667 3667 3768 3768 3666 3666 3768 3768 3767 3767 3667 3667 3668 3668 3769 3769 3667 3667 3769 3769 3768 3768 3668 3668 3669 3669 3770 3770 3668 3668 3770 3770 3769 3769 3669 3669 3670 3670 3771 3771 3669 3669 3771 3771 3770 3770 3670 3670 3671 3671 3772 3772 3670 3670 3772 3772 3771 3771 3671 3671 3672 3672 3773 3773 3671 3671 3773 3773 3772 3772 3672 3672 3673 3673 3774 3774 3672 3672 3774 3774 3773 3773 3673 3673 3674 3674 3775 3775 3673 3673 3775 3775 3774 3774 3674 3674 3675 3675 3776 3776 3674 3674 3776 3776 3775 3775 3675 3675 3676 3676 3777 3777 3675 3675 3777 3777 3776 3776 3676 3676 3677 3677 3778 3778 3676 3676 3778 3778 3777 3777 3677 3677 3678 3678 3779 3779 3677 3677 3779 3779 3778 3778 3678 3678 3679 3679 3780 3780 3678 3678 3780 3780 3779 3779 3679 3679 3680 3680 3781 3781 3679 3679 3781 3781 3780 3780 3680 3680 3681 3681 3782 3782 3680 3680 3782 3782 3781 3781 3681 3681 3682 3682 3783 3783 3681 3681 3783 3783 3782 3782 3682 3682 3683 3683 3784 3784 3682 3682 3784 3784 3783 3783 3683 3683 3684 3684 3785 3785 3683 3683 3785 3785 3784 3784 3684 3684 3685 3685 3786 3786 3684 3684 3786 3786 3785 3785 3685 3685 3686 3686 3787 3787 3685 3685 3787 3787 3786 3786 3686 3686 3687 3687 3788 3788 3686 3686 3788 3788 3787 3787 3687 3687 3688 3688 3789 3789 3687 3687 3789 3789 3788 3788 3688 3688 3689 3689 3790 3790 3688 3688 3790 3790 3789 3789 3689 3689 3690 3690 3791 3791 3689 3689 3791 3791 3790 3790 3690 3690 3691 3691 3792 3792 3690 3690 3792 3792 3791 3791 3691 3691 3692 3692 3793 3793 3691 3691 3793 3793 3792 3792 3692 3692 3693 3693 3794 3794 3692 3692 3794 3794 3793 3793 3693 3693 3694 3694 3795 3795 3693 3693 3795 3795 3794 3794 3694 3694 3695 3695 3796 3796 3694 3694 3796 3796 3795 3795 3695 3695 3696 3696 3797 3797 3695 3695 3797 3797 3796 3796 3696 3696 3697 3697 3798 3798 3696 3696 3798 3798 3797 3797 3697 3697 3698 3698 3799 3799 3697 3697 3799 3799 3798 3798 3698 3698 3699 3699 3800 3800 3698 3698 3800 3800 3799 3799 3699 3699 3700 3700 3801 3801 3699 3699 3801 3801 3800 3800 3700 3700 3701 3701 3802 3802 3700 3700 3802 3802 3801 3801 3701 3701 3702 3702 3803 3803 3701 3701 3803 3803 3802 3802 3702 3702 3703 3703 3804 3804 3702 3702 3804 3804 3803 3803 3703 3703 3704 3704 3805 3805 3703 3703 3805 3805 3804 3804 3704 3704 3705 3705 3806 3806 3704 3704 3806 3806 3805 3805 3705 3705 3706 3706 3807 3807 3705 3705 3807 3807 3806 3806 3706 3706 3707 3707 3808 3808 3706 3706 3808 3808 3807 3807 3707 3707 3708 3708 3809 3809 3707 3707 3809 3809 3808 3808 3708 3708 3709 3709 3810 3810 3708 3708 3810 3810 3809 3809 3709 3709 3710 3710 3811 3811 3709 3709 3811 3811 3810 3810 3710 3710 3711 3711 3812 3812 3710 3710 3812 3812 3811 3811 3711 3711 3712 3712 3813 3813 3711 3711 3813 3813 3812 3812 3712 3712 3713 3713 3814 3814 3712 3712 3814 3814 3813 3813 3713 3713 3714 3714 3815 3815 3713 3713 3815 3815 3814 3814 3714 3714 3715 3715 3816 3816 3714 3714 3816 3816 3815 3815 3715 3715 3716 3716 3817 3817 3715 3715 3817 3817 3816 3816 3716 3716 3717 3717 3818 3818 3716 3716 3818 3818 3817 3817 3717 3717 3718 3718 3819 3819 3717 3717 3819 3819 3818 3818 3718 3718 3719 3719 3820 3820 3718 3718 3820 3820 3819 3819 3719 3719 3720 3720 3821 3821 3719 3719 3821 3821 3820 3820 3720 3720 3721 3721 3822 3822 3720 3720 3822 3822 3821 3821 3721 3721 3722 3722 3823 3823 3721 3721 3823 3823 3822 3822 3722 3722 3723 3723 3824 3824 3722 3722 3824 3824 3823 3823 3723 3723 3724 3724 3825 3825 3723 3723 3825 3825 3824 3824 3724 3724 3725 3725 3826 3826 3724 3724 3826 3826 3825 3825 3725 3725 3726 3726 3827 3827 3725 3725 3827 3827 3826 3826 3726 3726 3727 3727 3828 3828 3726 3726 3828 3828 3827 3827 3727 3727 3728 3728 3829 3829 3727 3727 3829 3829 3828 3828 3728 3728 3729 3729 3830 3830 3728 3728 3830 3830 3829 3829 3729 3729 3730 3730 3831 3831 3729 3729 3831 3831 3830 3830 3730 3730 3731 3731 3832 3832 3730 3730 3832 3832 3831 3831 3731 3731 3732 3732 3833 3833 3731 3731 3833 3833 3832 3832 3732 3732 3733 3733 3834 3834 3732 3732 3834 3834 3833 3833 3733 3733 3734 3734 3835 3835 3733 3733 3835 3835 3834 3834 3734 3734 3735 3735 3836 3836 3734 3734 3836 3836 3835 3835 3735 3735 3736 3736 3837 3837 3735 3735 3837 3837 3836 3836 3737 3737 3738 3738 3839 3839 3737 3737 3839 3839 3838 3838 3738 3738 3739 3739 3840 3840 3738 3738 3840 3840 3839 3839 3739 3739 3740 3740 3841 3841 3739 3739 3841 3841 3840 3840 3740 3740 3741 3741 3842 3842 3740 3740 3842 3842 3841 3841 3741 3741 3742 3742 3843 3843 3741 3741 3843 3843 3842 3842 3742 3742 3743 3743 3844 3844 3742 3742 3844 3844 3843 3843 3743 3743 3744 3744 3845 3845 3743 3743 3845 3845 3844 3844 3744 3744 3745 3745 3846 3846 3744 3744 3846 3846 3845 3845 3745 3745 3746 3746 3847 3847 3745 3745 3847 3847 3846 3846 3746 3746 3747 3747 3848 3848 3746 3746 3848 3848 3847 3847 3747 3747 3748 3748 3849 3849 3747 3747 3849 3849 3848 3848 3748 3748 3749 3749 3850 3850 3748 3748 3850 3850 3849 3849 3749 3749 3750 3750 3851 3851 3749 3749 3851 3851 3850 3850 3750 3750 3751 3751 3852 3852 3750 3750 3852 3852 3851 3851 3751 3751 3752 3752 3853 3853 3751 3751 3853 3853 3852 3852 3752 3752 3753 3753 3854 3854 3752 3752 3854 3854 3853 3853 3753 3753 3754 3754 3855 3855 3753 3753 3855 3855 3854 3854 3754 3754 3755 3755 3856 3856 3754 3754 3856 3856 3855 3855 3755 3755 3756 3756 3857 3857 3755 3755 3857 3857 3856 3856 3756 3756 3757 3757 3858 3858 3756 3756 3858 3858 3857 3857 3757 3757 3758 3758 3859 3859 3757 3757 3859 3859 3858 3858 3758 3758 3759 3759 3860 3860 3758 3758 3860 3860 3859 3859 3759 3759 3760 3760 3861 3861 3759 3759 3861 3861 3860 3860 3760 3760 3761 3761 3862 3862 3760 3760 3862 3862 3861 3861 3761 3761 3762 3762 3863 3863 3761 3761 3863 3863 3862 3862 3762 3762 3763 3763 3864 3864 3762 3762 3864 3864 3863 3863 3763 3763 3764 3764 3865 3865 3763 3763 3865 3865 3864 3864 3764 3764 3765 3765 3866 3866 3764 3764 3866 3866 3865 3865 3765 3765 3766 3766 3867 3867 3765 3765 3867 3867 3866 3866 3766 3766 3767 3767 3868 3868 3766 3766 3868 3868 3867 3867 3767 3767 3768 3768 3869 3869 3767 3767 3869 3869 3868 3868 3768 3768 3769 3769 3870 3870 3768 3768 3870 3870 3869 3869 3769 3769 3770 3770 3871 3871 3769 3769 3871 3871 3870 3870 3770 3770 3771 3771 3872 3872 3770 3770 3872 3872 3871 3871 3771 3771 3772 3772 3873 3873 3771 3771 3873 3873 3872 3872 3772 3772 3773 3773 3874 3874 3772 3772 3874 3874 3873 3873 3773 3773 3774 3774 3875 3875 3773 3773 3875 3875 3874 3874 3774 3774 3775 3775 3876 3876 3774 3774 3876 3876 3875 3875 3775 3775 3776 3776 3877 3877 3775 3775 3877 3877 3876 3876 3776 3776 3777 3777 3878 3878 3776 3776 3878 3878 3877 3877 3777 3777 3778 3778 3879 3879 3777 3777 3879 3879 3878 3878 3778 3778 3779 3779 3880 3880 3778 3778 3880 3880 3879 3879 3779 3779 3780 3780 3881 3881 3779 3779 3881 3881 3880 3880 3780 3780 3781 3781 3882 3882 3780 3780 3882 3882 3881 3881 3781 3781 3782 3782 3883 3883 3781 3781 3883 3883 3882 3882 3782 3782 3783 3783 3884 3884 3782 3782 3884 3884 3883 3883 3783 3783 3784 3784 3885 3885 3783 3783 3885 3885 3884 3884 3784 3784 3785 3785 3886 3886 3784 3784 3886 3886 3885 3885 3785 3785 3786 3786 3887 3887 3785 3785 3887 3887 3886 3886 3786 3786 3787 3787 3888 3888 3786 3786 3888 3888 3887 3887 3787 3787 3788 3788 3889 3889 3787 3787 3889 3889 3888 3888 3788 3788 3789 3789 3890 3890 3788 3788 3890 3890 3889 3889 3789 3789 3790 3790 3891 3891 3789 3789 3891 3891 3890 3890 3790 3790 3791 3791 3892 3892 3790 3790 3892 3892 3891 3891 3791 3791 3792 3792 3893 3893 3791 3791 3893 3893 3892 3892 3792 3792 3793 3793 3894 3894 3792 3792 3894 3894 3893 3893 3793 3793 3794 3794 3895 3895 3793 3793 3895 3895 3894 3894 3794 3794 3795 3795 3896 3896 3794 3794 3896 3896 3895 3895 3795 3795 3796 3796 3897 3897 3795 3795 3897 3897 3896 3896 3796 3796 3797 3797 3898 3898 3796 3796 3898 3898 3897 3897 3797 3797 3798 3798 3899 3899 3797 3797 3899 3899 3898 3898 3798 3798 3799 3799 3900 3900 3798 3798 3900 3900 3899 3899 3799 3799 3800 3800 3901 3901 3799 3799 3901 3901 3900 3900 3800 3800 3801 3801 3902 3902 3800 3800 3902 3902 3901 3901 3801 3801 3802 3802 3903 3903 3801 3801 3903 3903 3902 3902 3802 3802 3803 3803 3904 3904 3802 3802 3904 3904 3903 3903 3803 3803 3804 3804 3905 3905 3803 3803 3905 3905 3904 3904 3804 3804 3805 3805 3906 3906 3804 3804 3906 3906 3905 3905 3805 3805 3806 3806 3907 3907 3805 3805 3907 3907 3906 3906 3806 3806 3807 3807 3908 3908 3806 3806 3908 3908 3907 3907 3807 3807 3808 3808 3909 3909 3807 3807 3909 3909 3908 3908 3808 3808 3809 3809 3910 3910 3808 3808 3910 3910 3909 3909 3809 3809 3810 3810 3911 3911 3809 3809 3911 3911 3910 3910 3810 3810 3811 3811 3912 3912 3810 3810 3912 3912 3911 3911 3811 3811 3812 3812 3913 3913 3811 3811 3913 3913 3912 3912 3812 3812 3813 3813 3914 3914 3812 3812 3914 3914 3913 3913 3813 3813 3814 3814 3915 3915 3813 3813 3915 3915 3914 3914 3814 3814 3815 3815 3916 3916 3814 3814 3916 3916 3915 3915 3815 3815 3816 3816 3917 3917 3815 3815 3917 3917 3916 3916 3816 3816 3817 3817 3918 3918 3816 3816 3918 3918 3917 3917 3817 3817 3818 3818 3919 3919 3817 3817 3919 3919 3918 3918 3818 3818 3819 3819 3920 3920 3818 3818 3920 3920 3919 3919 3819 3819 3820 3820 3921 3921 3819 3819 3921 3921 3920 3920 3820 3820 3821 3821 3922 3922 3820 3820 3922 3922 3921 3921 3821 3821 3822 3822 3923 3923 3821 3821 3923 3923 3922 3922 3822 3822 3823 3823 3924 3924 3822 3822 3924 3924 3923 3923 3823 3823 3824 3824 3925 3925 3823 3823 3925 3925 3924 3924 3824 3824 3825 3825 3926 3926 3824 3824 3926 3926 3925 3925 3825 3825 3826 3826 3927 3927 3825 3825 3927 3927 3926 3926 3826 3826 3827 3827 3928 3928 3826 3826 3928 3928 3927 3927 3827 3827 3828 3828 3929 3929 3827 3827 3929 3929 3928 3928 3828 3828 3829 3829 3930 3930 3828 3828 3930 3930 3929 3929 3829 3829 3830 3830 3931 3931 3829 3829 3931 3931 3930 3930 3830 3830 3831 3831 3932 3932 3830 3830 3932 3932 3931 3931 3831 3831 3832 3832 3933 3933 3831 3831 3933 3933 3932 3932 3832 3832 3833 3833 3934 3934 3832 3832 3934 3934 3933 3933 3833 3833 3834 3834 3935 3935 3833 3833 3935 3935 3934 3934 3834 3834 3835 3835 3936 3936 3834 3834 3936 3936 3935 3935 3835 3835 3836 3836 3937 3937 3835 3835 3937 3937 3936 3936 3836 3836 3837 3837 3938 3938 3836 3836 3938 3938 3937 3937 3838 3838 3839 3839 3940 3940 3838 3838 3940 3940 3939 3939 3839 3839 3840 3840 3941 3941 3839 3839 3941 3941 3940 3940 3840 3840 3841 3841 3942 3942 3840 3840 3942 3942 3941 3941 3841 3841 3842 3842 3943 3943 3841 3841 3943 3943 3942 3942 3842 3842 3843 3843 3944 3944 3842 3842 3944 3944 3943 3943 3843 3843 3844 3844 3945 3945 3843 3843 3945 3945 3944 3944 3844 3844 3845 3845 3946 3946 3844 3844 3946 3946 3945 3945 3845 3845 3846 3846 3947 3947 3845 3845 3947 3947 3946 3946 3846 3846 3847 3847 3948 3948 3846 3846 3948 3948 3947 3947 3847 3847 3848 3848 3949 3949 3847 3847 3949 3949 3948 3948 3848 3848 3849 3849 3950 3950 3848 3848 3950 3950 3949 3949 3849 3849 3850 3850 3951 3951 3849 3849 3951 3951 3950 3950 3850 3850 3851 3851 3952 3952 3850 3850 3952 3952 3951 3951 3851 3851 3852 3852 3953 3953 3851 3851 3953 3953 3952 3952 3852 3852 3853 3853 3954 3954 3852 3852 3954 3954 3953 3953 3853 3853 3854 3854 3955 3955 3853 3853 3955 3955 3954 3954 3854 3854 3855 3855 3956 3956 3854 3854 3956 3956 3955 3955 3855 3855 3856 3856 3957 3957 3855 3855 3957 3957 3956 3956 3856 3856 3857 3857 3958 3958 3856 3856 3958 3958 3957 3957 3857 3857 3858 3858 3959 3959 3857 3857 3959 3959 3958 3958 3858 3858 3859 3859 3960 3960 3858 3858 3960 3960 3959 3959 3859 3859 3860 3860 3961 3961 3859 3859 3961 3961 3960 3960 3860 3860 3861 3861 3962 3962 3860 3860 3962 3962 3961 3961 3861 3861 3862 3862 3963 3963 3861 3861 3963 3963 3962 3962 3862 3862 3863 3863 3964 3964 3862 3862 3964 3964 3963 3963 3863 3863 3864 3864 3965 3965 3863 3863 3965 3965 3964 3964 3864 3864 3865 3865 3966 3966 3864 3864 3966 3966 3965 3965 3865 3865 3866 3866 3967 3967 3865 3865 3967 3967 3966 3966 3866 3866 3867 3867 3968 3968 3866 3866 3968 3968 3967 3967 3867 3867 3868 3868 3969 3969 3867 3867 3969 3969 3968 3968 3868 3868 3869 3869 3970 3970 3868 3868 3970 3970 3969 3969 3869 3869 3870 3870 3971 3971 3869 3869 3971 3971 3970 3970 3870 3870 3871 3871 3972 3972 3870 3870 3972 3972 3971 3971 3871 3871 3872 3872 3973 3973 3871 3871 3973 3973 3972 3972 3872 3872 3873 3873 3974 3974 3872 3872 3974 3974 3973 3973 3873 3873 3874 3874 3975 3975 3873 3873 3975 3975 3974 3974 3874 3874 3875 3875 3976 3976 3874 3874 3976 3976 3975 3975 3875 3875 3876 3876 3977 3977 3875 3875 3977 3977 3976 3976 3876 3876 3877 3877 3978 3978 3876 3876 3978 3978 3977 3977 3877 3877 3878 3878 3979 3979 3877 3877 3979 3979 3978 3978 3878 3878 3879 3879 3980 3980 3878 3878 3980 3980 3979 3979 3879 3879 3880 3880 3981 3981 3879 3879 3981 3981 3980 3980 3880 3880 3881 3881 3982 3982 3880 3880 3982 3982 3981 3981 3881 3881 3882 3882 3983 3983 3881 3881 3983 3983 3982 3982 3882 3882 3883 3883 3984 3984 3882 3882 3984 3984 3983 3983 3883 3883 3884 3884 3985 3985 3883 3883 3985 3985 3984 3984 3884 3884 3885 3885 3986 3986 3884 3884 3986 3986 3985 3985 3885 3885 3886 3886 3987 3987 3885 3885 3987 3987 3986 3986 3886 3886 3887 3887 3988 3988 3886 3886 3988 3988 3987 3987 3887 3887 3888 3888 3989 3989 3887 3887 3989 3989 3988 3988 3888 3888 3889 3889 3990 3990 3888 3888 3990 3990 3989 3989 3889 3889 3890 3890 3991 3991 3889 3889 3991 3991 3990 3990 3890 3890 3891 3891 3992 3992 3890 3890 3992 3992 3991 3991 3891 3891 3892 3892 3993 3993 3891 3891 3993 3993 3992 3992 3892 3892 3893 3893 3994 3994 3892 3892 3994 3994 3993 3993 3893 3893 3894 3894 3995 3995 3893 3893 3995 3995 3994 3994 3894 3894 3895 3895 3996 3996 3894 3894 3996 3996 3995 3995 3895 3895 3896 3896 3997 3997 3895 3895 3997 3997 3996 3996 3896 3896 3897 3897 3998 3998 3896 3896 3998 3998 3997 3997 3897 3897 3898 3898 3999 3999 3897 3897 3999 3999 3998 3998 3898 3898 3899 3899 4000 4000 3898 3898 4000 4000 3999 3999 3899 3899 3900 3900 4001 4001 3899 3899 4001 4001 4000 4000 3900 3900 3901 3901 4002 4002 3900 3900 4002 4002 4001 4001 3901 3901 3902 3902 4003 4003 3901 3901 4003 4003 4002 4002 3902 3902 3903 3903 4004 4004 3902 3902 4004 4004 4003 4003 3903 3903 3904 3904 4005 4005 3903 3903 4005 4005 4004 4004 3904 3904 3905 3905 4006 4006 3904 3904 4006 4006 4005 4005 3905 3905 3906 3906 4007 4007 3905 3905 4007 4007 4006 4006 3906 3906 3907 3907 4008 4008 3906 3906 4008 4008 4007 4007 3907 3907 3908 3908 4009 4009 3907 3907 4009 4009 4008 4008 3908 3908 3909 3909 4010 4010 3908 3908 4010 4010 4009 4009 3909 3909 3910 3910 4011 4011 3909 3909 4011 4011 4010 4010 3910 3910 3911 3911 4012 4012 3910 3910 4012 4012 4011 4011 3911 3911 3912 3912 4013 4013 3911 3911 4013 4013 4012 4012 3912 3912 3913 3913 4014 4014 3912 3912 4014 4014 4013 4013 3913 3913 3914 3914 4015 4015 3913 3913 4015 4015 4014 4014 3914 3914 3915 3915 4016 4016 3914 3914 4016 4016 4015 4015 3915 3915 3916 3916 4017 4017 3915 3915 4017 4017 4016 4016 3916 3916 3917 3917 4018 4018 3916 3916 4018 4018 4017 4017 3917 3917 3918 3918 4019 4019 3917 3917 4019 4019 4018 4018 3918 3918 3919 3919 4020 4020 3918 3918 4020 4020 4019 4019 3919 3919 3920 3920 4021 4021 3919 3919 4021 4021 4020 4020 3920 3920 3921 3921 4022 4022 3920 3920 4022 4022 4021 4021 3921 3921 3922 3922 4023 4023 3921 3921 4023 4023 4022 4022 3922 3922 3923 3923 4024 4024 3922 3922 4024 4024 4023 4023 3923 3923 3924 3924 4025 4025 3923 3923 4025 4025 4024 4024 3924 3924 3925 3925 4026 4026 3924 3924 4026 4026 4025 4025 3925 3925 3926 3926 4027 4027 3925 3925 4027 4027 4026 4026 3926 3926 3927 3927 4028 4028 3926 3926 4028 4028 4027 4027 3927 3927 3928 3928 4029 4029 3927 3927 4029 4029 4028 4028 3928 3928 3929 3929 4030 4030 3928 3928 4030 4030 4029 4029 3929 3929 3930 3930 4031 4031 3929 3929 4031 4031 4030 4030 3930 3930 3931 3931 4032 4032 3930 3930 4032 4032 4031 4031 3931 3931 3932 3932 4033 4033 3931 3931 4033 4033 4032 4032 3932 3932 3933 3933 4034 4034 3932 3932 4034 4034 4033 4033 3933 3933 3934 3934 4035 4035 3933 3933 4035 4035 4034 4034 3934 3934 3935 3935 4036 4036 3934 3934 4036 4036 4035 4035 3935 3935 3936 3936 4037 4037 3935 3935 4037 4037 4036 4036 3936 3936 3937 3937 4038 4038 3936 3936 4038 4038 4037 4037 3937 3937 3938 3938 4039 4039 3937 3937 4039 4039 4038 4038 3939 3939 3940 3940 4041 4041 3939 3939 4041 4041 4040 4040 3940 3940 3941 3941 4042 4042 3940 3940 4042 4042 4041 4041 3941 3941 3942 3942 4043 4043 3941 3941 4043 4043 4042 4042 3942 3942 3943 3943 4044 4044 3942 3942 4044 4044 4043 4043 3943 3943 3944 3944 4045 4045 3943 3943 4045 4045 4044 4044 3944 3944 3945 3945 4046 4046 3944 3944 4046 4046 4045 4045 3945 3945 3946 3946 4047 4047 3945 3945 4047 4047 4046 4046 3946 3946 3947 3947 4048 4048 3946 3946 4048 4048 4047 4047 3947 3947 3948 3948 4049 4049 3947 3947 4049 4049 4048 4048 3948 3948 3949 3949 4050 4050 3948 3948 4050 4050 4049 4049 3949 3949 3950 3950 4051 4051 3949 3949 4051 4051 4050 4050 3950 3950 3951 3951 4052 4052 3950 3950 4052 4052 4051 4051 3951 3951 3952 3952 4053 4053 3951 3951 4053 4053 4052 4052 3952 3952 3953 3953 4054 4054 3952 3952 4054 4054 4053 4053 3953 3953 3954 3954 4055 4055 3953 3953 4055 4055 4054 4054 3954 3954 3955 3955 4056 4056 3954 3954 4056 4056 4055 4055 3955 3955 3956 3956 4057 4057 3955 3955 4057 4057 4056 4056 3956 3956 3957 3957 4058 4058 3956 3956 4058 4058 4057 4057 3957 3957 3958 3958 4059 4059 3957 3957 4059 4059 4058 4058 3958 3958 3959 3959 4060 4060 3958 3958 4060 4060 4059 4059 3959 3959 3960 3960 4061 4061 3959 3959 4061 4061 4060 4060 3960 3960 3961 3961 4062 4062 3960 3960 4062 4062 4061 4061 3961 3961 3962 3962 4063 4063 3961 3961 4063 4063 4062 4062 3962 3962 3963 3963 4064 4064 3962 3962 4064 4064 4063 4063 3963 3963 3964 3964 4065 4065 3963 3963 4065 4065 4064 4064 3964 3964 3965 3965 4066 4066 3964 3964 4066 4066 4065 4065 3965 3965 3966 3966 4067 4067 3965 3965 4067 4067 4066 4066 3966 3966 3967 3967 4068 4068 3966 3966 4068 4068 4067 4067 3967 3967 3968 3968 4069 4069 3967 3967 4069 4069 4068 4068 3968 3968 3969 3969 4070 4070 3968 3968 4070 4070 4069 4069 3969 3969 3970 3970 4071 4071 3969 3969 4071 4071 4070 4070 3970 3970 3971 3971 4072 4072 3970 3970 4072 4072 4071 4071 3971 3971 3972 3972 4073 4073 3971 3971 4073 4073 4072 4072 3972 3972 3973 3973 4074 4074 3972 3972 4074 4074 4073 4073 3973 3973 3974 3974 4075 4075 3973 3973 4075 4075 4074 4074 3974 3974 3975 3975 4076 4076 3974 3974 4076 4076 4075 4075 3975 3975 3976 3976 4077 4077 3975 3975 4077 4077 4076 4076 3976 3976 3977 3977 4078 4078 3976 3976 4078 4078 4077 4077 3977 3977 3978 3978 4079 4079 3977 3977 4079 4079 4078 4078 3978 3978 3979 3979 4080 4080 3978 3978 4080 4080 4079 4079 3979 3979 3980 3980 4081 4081 3979 3979 4081 4081 4080 4080 3980 3980 3981 3981 4082 4082 3980 3980 4082 4082 4081 4081 3981 3981 3982 3982 4083 4083 3981 3981 4083 4083 4082 4082 3982 3982 3983 3983 4084 4084 3982 3982 4084 4084 4083 4083 3983 3983 3984 3984 4085 4085 3983 3983 4085 4085 4084 4084 3984 3984 3985 3985 4086 4086 3984 3984 4086 4086 4085 4085 3985 3985 3986 3986 4087 4087 3985 3985 4087 4087 4086 4086 3986 3986 3987 3987 4088 4088 3986 3986 4088 4088 4087 4087 3987 3987 3988 3988 4089 4089 3987 3987 4089 4089 4088 4088 3988 3988 3989 3989 4090 4090 3988 3988 4090 4090 4089 4089 3989 3989 3990 3990 4091 4091 3989 3989 4091 4091 4090 4090 3990 3990 3991 3991 4092 4092 3990 3990 4092 4092 4091 4091 3991 3991 3992 3992 4093 4093 3991 3991 4093 4093 4092 4092 3992 3992 3993 3993 4094 4094 3992 3992 4094 4094 4093 4093 3993 3993 3994 3994 4095 4095 3993 3993 4095 4095 4094 4094 3994 3994 3995 3995 4096 4096 3994 3994 4096 4096 4095 4095 3995 3995 3996 3996 4097 4097 3995 3995 4097 4097 4096 4096 3996 3996 3997 3997 4098 4098 3996 3996 4098 4098 4097 4097 3997 3997 3998 3998 4099 4099 3997 3997 4099 4099 4098 4098 3998 3998 3999 3999 4100 4100 3998 3998 4100 4100 4099 4099 3999 3999 4000 4000 4101 4101 3999 3999 4101 4101 4100 4100 4000 4000 4001 4001 4102 4102 4000 4000 4102 4102 4101 4101 4001 4001 4002 4002 4103 4103 4001 4001 4103 4103 4102 4102 4002 4002 4003 4003 4104 4104 4002 4002 4104 4104 4103 4103 4003 4003 4004 4004 4105 4105 4003 4003 4105 4105 4104 4104 4004 4004 4005 4005 4106 4106 4004 4004 4106 4106 4105 4105 4005 4005 4006 4006 4107 4107 4005 4005 4107 4107 4106 4106 4006 4006 4007 4007 4108 4108 4006 4006 4108 4108 4107 4107 4007 4007 4008 4008 4109 4109 4007 4007 4109 4109 4108 4108 4008 4008 4009 4009 4110 4110 4008 4008 4110 4110 4109 4109 4009 4009 4010 4010 4111 4111 4009 4009 4111 4111 4110 4110 4010 4010 4011 4011 4112 4112 4010 4010 4112 4112 4111 4111 4011 4011 4012 4012 4113 4113 4011 4011 4113 4113 4112 4112 4012 4012 4013 4013 4114 4114 4012 4012 4114 4114 4113 4113 4013 4013 4014 4014 4115 4115 4013 4013 4115 4115 4114 4114 4014 4014 4015 4015 4116 4116 4014 4014 4116 4116 4115 4115 4015 4015 4016 4016 4117 4117 4015 4015 4117 4117 4116 4116 4016 4016 4017 4017 4118 4118 4016 4016 4118 4118 4117 4117 4017 4017 4018 4018 4119 4119 4017 4017 4119 4119 4118 4118 4018 4018 4019 4019 4120 4120 4018 4018 4120 4120 4119 4119 4019 4019 4020 4020 4121 4121 4019 4019 4121 4121 4120 4120 4020 4020 4021 4021 4122 4122 4020 4020 4122 4122 4121 4121 4021 4021 4022 4022 4123 4123 4021 4021 4123 4123 4122 4122 4022 4022 4023 4023 4124 4124 4022 4022 4124 4124 4123 4123 4023 4023 4024 4024 4125 4125 4023 4023 4125 4125 4124 4124 4024 4024 4025 4025 4126 4126 4024 4024 4126 4126 4125 4125 4025 4025 4026 4026 4127 4127 4025 4025 4127 4127 4126 4126 4026 4026 4027 4027 4128 4128 4026 4026 4128 4128 4127 4127 4027 4027 4028 4028 4129 4129 4027 4027 4129 4129 4128 4128 4028 4028 4029 4029 4130 4130 4028 4028 4130 4130 4129 4129 4029 4029 4030 4030 4131 4131 4029 4029 4131 4131 4130 4130 4030 4030 4031 4031 4132 4132 4030 4030 4132 4132 4131 4131 4031 4031 4032 4032 4133 4133 4031 4031 4133 4133 4132 4132 4032 4032 4033 4033 4134 4134 4032 4032 4134 4134 4133 4133 4033 4033 4034 4034 4135 4135 4033 4033 4135 4135 4134 4134 4034 4034 4035 4035 4136 4136 4034 4034 4136 4136 4135 4135 4035 4035 4036 4036 4137 4137 4035 4035 4137 4137 4136 4136 4036 4036 4037 4037 4138 4138 4036 4036 4138 4138 4137 4137 4037 4037 4038 4038 4139 4139 4037 4037 4139 4139 4138 4138 4038 4038 4039 4039 4140 4140 4038 4038 4140 4140 4139 4139 4040 4040 4041 4041 4142 4142 4040 4040 4142 4142 4141 4141 4041 4041 4042 4042 4143 4143 4041 4041 4143 4143 4142 4142 4042 4042 4043 4043 4144 4144 4042 4042 4144 4144 4143 4143 4043 4043 4044 4044 4145 4145 4043 4043 4145 4145 4144 4144 4044 4044 4045 4045 4146 4146 4044 4044 4146 4146 4145 4145 4045 4045 4046 4046 4147 4147 4045 4045 4147 4147 4146 4146 4046 4046 4047 4047 4148 4148 4046 4046 4148 4148 4147 4147 4047 4047 4048 4048 4149 4149 4047 4047 4149 4149 4148 4148 4048 4048 4049 4049 4150 4150 4048 4048 4150 4150 4149 4149 4049 4049 4050 4050 4151 4151 4049 4049 4151 4151 4150 4150 4050 4050 4051 4051 4152 4152 4050 4050 4152 4152 4151 4151 4051 4051 4052 4052 4153 4153 4051 4051 4153 4153 4152 4152 4052 4052 4053 4053 4154 4154 4052 4052 4154 4154 4153 4153 4053 4053 4054 4054 4155 4155 4053 4053 4155 4155 4154 4154 4054 4054 4055 4055 4156 4156 4054 4054 4156 4156 4155 4155 4055 4055 4056 4056 4157 4157 4055 4055 4157 4157 4156 4156 4056 4056 4057 4057 4158 4158 4056 4056 4158 4158 4157 4157 4057 4057 4058 4058 4159 4159 4057 4057 4159 4159 4158 4158 4058 4058 4059 4059 4160 4160 4058 4058 4160 4160 4159 4159 4059 4059 4060 4060 4161 4161 4059 4059 4161 4161 4160 4160 4060 4060 4061 4061 4162 4162 4060 4060 4162 4162 4161 4161 4061 4061 4062 4062 4163 4163 4061 4061 4163 4163 4162 4162 4062 4062 4063 4063 4164 4164 4062 4062 4164 4164 4163 4163 4063 4063 4064 4064 4165 4165 4063 4063 4165 4165 4164 4164 4064 4064 4065 4065 4166 4166 4064 4064 4166 4166 4165 4165 4065 4065 4066 4066 4167 4167 4065 4065 4167 4167 4166 4166 4066 4066 4067 4067 4168 4168 4066 4066 4168 4168 4167 4167 4067 4067 4068 4068 4169 4169 4067 4067 4169 4169 4168 4168 4068 4068 4069 4069 4170 4170 4068 4068 4170 4170 4169 4169 4069 4069 4070 4070 4171 4171 4069 4069 4171 4171 4170 4170 4070 4070 4071 4071 4172 4172 4070 4070 4172 4172 4171 4171 4071 4071 4072 4072 4173 4173 4071 4071 4173 4173 4172 4172 4072 4072 4073 4073 4174 4174 4072 4072 4174 4174 4173 4173 4073 4073 4074 4074 4175 4175 4073 4073 4175 4175 4174 4174 4074 4074 4075 4075 4176 4176 4074 4074 4176 4176 4175 4175 4075 4075 4076 4076 4177 4177 4075 4075 4177 4177 4176 4176 4076 4076 4077 4077 4178 4178 4076 4076 4178 4178 4177 4177 4077 4077 4078 4078 4179 4179 4077 4077 4179 4179 4178 4178 4078 4078 4079 4079 4180 4180 4078 4078 4180 4180 4179 4179 4079 4079 4080 4080 4181 4181 4079 4079 4181 4181 4180 4180 4080 4080 4081 4081 4182 4182 4080 4080 4182 4182 4181 4181 4081 4081 4082 4082 4183 4183 4081 4081 4183 4183 4182 4182 4082 4082 4083 4083 4184 4184 4082 4082 4184 4184 4183 4183 4083 4083 4084 4084 4185 4185 4083 4083 4185 4185 4184 4184 4084 4084 4085 4085 4186 4186 4084 4084 4186 4186 4185 4185 4085 4085 4086 4086 4187 4187 4085 4085 4187 4187 4186 4186 4086 4086 4087 4087 4188 4188 4086 4086 4188 4188 4187 4187 4087 4087 4088 4088 4189 4189 4087 4087 4189 4189 4188 4188 4088 4088 4089 4089 4190 4190 4088 4088 4190 4190 4189 4189 4089 4089 4090 4090 4191 4191 4089 4089 4191 4191 4190 4190 4090 4090 4091 4091 4192 4192 4090 4090 4192 4192 4191 4191 4091 4091 4092 4092 4193 4193 4091 4091 4193 4193 4192 4192 4092 4092 4093 4093 4194 4194 4092 4092 4194 4194 4193 4193 4093 4093 4094 4094 4195 4195 4093 4093 4195 4195 4194 4194 4094 4094 4095 4095 4196 4196 4094 4094 4196 4196 4195 4195 4095 4095 4096 4096 4197 4197 4095 4095 4197 4197 4196 4196 4096 4096 4097 4097 4198 4198 4096 4096 4198 4198 4197 4197 4097 4097 4098 4098 4199 4199 4097 4097 4199 4199 4198 4198 4098 4098 4099 4099 4200 4200 4098 4098 4200 4200 4199 4199 4099 4099 4100 4100 4201 4201 4099 4099 4201 4201 4200 4200 4100 4100 4101 4101 4202 4202 4100 4100 4202 4202 4201 4201 4101 4101 4102 4102 4203 4203 4101 4101 4203 4203 4202 4202 4102 4102 4103 4103 4204 4204 4102 4102 4204 4204 4203 4203 4103 4103 4104 4104 4205 4205 4103 4103 4205 4205 4204 4204 4104 4104 4105 4105 4206 4206 4104 4104 4206 4206 4205 4205 4105 4105 4106 4106 4207 4207 4105 4105 4207 4207 4206 4206 4106 4106 4107 4107 4208 4208 4106 4106 4208 4208 4207 4207 4107 4107 4108 4108 4209 4209 4107 4107 4209 4209 4208 4208 4108 4108 4109 4109 4210 4210 4108 4108 4210 4210 4209 4209 4109 4109 4110 4110 4211 4211 4109 4109 4211 4211 4210 4210 4110 4110 4111 4111 4212 4212 4110 4110 4212 4212 4211 4211 4111 4111 4112 4112 4213 4213 4111 4111 4213 4213 4212 4212 4112 4112 4113 4113 4214 4214 4112 4112 4214 4214 4213 4213 4113 4113 4114 4114 4215 4215 4113 4113 4215 4215 4214 4214 4114 4114 4115 4115 4216 4216 4114 4114 4216 4216 4215 4215 4115 4115 4116 4116 4217 4217 4115 4115 4217 4217 4216 4216 4116 4116 4117 4117 4218 4218 4116 4116 4218 4218 4217 4217 4117 4117 4118 4118 4219 4219 4117 4117 4219 4219 4218 4218 4118 4118 4119 4119 4220 4220 4118 4118 4220 4220 4219 4219 4119 4119 4120 4120 4221 4221 4119 4119 4221 4221 4220 4220 4120 4120 4121 4121 4222 4222 4120 4120 4222 4222 4221 4221 4121 4121 4122 4122 4223 4223 4121 4121 4223 4223 4222 4222 4122 4122 4123 4123 4224 4224 4122 4122 4224 4224 4223 4223 4123 4123 4124 4124 4225 4225 4123 4123 4225 4225 4224 4224 4124 4124 4125 4125 4226 4226 4124 4124 4226 4226 4225 4225 4125 4125 4126 4126 4227 4227 4125 4125 4227 4227 4226 4226 4126 4126 4127 4127 4228 4228 4126 4126 4228 4228 4227 4227 4127 4127 4128 4128 4229 4229 4127 4127 4229 4229 4228 4228 4128 4128 4129 4129 4230 4230 4128 4128 4230 4230 4229 4229 4129 4129 4130 4130 4231 4231 4129 4129 4231 4231 4230 4230 4130 4130 4131 4131 4232 4232 4130 4130 4232 4232 4231 4231 4131 4131 4132 4132 4233 4233 4131 4131 4233 4233 4232 4232 4132 4132 4133 4133 4234 4234 4132 4132 4234 4234 4233 4233 4133 4133 4134 4134 4235 4235 4133 4133 4235 4235 4234 4234 4134 4134 4135 4135 4236 4236 4134 4134 4236 4236 4235 4235 4135 4135 4136 4136 4237 4237 4135 4135 4237 4237 4236 4236 4136 4136 4137 4137 4238 4238 4136 4136 4238 4238 4237 4237 4137 4137 4138 4138 4239 4239 4137 4137 4239 4239 4238 4238 4138 4138 4139 4139 4240 4240 4138 4138 4240 4240 4239 4239 4139 4139 4140 4140 4241 4241 4139 4139 4241 4241 4240 4240 4141 4141 4142 4142 4243 4243 4141 4141 4243 4243 4242 4242 4142 4142 4143 4143 4244 4244 4142 4142 4244 4244 4243 4243 4143 4143 4144 4144 4245 4245 4143 4143 4245 4245 4244 4244 4144 4144 4145 4145 4246 4246 4144 4144 4246 4246 4245 4245 4145 4145 4146 4146 4247 4247 4145 4145 4247 4247 4246 4246 4146 4146 4147 4147 4248 4248 4146 4146 4248 4248 4247 4247 4147 4147 4148 4148 4249 4249 4147 4147 4249 4249 4248 4248 4148 4148 4149 4149 4250 4250 4148 4148 4250 4250 4249 4249 4149 4149 4150 4150 4251 4251 4149 4149 4251 4251 4250 4250 4150 4150 4151 4151 4252 4252 4150 4150 4252 4252 4251 4251 4151 4151 4152 4152 4253 4253 4151 4151 4253 4253 4252 4252 4152 4152 4153 4153 4254 4254 4152 4152 4254 4254 4253 4253 4153 4153 4154 4154 4255 4255 4153 4153 4255 4255 4254 4254 4154 4154 4155 4155 4256 4256 4154 4154 4256 4256 4255 4255 4155 4155 4156 4156 4257 4257 4155 4155 4257 4257 4256 4256 4156 4156 4157 4157 4258 4258 4156 4156 4258 4258 4257 4257 4157 4157 4158 4158 4259 4259 4157 4157 4259 4259 4258 4258 4158 4158 4159 4159 4260 4260 4158 4158 4260 4260 4259 4259 4159 4159 4160 4160 4261 4261 4159 4159 4261 4261 4260 4260 4160 4160 4161 4161 4262 4262 4160 4160 4262 4262 4261 4261 4161 4161 4162 4162 4263 4263 4161 4161 4263 4263 4262 4262 4162 4162 4163 4163 4264 4264 4162 4162 4264 4264 4263 4263 4163 4163 4164 4164 4265 4265 4163 4163 4265 4265 4264 4264 4164 4164 4165 4165 4266 4266 4164 4164 4266 4266 4265 4265 4165 4165 4166 4166 4267 4267 4165 4165 4267 4267 4266 4266 4166 4166 4167 4167 4268 4268 4166 4166 4268 4268 4267 4267 4167 4167 4168 4168 4269 4269 4167 4167 4269 4269 4268 4268 4168 4168 4169 4169 4270 4270 4168 4168 4270 4270 4269 4269 4169 4169 4170 4170 4271 4271 4169 4169 4271 4271 4270 4270 4170 4170 4171 4171 4272 4272 4170 4170 4272 4272 4271 4271 4171 4171 4172 4172 4273 4273 4171 4171 4273 4273 4272 4272 4172 4172 4173 4173 4274 4274 4172 4172 4274 4274 4273 4273 4173 4173 4174 4174 4275 4275 4173 4173 4275 4275 4274 4274 4174 4174 4175 4175 4276 4276 4174 4174 4276 4276 4275 4275 4175 4175 4176 4176 4277 4277 4175 4175 4277 4277 4276 4276 4176 4176 4177 4177 4278 4278 4176 4176 4278 4278 4277 4277 4177 4177 4178 4178 4279 4279 4177 4177 4279 4279 4278 4278 4178 4178 4179 4179 4280 4280 4178 4178 4280 4280 4279 4279 4179 4179 4180 4180 4281 4281 4179 4179 4281 4281 4280 4280 4180 4180 4181 4181 4282 4282 4180 4180 4282 4282 4281 4281 4181 4181 4182 4182 4283 4283 4181 4181 4283 4283 4282 4282 4182 4182 4183 4183 4284 4284 4182 4182 4284 4284 4283 4283 4183 4183 4184 4184 4285 4285 4183 4183 4285 4285 4284 4284 4184 4184 4185 4185 4286 4286 4184 4184 4286 4286 4285 4285 4185 4185 4186 4186 4287 4287 4185 4185 4287 4287 4286 4286 4186 4186 4187 4187 4288 4288 4186 4186 4288 4288 4287 4287 4187 4187 4188 4188 4289 4289 4187 4187 4289 4289 4288 4288 4188 4188 4189 4189 4290 4290 4188 4188 4290 4290 4289 4289 4189 4189 4190 4190 4291 4291 4189 4189 4291 4291 4290 4290 4190 4190 4191 4191 4292 4292 4190 4190 4292 4292 4291 4291 4191 4191 4192 4192 4293 4293 4191 4191 4293 4293 4292 4292 4192 4192 4193 4193 4294 4294 4192 4192 4294 4294 4293 4293 4193 4193 4194 4194 4295 4295 4193 4193 4295 4295 4294 4294 4194 4194 4195 4195 4296 4296 4194 4194 4296 4296 4295 4295 4195 4195 4196 4196 4297 4297 4195 4195 4297 4297 4296 4296 4196 4196 4197 4197 4298 4298 4196 4196 4298 4298 4297 4297 4197 4197 4198 4198 4299 4299 4197 4197 4299 4299 4298 4298 4198 4198 4199 4199 4300 4300 4198 4198 4300 4300 4299 4299 4199 4199 4200 4200 4301 4301 4199 4199 4301 4301 4300 4300 4200 4200 4201 4201 4302 4302 4200 4200 4302 4302 4301 4301 4201 4201 4202 4202 4303 4303 4201 4201 4303 4303 4302 4302 4202 4202 4203 4203 4304 4304 4202 4202 4304 4304 4303 4303 4203 4203 4204 4204 4305 4305 4203 4203 4305 4305 4304 4304 4204 4204 4205 4205 4306 4306 4204 4204 4306 4306 4305 4305 4205 4205 4206 4206 4307 4307 4205 4205 4307 4307 4306 4306 4206 4206 4207 4207 4308 4308 4206 4206 4308 4308 4307 4307 4207 4207 4208 4208 4309 4309 4207 4207 4309 4309 4308 4308 4208 4208 4209 4209 4310 4310 4208 4208 4310 4310 4309 4309 4209 4209 4210 4210 4311 4311 4209 4209 4311 4311 4310 4310 4210 4210 4211 4211 4312 4312 4210 4210 4312 4312 4311 4311 4211 4211 4212 4212 4313 4313 4211 4211 4313 4313 4312 4312 4212 4212 4213 4213 4314 4314 4212 4212 4314 4314 4313 4313 4213 4213 4214 4214 4315 4315 4213 4213 4315 4315 4314 4314 4214 4214 4215 4215 4316 4316 4214 4214 4316 4316 4315 4315 4215 4215 4216 4216 4317 4317 4215 4215 4317 4317 4316 4316 4216 4216 4217 4217 4318 4318 4216 4216 4318 4318 4317 4317 4217 4217 4218 4218 4319 4319 4217 4217 4319 4319 4318 4318 4218 4218 4219 4219 4320 4320 4218 4218 4320 4320 4319 4319 4219 4219 4220 4220 4321 4321 4219 4219 4321 4321 4320 4320 4220 4220 4221 4221 4322 4322 4220 4220 4322 4322 4321 4321 4221 4221 4222 4222 4323 4323 4221 4221 4323 4323 4322 4322 4222 4222 4223 4223 4324 4324 4222 4222 4324 4324 4323 4323 4223 4223 4224 4224 4325 4325 4223 4223 4325 4325 4324 4324 4224 4224 4225 4225 4326 4326 4224 4224 4326 4326 4325 4325 4225 4225 4226 4226 4327 4327 4225 4225 4327 4327 4326 4326 4226 4226 4227 4227 4328 4328 4226 4226 4328 4328 4327 4327 4227 4227 4228 4228 4329 4329 4227 4227 4329 4329 4328 4328 4228 4228 4229 4229 4330 4330 4228 4228 4330 4330 4329 4329 4229 4229 4230 4230 4331 4331 4229 4229 4331 4331 4330 4330 4230 4230 4231 4231 4332 4332 4230 4230 4332 4332 4331 4331 4231 4231 4232 4232 4333 4333 4231 4231 4333 4333 4332 4332 4232 4232 4233 4233 4334 4334 4232 4232 4334 4334 4333 4333 4233 4233 4234 4234 4335 4335 4233 4233 4335 4335 4334 4334 4234 4234 4235 4235 4336 4336 4234 4234 4336 4336 4335 4335 4235 4235 4236 4236 4337 4337 4235 4235 4337 4337 4336 4336 4236 4236 4237 4237 4338 4338 4236 4236 4338 4338 4337 4337 4237 4237 4238 4238 4339 4339 4237 4237 4339 4339 4338 4338 4238 4238 4239 4239 4340 4340 4238 4238 4340 4340 4339 4339 4239 4239 4240 4240 4341 4341 4239 4239 4341 4341 4340 4340 4240 4240 4241 4241 4342 4342 4240 4240 4342 4342 4341 4341 4242 4242 4243 4243 4344 4344 4242 4242 4344 4344 4343 4343 4243 4243 4244 4244 4345 4345 4243 4243 4345 4345 4344 4344 4244 4244 4245 4245 4346 4346 4244 4244 4346 4346 4345 4345 4245 4245 4246 4246 4347 4347 4245 4245 4347 4347 4346 4346 4246 4246 4247 4247 4348 4348 4246 4246 4348 4348 4347 4347 4247 4247 4248 4248 4349 4349 4247 4247 4349 4349 4348 4348 4248 4248 4249 4249 4350 4350 4248 4248 4350 4350 4349 4349 4249 4249 4250 4250 4351 4351 4249 4249 4351 4351 4350 4350 4250 4250 4251 4251 4352 4352 4250 4250 4352 4352 4351 4351 4251 4251 4252 4252 4353 4353 4251 4251 4353 4353 4352 4352 4252 4252 4253 4253 4354 4354 4252 4252 4354 4354 4353 4353 4253 4253 4254 4254 4355 4355 4253 4253 4355 4355 4354 4354 4254 4254 4255 4255 4356 4356 4254 4254 4356 4356 4355 4355 4255 4255 4256 4256 4357 4357 4255 4255 4357 4357 4356 4356 4256 4256 4257 4257 4358 4358 4256 4256 4358 4358 4357 4357 4257 4257 4258 4258 4359 4359 4257 4257 4359 4359 4358 4358 4258 4258 4259 4259 4360 4360 4258 4258 4360 4360 4359 4359 4259 4259 4260 4260 4361 4361 4259 4259 4361 4361 4360 4360 4260 4260 4261 4261 4362 4362 4260 4260 4362 4362 4361 4361 4261 4261 4262 4262 4363 4363 4261 4261 4363 4363 4362 4362 4262 4262 4263 4263 4364 4364 4262 4262 4364 4364 4363 4363 4263 4263 4264 4264 4365 4365 4263 4263 4365 4365 4364 4364 4264 4264 4265 4265 4366 4366 4264 4264 4366 4366 4365 4365 4265 4265 4266 4266 4367 4367 4265 4265 4367 4367 4366 4366 4266 4266 4267 4267 4368 4368 4266 4266 4368 4368 4367 4367 4267 4267 4268 4268 4369 4369 4267 4267 4369 4369 4368 4368 4268 4268 4269 4269 4370 4370 4268 4268 4370 4370 4369 4369 4269 4269 4270 4270 4371 4371 4269 4269 4371 4371 4370 4370 4270 4270 4271 4271 4372 4372 4270 4270 4372 4372 4371 4371 4271 4271 4272 4272 4373 4373 4271 4271 4373 4373 4372 4372 4272 4272 4273 4273 4374 4374 4272 4272 4374 4374 4373 4373 4273 4273 4274 4274 4375 4375 4273 4273 4375 4375 4374 4374 4274 4274 4275 4275 4376 4376 4274 4274 4376 4376 4375 4375 4275 4275 4276 4276 4377 4377 4275 4275 4377 4377 4376 4376 4276 4276 4277 4277 4378 4378 4276 4276 4378 4378 4377 4377 4277 4277 4278 4278 4379 4379 4277 4277 4379 4379 4378 4378 4278 4278 4279 4279 4380 4380 4278 4278 4380 4380 4379 4379 4279 4279 4280 4280 4381 4381 4279 4279 4381 4381 4380 4380 4280 4280 4281 4281 4382 4382 4280 4280 4382 4382 4381 4381 4281 4281 4282 4282 4383 4383 4281 4281 4383 4383 4382 4382 4282 4282 4283 4283 4384 4384 4282 4282 4384 4384 4383 4383 4283 4283 4284 4284 4385 4385 4283 4283 4385 4385 4384 4384 4284 4284 4285 4285 4386 4386 4284 4284 4386 4386 4385 4385 4285 4285 4286 4286 4387 4387 4285 4285 4387 4387 4386 4386 4286 4286 4287 4287 4388 4388 4286 4286 4388 4388 4387 4387 4287 4287 4288 4288 4389 4389 4287 4287 4389 4389 4388 4388 4288 4288 4289 4289 4390 4390 4288 4288 4390 4390 4389 4389 4289 4289 4290 4290 4391 4391 4289 4289 4391 4391 4390 4390 4290 4290 4291 4291 4392 4392 4290 4290 4392 4392 4391 4391 4291 4291 4292 4292 4393 4393 4291 4291 4393 4393 4392 4392 4292 4292 4293 4293 4394 4394 4292 4292 4394 4394 4393 4393 4293 4293 4294 4294 4395 4395 4293 4293 4395 4395 4394 4394 4294 4294 4295 4295 4396 4396 4294 4294 4396 4396 4395 4395 4295 4295 4296 4296 4397 4397 4295 4295 4397 4397 4396 4396 4296 4296 4297 4297 4398 4398 4296 4296 4398 4398 4397 4397 4297 4297 4298 4298 4399 4399 4297 4297 4399 4399 4398 4398 4298 4298 4299 4299 4400 4400 4298 4298 4400 4400 4399 4399 4299 4299 4300 4300 4401 4401 4299 4299 4401 4401 4400 4400 4300 4300 4301 4301 4402 4402 4300 4300 4402 4402 4401 4401 4301 4301 4302 4302 4403 4403 4301 4301 4403 4403 4402 4402 4302 4302 4303 4303 4404 4404 4302 4302 4404 4404 4403 4403 4303 4303 4304 4304 4405 4405 4303 4303 4405 4405 4404 4404 4304 4304 4305 4305 4406 4406 4304 4304 4406 4406 4405 4405 4305 4305 4306 4306 4407 4407 4305 4305 4407 4407 4406 4406 4306 4306 4307 4307 4408 4408 4306 4306 4408 4408 4407 4407 4307 4307 4308 4308 4409 4409 4307 4307 4409 4409 4408 4408 4308 4308 4309 4309 4410 4410 4308 4308 4410 4410 4409 4409 4309 4309 4310 4310 4411 4411 4309 4309 4411 4411 4410 4410 4310 4310 4311 4311 4412 4412 4310 4310 4412 4412 4411 4411 4311 4311 4312 4312 4413 4413 4311 4311 4413 4413 4412 4412 4312 4312 4313 4313 4414 4414 4312 4312 4414 4414 4413 4413 4313 4313 4314 4314 4415 4415 4313 4313 4415 4415 4414 4414 4314 4314 4315 4315 4416 4416 4314 4314 4416 4416 4415 4415 4315 4315 4316 4316 4417 4417 4315 4315 4417 4417 4416 4416 4316 4316 4317 4317 4418 4418 4316 4316 4418 4418 4417 4417 4317 4317 4318 4318 4419 4419 4317 4317 4419 4419 4418 4418 4318 4318 4319 4319 4420 4420 4318 4318 4420 4420 4419 4419 4319 4319 4320 4320 4421 4421 4319 4319 4421 4421 4420 4420 4320 4320 4321 4321 4422 4422 4320 4320 4422 4422 4421 4421 4321 4321 4322 4322 4423 4423 4321 4321 4423 4423 4422 4422 4322 4322 4323 4323 4424 4424 4322 4322 4424 4424 4423 4423 4323 4323 4324 4324 4425 4425 4323 4323 4425 4425 4424 4424 4324 4324 4325 4325 4426 4426 4324 4324 4426 4426 4425 4425 4325 4325 4326 4326 4427 4427 4325 4325 4427 4427 4426 4426 4326 4326 4327 4327 4428 4428 4326 4326 4428 4428 4427 4427 4327 4327 4328 4328 4429 4429 4327 4327 4429 4429 4428 4428 4328 4328 4329 4329 4430 4430 4328 4328 4430 4430 4429 4429 4329 4329 4330 4330 4431 4431 4329 4329 4431 4431 4430 4430 4330 4330 4331 4331 4432 4432 4330 4330 4432 4432 4431 4431 4331 4331 4332 4332 4433 4433 4331 4331 4433 4433 4432 4432 4332 4332 4333 4333 4434 4434 4332 4332 4434 4434 4433 4433 4333 4333 4334 4334 4435 4435 4333 4333 4435 4435 4434 4434 4334 4334 4335 4335 4436 4436 4334 4334 4436 4436 4435 4435 4335 4335 4336 4336 4437 4437 4335 4335 4437 4437 4436 4436 4336 4336 4337 4337 4438 4438 4336 4336 4438 4438 4437 4437 4337 4337 4338 4338 4439 4439 4337 4337 4439 4439 4438 4438 4338 4338 4339 4339 4440 4440 4338 4338 4440 4440 4439 4439 4339 4339 4340 4340 4441 4441 4339 4339 4441 4441 4440 4440 4340 4340 4341 4341 4442 4442 4340 4340 4442 4442 4441 4441 4341 4341 4342 4342 4443 4443 4341 4341 4443 4443 4442 4442 4343 4343 4344 4344 4445 4445 4343 4343 4445 4445 4444 4444 4344 4344 4345 4345 4446 4446 4344 4344 4446 4446 4445 4445 4345 4345 4346 4346 4447 4447 4345 4345 4447 4447 4446 4446 4346 4346 4347 4347 4448 4448 4346 4346 4448 4448 4447 4447 4347 4347 4348 4348 4449 4449 4347 4347 4449 4449 4448 4448 4348 4348 4349 4349 4450 4450 4348 4348 4450 4450 4449 4449 4349 4349 4350 4350 4451 4451 4349 4349 4451 4451 4450 4450 4350 4350 4351 4351 4452 4452 4350 4350 4452 4452 4451 4451 4351 4351 4352 4352 4453 4453 4351 4351 4453 4453 4452 4452 4352 4352 4353 4353 4454 4454 4352 4352 4454 4454 4453 4453 4353 4353 4354 4354 4455 4455 4353 4353 4455 4455 4454 4454 4354 4354 4355 4355 4456 4456 4354 4354 4456 4456 4455 4455 4355 4355 4356 4356 4457 4457 4355 4355 4457 4457 4456 4456 4356 4356 4357 4357 4458 4458 4356 4356 4458 4458 4457 4457 4357 4357 4358 4358 4459 4459 4357 4357 4459 4459 4458 4458 4358 4358 4359 4359 4460 4460 4358 4358 4460 4460 4459 4459 4359 4359 4360 4360 4461 4461 4359 4359 4461 4461 4460 4460 4360 4360 4361 4361 4462 4462 4360 4360 4462 4462 4461 4461 4361 4361 4362 4362 4463 4463 4361 4361 4463 4463 4462 4462 4362 4362 4363 4363 4464 4464 4362 4362 4464 4464 4463 4463 4363 4363 4364 4364 4465 4465 4363 4363 4465 4465 4464 4464 4364 4364 4365 4365 4466 4466 4364 4364 4466 4466 4465 4465 4365 4365 4366 4366 4467 4467 4365 4365 4467 4467 4466 4466 4366 4366 4367 4367 4468 4468 4366 4366 4468 4468 4467 4467 4367 4367 4368 4368 4469 4469 4367 4367 4469 4469 4468 4468 4368 4368 4369 4369 4470 4470 4368 4368 4470 4470 4469 4469 4369 4369 4370 4370 4471 4471 4369 4369 4471 4471 4470 4470 4370 4370 4371 4371 4472 4472 4370 4370 4472 4472 4471 4471 4371 4371 4372 4372 4473 4473 4371 4371 4473 4473 4472 4472 4372 4372 4373 4373 4474 4474 4372 4372 4474 4474 4473 4473 4373 4373 4374 4374 4475 4475 4373 4373 4475 4475 4474 4474 4374 4374 4375 4375 4476 4476 4374 4374 4476 4476 4475 4475 4375 4375 4376 4376 4477 4477 4375 4375 4477 4477 4476 4476 4376 4376 4377 4377 4478 4478 4376 4376 4478 4478 4477 4477 4377 4377 4378 4378 4479 4479 4377 4377 4479 4479 4478 4478 4378 4378 4379 4379 4480 4480 4378 4378 4480 4480 4479 4479 4379 4379 4380 4380 4481 4481 4379 4379 4481 4481 4480 4480 4380 4380 4381 4381 4482 4482 4380 4380 4482 4482 4481 4481 4381 4381 4382 4382 4483 4483 4381 4381 4483 4483 4482 4482 4382 4382 4383 4383 4484 4484 4382 4382 4484 4484 4483 4483 4383 4383 4384 4384 4485 4485 4383 4383 4485 4485 4484 4484 4384 4384 4385 4385 4486 4486 4384 4384 4486 4486 4485 4485 4385 4385 4386 4386 4487 4487 4385 4385 4487 4487 4486 4486 4386 4386 4387 4387 4488 4488 4386 4386 4488 4488 4487 4487 4387 4387 4388 4388 4489 4489 4387 4387 4489 4489 4488 4488 4388 4388 4389 4389 4490 4490 4388 4388 4490 4490 4489 4489 4389 4389 4390 4390 4491 4491 4389 4389 4491 4491 4490 4490 4390 4390 4391 4391 4492 4492 4390 4390 4492 4492 4491 4491 4391 4391 4392 4392 4493 4493 4391 4391 4493 4493 4492 4492 4392 4392 4393 4393 4494 4494 4392 4392 4494 4494 4493 4493 4393 4393 4394 4394 4495 4495 4393 4393 4495 4495 4494 4494 4394 4394 4395 4395 4496 4496 4394 4394 4496 4496 4495 4495 4395 4395 4396 4396 4497 4497 4395 4395 4497 4497 4496 4496 4396 4396 4397 4397 4498 4498 4396 4396 4498 4498 4497 4497 4397 4397 4398 4398 4499 4499 4397 4397 4499 4499 4498 4498 4398 4398 4399 4399 4500 4500 4398 4398 4500 4500 4499 4499 4399 4399 4400 4400 4501 4501 4399 4399 4501 4501 4500 4500 4400 4400 4401 4401 4502 4502 4400 4400 4502 4502 4501 4501 4401 4401 4402 4402 4503 4503 4401 4401 4503 4503 4502 4502 4402 4402 4403 4403 4504 4504 4402 4402 4504 4504 4503 4503 4403 4403 4404 4404 4505 4505 4403 4403 4505 4505 4504 4504 4404 4404 4405 4405 4506 4506 4404 4404 4506 4506 4505 4505 4405 4405 4406 4406 4507 4507 4405 4405 4507 4507 4506 4506 4406 4406 4407 4407 4508 4508 4406 4406 4508 4508 4507 4507 4407 4407 4408 4408 4509 4509 4407 4407 4509 4509 4508 4508 4408 4408 4409 4409 4510 4510 4408 4408 4510 4510 4509 4509 4409 4409 4410 4410 4511 4511 4409 4409 4511 4511 4510 4510 4410 4410 4411 4411 4512 4512 4410 4410 4512 4512 4511 4511 4411 4411 4412 4412 4513 4513 4411 4411 4513 4513 4512 4512 4412 4412 4413 4413 4514 4514 4412 4412 4514 4514 4513 4513 4413 4413 4414 4414 4515 4515 4413 4413 4515 4515 4514 4514 4414 4414 4415 4415 4516 4516 4414 4414 4516 4516 4515 4515 4415 4415 4416 4416 4517 4517 4415 4415 4517 4517 4516 4516 4416 4416 4417 4417 4518 4518 4416 4416 4518 4518 4517 4517 4417 4417 4418 4418 4519 4519 4417 4417 4519 4519 4518 4518 4418 4418 4419 4419 4520 4520 4418 4418 4520 4520 4519 4519 4419 4419 4420 4420 4521 4521 4419 4419 4521 4521 4520 4520 4420 4420 4421 4421 4522 4522 4420 4420 4522 4522 4521 4521 4421 4421 4422 4422 4523 4523 4421 4421 4523 4523 4522 4522 4422 4422 4423 4423 4524 4524 4422 4422 4524 4524 4523 4523 4423 4423 4424 4424 4525 4525 4423 4423 4525 4525 4524 4524 4424 4424 4425 4425 4526 4526 4424 4424 4526 4526 4525 4525 4425 4425 4426 4426 4527 4527 4425 4425 4527 4527 4526 4526 4426 4426 4427 4427 4528 4528 4426 4426 4528 4528 4527 4527 4427 4427 4428 4428 4529 4529 4427 4427 4529 4529 4528 4528 4428 4428 4429 4429 4530 4530 4428 4428 4530 4530 4529 4529 4429 4429 4430 4430 4531 4531 4429 4429 4531 4531 4530 4530 4430 4430 4431 4431 4532 4532 4430 4430 4532 4532 4531 4531 4431 4431 4432 4432 4533 4533 4431 4431 4533 4533 4532 4532 4432 4432 4433 4433 4534 4534 4432 4432 4534 4534 4533 4533 4433 4433 4434 4434 4535 4535 4433 4433 4535 4535 4534 4534 4434 4434 4435 4435 4536 4536 4434 4434 4536 4536 4535 4535 4435 4435 4436 4436 4537 4537 4435 4435 4537 4537 4536 4536 4436 4436 4437 4437 4538 4538 4436 4436 4538 4538 4537 4537 4437 4437 4438 4438 4539 4539 4437 4437 4539 4539 4538 4538 4438 4438 4439 4439 4540 4540 4438 4438 4540 4540 4539 4539 4439 4439 4440 4440 4541 4541 4439 4439 4541 4541 4540 4540 4440 4440 4441 4441 4542 4542 4440 4440 4542 4542 4541 4541 4441 4441 4442 4442 4543 4543 4441 4441 4543 4543 4542 4542 4442 4442 4443 4443 4544 4544 4442 4442 4544 4544 4543 4543 4444 4444 4445 4445 4546 4546 4444 4444 4546 4546 4545 4545 4445 4445 4446 4446 4547 4547 4445 4445 4547 4547 4546 4546 4446 4446 4447 4447 4548 4548 4446 4446 4548 4548 4547 4547 4447 4447 4448 4448 4549 4549 4447 4447 4549 4549 4548 4548 4448 4448 4449 4449 4550 4550 4448 4448 4550 4550 4549 4549 4449 4449 4450 4450 4551 4551 4449 4449 4551 4551 4550 4550 4450 4450 4451 4451 4552 4552 4450 4450 4552 4552 4551 4551 4451 4451 4452 4452 4553 4553 4451 4451 4553 4553 4552 4552 4452 4452 4453 4453 4554 4554 4452 4452 4554 4554 4553 4553 4453 4453 4454 4454 4555 4555 4453 4453 4555 4555 4554 4554 4454 4454 4455 4455 4556 4556 4454 4454 4556 4556 4555 4555 4455 4455 4456 4456 4557 4557 4455 4455 4557 4557 4556 4556 4456 4456 4457 4457 4558 4558 4456 4456 4558 4558 4557 4557 4457 4457 4458 4458 4559 4559 4457 4457 4559 4559 4558 4558 4458 4458 4459 4459 4560 4560 4458 4458 4560 4560 4559 4559 4459 4459 4460 4460 4561 4561 4459 4459 4561 4561 4560 4560 4460 4460 4461 4461 4562 4562 4460 4460 4562 4562 4561 4561 4461 4461 4462 4462 4563 4563 4461 4461 4563 4563 4562 4562 4462 4462 4463 4463 4564 4564 4462 4462 4564 4564 4563 4563 4463 4463 4464 4464 4565 4565 4463 4463 4565 4565 4564 4564 4464 4464 4465 4465 4566 4566 4464 4464 4566 4566 4565 4565 4465 4465 4466 4466 4567 4567 4465 4465 4567 4567 4566 4566 4466 4466 4467 4467 4568 4568 4466 4466 4568 4568 4567 4567 4467 4467 4468 4468 4569 4569 4467 4467 4569 4569 4568 4568 4468 4468 4469 4469 4570 4570 4468 4468 4570 4570 4569 4569 4469 4469 4470 4470 4571 4571 4469 4469 4571 4571 4570 4570 4470 4470 4471 4471 4572 4572 4470 4470 4572 4572 4571 4571 4471 4471 4472 4472 4573 4573 4471 4471 4573 4573 4572 4572 4472 4472 4473 4473 4574 4574 4472 4472 4574 4574 4573 4573 4473 4473 4474 4474 4575 4575 4473 4473 4575 4575 4574 4574 4474 4474 4475 4475 4576 4576 4474 4474 4576 4576 4575 4575 4475 4475 4476 4476 4577 4577 4475 4475 4577 4577 4576 4576 4476 4476 4477 4477 4578 4578 4476 4476 4578 4578 4577 4577 4477 4477 4478 4478 4579 4579 4477 4477 4579 4579 4578 4578 4478 4478 4479 4479 4580 4580 4478 4478 4580 4580 4579 4579 4479 4479 4480 4480 4581 4581 4479 4479 4581 4581 4580 4580 4480 4480 4481 4481 4582 4582 4480 4480 4582 4582 4581 4581 4481 4481 4482 4482 4583 4583 4481 4481 4583 4583 4582 4582 4482 4482 4483 4483 4584 4584 4482 4482 4584 4584 4583 4583 4483 4483 4484 4484 4585 4585 4483 4483 4585 4585 4584 4584 4484 4484 4485 4485 4586 4586 4484 4484 4586 4586 4585 4585 4485 4485 4486 4486 4587 4587 4485 4485 4587 4587 4586 4586 4486 4486 4487 4487 4588 4588 4486 4486 4588 4588 4587 4587 4487 4487 4488 4488 4589 4589 4487 4487 4589 4589 4588 4588 4488 4488 4489 4489 4590 4590 4488 4488 4590 4590 4589 4589 4489 4489 4490 4490 4591 4591 4489 4489 4591 4591 4590 4590 4490 4490 4491 4491 4592 4592 4490 4490 4592 4592 4591 4591 4491 4491 4492 4492 4593 4593 4491 4491 4593 4593 4592 4592 4492 4492 4493 4493 4594 4594 4492 4492 4594 4594 4593 4593 4493 4493 4494 4494 4595 4595 4493 4493 4595 4595 4594 4594 4494 4494 4495 4495 4596 4596 4494 4494 4596 4596 4595 4595 4495 4495 4496 4496 4597 4597 4495 4495 4597 4597 4596 4596 4496 4496 4497 4497 4598 4598 4496 4496 4598 4598 4597 4597 4497 4497 4498 4498 4599 4599 4497 4497 4599 4599 4598 4598 4498 4498 4499 4499 4600 4600 4498 4498 4600 4600 4599 4599 4499 4499 4500 4500 4601 4601 4499 4499 4601 4601 4600 4600 4500 4500 4501 4501 4602 4602 4500 4500 4602 4602 4601 4601 4501 4501 4502 4502 4603 4603 4501 4501 4603 4603 4602 4602 4502 4502 4503 4503 4604 4604 4502 4502 4604 4604 4603 4603 4503 4503 4504 4504 4605 4605 4503 4503 4605 4605 4604 4604 4504 4504 4505 4505 4606 4606 4504 4504 4606 4606 4605 4605 4505 4505 4506 4506 4607 4607 4505 4505 4607 4607 4606 4606 4506 4506 4507 4507 4608 4608 4506 4506 4608 4608 4607 4607 4507 4507 4508 4508 4609 4609 4507 4507 4609 4609 4608 4608 4508 4508 4509 4509 4610 4610 4508 4508 4610 4610 4609 4609 4509 4509 4510 4510 4611 4611 4509 4509 4611 4611 4610 4610 4510 4510 4511 4511 4612 4612 4510 4510 4612 4612 4611 4611 4511 4511 4512 4512 4613 4613 4511 4511 4613 4613 4612 4612 4512 4512 4513 4513 4614 4614 4512 4512 4614 4614 4613 4613 4513 4513 4514 4514 4615 4615 4513 4513 4615 4615 4614 4614 4514 4514 4515 4515 4616 4616 4514 4514 4616 4616 4615 4615 4515 4515 4516 4516 4617 4617 4515 4515 4617 4617 4616 4616 4516 4516 4517 4517 4618 4618 4516 4516 4618 4618 4617 4617 4517 4517 4518 4518 4619 4619 4517 4517 4619 4619 4618 4618 4518 4518 4519 4519 4620 4620 4518 4518 4620 4620 4619 4619 4519 4519 4520 4520 4621 4621 4519 4519 4621 4621 4620 4620 4520 4520 4521 4521 4622 4622 4520 4520 4622 4622 4621 4621 4521 4521 4522 4522 4623 4623 4521 4521 4623 4623 4622 4622 4522 4522 4523 4523 4624 4624 4522 4522 4624 4624 4623 4623 4523 4523 4524 4524 4625 4625 4523 4523 4625 4625 4624 4624 4524 4524 4525 4525 4626 4626 4524 4524 4626 4626 4625 4625 4525 4525 4526 4526 4627 4627 4525 4525 4627 4627 4626 4626 4526 4526 4527 4527 4628 4628 4526 4526 4628 4628 4627 4627 4527 4527 4528 4528 4629 4629 4527 4527 4629 4629 4628 4628 4528 4528 4529 4529 4630 4630 4528 4528 4630 4630 4629 4629 4529 4529 4530 4530 4631 4631 4529 4529 4631 4631 4630 4630 4530 4530 4531 4531 4632 4632 4530 4530 4632 4632 4631 4631 4531 4531 4532 4532 4633 4633 4531 4531 4633 4633 4632 4632 4532 4532 4533 4533 4634 4634 4532 4532 4634 4634 4633 4633 4533 4533 4534 4534 4635 4635 4533 4533 4635 4635 4634 4634 4534 4534 4535 4535 4636 4636 4534 4534 4636 4636 4635 4635 4535 4535 4536 4536 4637 4637 4535 4535 4637 4637 4636 4636 4536 4536 4537 4537 4638 4638 4536 4536 4638 4638 4637 4637 4537 4537 4538 4538 4639 4639 4537 4537 4639 4639 4638 4638 4538 4538 4539 4539 4640 4640 4538 4538 4640 4640 4639 4639 4539 4539 4540 4540 4641 4641 4539 4539 4641 4641 4640 4640 4540 4540 4541 4541 4642 4642 4540 4540 4642 4642 4641 4641 4541 4541 4542 4542 4643 4643 4541 4541 4643 4643 4642 4642 4542 4542 4543 4543 4644 4644 4542 4542 4644 4644 4643 4643 4543 4543 4544 4544 4645 4645 4543 4543 4645 4645 4644 4644 4545 4545 4546 4546 4647 4647 4545 4545 4647 4647 4646 4646 4546 4546 4547 4547 4648 4648 4546 4546 4648 4648 4647 4647 4547 4547 4548 4548 4649 4649 4547 4547 4649 4649 4648 4648 4548 4548 4549 4549 4650 4650 4548 4548 4650 4650 4649 4649 4549 4549 4550 4550 4651 4651 4549 4549 4651 4651 4650 4650 4550 4550 4551 4551 4652 4652 4550 4550 4652 4652 4651 4651 4551 4551 4552 4552 4653 4653 4551 4551 4653 4653 4652 4652 4552 4552 4553 4553 4654 4654 4552 4552 4654 4654 4653 4653 4553 4553 4554 4554 4655 4655 4553 4553 4655 4655 4654 4654 4554 4554 4555 4555 4656 4656 4554 4554 4656 4656 4655 4655 4555 4555 4556 4556 4657 4657 4555 4555 4657 4657 4656 4656 4556 4556 4557 4557 4658 4658 4556 4556 4658 4658 4657 4657 4557 4557 4558 4558 4659 4659 4557 4557 4659 4659 4658 4658 4558 4558 4559 4559 4660 4660 4558 4558 4660 4660 4659 4659 4559 4559 4560 4560 4661 4661 4559 4559 4661 4661 4660 4660 4560 4560 4561 4561 4662 4662 4560 4560 4662 4662 4661 4661 4561 4561 4562 4562 4663 4663 4561 4561 4663 4663 4662 4662 4562 4562 4563 4563 4664 4664 4562 4562 4664 4664 4663 4663 4563 4563 4564 4564 4665 4665 4563 4563 4665 4665 4664 4664 4564 4564 4565 4565 4666 4666 4564 4564 4666 4666 4665 4665 4565 4565 4566 4566 4667 4667 4565 4565 4667 4667 4666 4666 4566 4566 4567 4567 4668 4668 4566 4566 4668 4668 4667 4667 4567 4567 4568 4568 4669 4669 4567 4567 4669 4669 4668 4668 4568 4568 4569 4569 4670 4670 4568 4568 4670 4670 4669 4669 4569 4569 4570 4570 4671 4671 4569 4569 4671 4671 4670 4670 4570 4570 4571 4571 4672 4672 4570 4570 4672 4672 4671 4671 4571 4571 4572 4572 4673 4673 4571 4571 4673 4673 4672 4672 4572 4572 4573 4573 4674 4674 4572 4572 4674 4674 4673 4673 4573 4573 4574 4574 4675 4675 4573 4573 4675 4675 4674 4674 4574 4574 4575 4575 4676 4676 4574 4574 4676 4676 4675 4675 4575 4575 4576 4576 4677 4677 4575 4575 4677 4677 4676 4676 4576 4576 4577 4577 4678 4678 4576 4576 4678 4678 4677 4677 4577 4577 4578 4578 4679 4679 4577 4577 4679 4679 4678 4678 4578 4578 4579 4579 4680 4680 4578 4578 4680 4680 4679 4679 4579 4579 4580 4580 4681 4681 4579 4579 4681 4681 4680 4680 4580 4580 4581 4581 4682 4682 4580 4580 4682 4682 4681 4681 4581 4581 4582 4582 4683 4683 4581 4581 4683 4683 4682 4682 4582 4582 4583 4583 4684 4684 4582 4582 4684 4684 4683 4683 4583 4583 4584 4584 4685 4685 4583 4583 4685 4685 4684 4684 4584 4584 4585 4585 4686 4686 4584 4584 4686 4686 4685 4685 4585 4585 4586 4586 4687 4687 4585 4585 4687 4687 4686 4686 4586 4586 4587 4587 4688 4688 4586 4586 4688 4688 4687 4687 4587 4587 4588 4588 4689 4689 4587 4587 4689 4689 4688 4688 4588 4588 4589 4589 4690 4690 4588 4588 4690 4690 4689 4689 4589 4589 4590 4590 4691 4691 4589 4589 4691 4691 4690 4690 4590 4590 4591 4591 4692 4692 4590 4590 4692 4692 4691 4691 4591 4591 4592 4592 4693 4693 4591 4591 4693 4693 4692 4692 4592 4592 4593 4593 4694 4694 4592 4592 4694 4694 4693 4693 4593 4593 4594 4594 4695 4695 4593 4593 4695 4695 4694 4694 4594 4594 4595 4595 4696 4696 4594 4594 4696 4696 4695 4695 4595 4595 4596 4596 4697 4697 4595 4595 4697 4697 4696 4696 4596 4596 4597 4597 4698 4698 4596 4596 4698 4698 4697 4697 4597 4597 4598 4598 4699 4699 4597 4597 4699 4699 4698 4698 4598 4598 4599 4599 4700 4700 4598 4598 4700 4700 4699 4699 4599 4599 4600 4600 4701 4701 4599 4599 4701 4701 4700 4700 4600 4600 4601 4601 4702 4702 4600 4600 4702 4702 4701 4701 4601 4601 4602 4602 4703 4703 4601 4601 4703 4703 4702 4702 4602 4602 4603 4603 4704 4704 4602 4602 4704 4704 4703 4703 4603 4603 4604 4604 4705 4705 4603 4603 4705 4705 4704 4704 4604 4604 4605 4605 4706 4706 4604 4604 4706 4706 4705 4705 4605 4605 4606 4606 4707 4707 4605 4605 4707 4707 4706 4706 4606 4606 4607 4607 4708 4708 4606 4606 4708 4708 4707 4707 4607 4607 4608 4608 4709 4709 4607 4607 4709 4709 4708 4708 4608 4608 4609 4609 4710 4710 4608 4608 4710 4710 4709 4709 4609 4609 4610 4610 4711 4711 4609 4609 4711 4711 4710 4710 4610 4610 4611 4611 4712 4712 4610 4610 4712 4712 4711 4711 4611 4611 4612 4612 4713 4713 4611 4611 4713 4713 4712 4712 4612 4612 4613 4613 4714 4714 4612 4612 4714 4714 4713 4713 4613 4613 4614 4614 4715 4715 4613 4613 4715 4715 4714 4714 4614 4614 4615 4615 4716 4716 4614 4614 4716 4716 4715 4715 4615 4615 4616 4616 4717 4717 4615 4615 4717 4717 4716 4716 4616 4616 4617 4617 4718 4718 4616 4616 4718 4718 4717 4717 4617 4617 4618 4618 4719 4719 4617 4617 4719 4719 4718 4718 4618 4618 4619 4619 4720 4720 4618 4618 4720 4720 4719 4719 4619 4619 4620 4620 4721 4721 4619 4619 4721 4721 4720 4720 4620 4620 4621 4621 4722 4722 4620 4620 4722 4722 4721 4721 4621 4621 4622 4622 4723 4723 4621 4621 4723 4723 4722 4722 4622 4622 4623 4623 4724 4724 4622 4622 4724 4724 4723 4723 4623 4623 4624 4624 4725 4725 4623 4623 4725 4725 4724 4724 4624 4624 4625 4625 4726 4726 4624 4624 4726 4726 4725 4725 4625 4625 4626 4626 4727 4727 4625 4625 4727 4727 4726 4726 4626 4626 4627 4627 4728 4728 4626 4626 4728 4728 4727 4727 4627 4627 4628 4628 4729 4729 4627 4627 4729 4729 4728 4728 4628 4628 4629 4629 4730 4730 4628 4628 4730 4730 4729 4729 4629 4629 4630 4630 4731 4731 4629 4629 4731 4731 4730 4730 4630 4630 4631 4631 4732 4732 4630 4630 4732 4732 4731 4731 4631 4631 4632 4632 4733 4733 4631 4631 4733 4733 4732 4732 4632 4632 4633 4633 4734 4734 4632 4632 4734 4734 4733 4733 4633 4633 4634 4634 4735 4735 4633 4633 4735 4735 4734 4734 4634 4634 4635 4635 4736 4736 4634 4634 4736 4736 4735 4735 4635 4635 4636 4636 4737 4737 4635 4635 4737 4737 4736 4736 4636 4636 4637 4637 4738 4738 4636 4636 4738 4738 4737 4737 4637 4637 4638 4638 4739 4739 4637 4637 4739 4739 4738 4738 4638 4638 4639 4639 4740 4740 4638 4638 4740 4740 4739 4739 4639 4639 4640 4640 4741 4741 4639 4639 4741 4741 4740 4740 4640 4640 4641 4641 4742 4742 4640 4640 4742 4742 4741 4741 4641 4641 4642 4642 4743 4743 4641 4641 4743 4743 4742 4742 4642 4642 4643 4643 4744 4744 4642 4642 4744 4744 4743 4743 4643 4643 4644 4644 4745 4745 4643 4643 4745 4745 4744 4744 4644 4644 4645 4645 4746 4746 4644 4644 4746 4746 4745 4745 4646 4646 4647 4647 4748 4748 4646 4646 4748 4748 4747 4747 4647 4647 4648 4648 4749 4749 4647 4647 4749 4749 4748 4748 4648 4648 4649 4649 4750 4750 4648 4648 4750 4750 4749 4749 4649 4649 4650 4650 4751 4751 4649 4649 4751 4751 4750 4750 4650 4650 4651 4651 4752 4752 4650 4650 4752 4752 4751 4751 4651 4651 4652 4652 4753 4753 4651 4651 4753 4753 4752 4752 4652 4652 4653 4653 4754 4754 4652 4652 4754 4754 4753 4753 4653 4653 4654 4654 4755 4755 4653 4653 4755 4755 4754 4754 4654 4654 4655 4655 4756 4756 4654 4654 4756 4756 4755 4755 4655 4655 4656 4656 4757 4757 4655 4655 4757 4757 4756 4756 4656 4656 4657 4657 4758 4758 4656 4656 4758 4758 4757 4757 4657 4657 4658 4658 4759 4759 4657 4657 4759 4759 4758 4758 4658 4658 4659 4659 4760 4760 4658 4658 4760 4760 4759 4759 4659 4659 4660 4660 4761 4761 4659 4659 4761 4761 4760 4760 4660 4660 4661 4661 4762 4762 4660 4660 4762 4762 4761 4761 4661 4661 4662 4662 4763 4763 4661 4661 4763 4763 4762 4762 4662 4662 4663 4663 4764 4764 4662 4662 4764 4764 4763 4763 4663 4663 4664 4664 4765 4765 4663 4663 4765 4765 4764 4764 4664 4664 4665 4665 4766 4766 4664 4664 4766 4766 4765 4765 4665 4665 4666 4666 4767 4767 4665 4665 4767 4767 4766 4766 4666 4666 4667 4667 4768 4768 4666 4666 4768 4768 4767 4767 4667 4667 4668 4668 4769 4769 4667 4667 4769 4769 4768 4768 4668 4668 4669 4669 4770 4770 4668 4668 4770 4770 4769 4769 4669 4669 4670 4670 4771 4771 4669 4669 4771 4771 4770 4770 4670 4670 4671 4671 4772 4772 4670 4670 4772 4772 4771 4771 4671 4671 4672 4672 4773 4773 4671 4671 4773 4773 4772 4772 4672 4672 4673 4673 4774 4774 4672 4672 4774 4774 4773 4773 4673 4673 4674 4674 4775 4775 4673 4673 4775 4775 4774 4774 4674 4674 4675 4675 4776 4776 4674 4674 4776 4776 4775 4775 4675 4675 4676 4676 4777 4777 4675 4675 4777 4777 4776 4776 4676 4676 4677 4677 4778 4778 4676 4676 4778 4778 4777 4777 4677 4677 4678 4678 4779 4779 4677 4677 4779 4779 4778 4778 4678 4678 4679 4679 4780 4780 4678 4678 4780 4780 4779 4779 4679 4679 4680 4680 4781 4781 4679 4679 4781 4781 4780 4780 4680 4680 4681 4681 4782 4782 4680 4680 4782 4782 4781 4781 4681 4681 4682 4682 4783 4783 4681 4681 4783 4783 4782 4782 4682 4682 4683 4683 4784 4784 4682 4682 4784 4784 4783 4783 4683 4683 4684 4684 4785 4785 4683 4683 4785 4785 4784 4784 4684 4684 4685 4685 4786 4786 4684 4684 4786 4786 4785 4785 4685 4685 4686 4686 4787 4787 4685 4685 4787 4787 4786 4786 4686 4686 4687 4687 4788 4788 4686 4686 4788 4788 4787 4787 4687 4687 4688 4688 4789 4789 4687 4687 4789 4789 4788 4788 4688 4688 4689 4689 4790 4790 4688 4688 4790 4790 4789 4789 4689 4689 4690 4690 4791 4791 4689 4689 4791 4791 4790 4790 4690 4690 4691 4691 4792 4792 4690 4690 4792 4792 4791 4791 4691 4691 4692 4692 4793 4793 4691 4691 4793 4793 4792 4792 4692 4692 4693 4693 4794 4794 4692 4692 4794 4794 4793 4793 4693 4693 4694 4694 4795 4795 4693 4693 4795 4795 4794 4794 4694 4694 4695 4695 4796 4796 4694 4694 4796 4796 4795 4795 4695 4695 4696 4696 4797 4797 4695 4695 4797 4797 4796 4796 4696 4696 4697 4697 4798 4798 4696 4696 4798 4798 4797 4797 4697 4697 4698 4698 4799 4799 4697 4697 4799 4799 4798 4798 4698 4698 4699 4699 4800 4800 4698 4698 4800 4800 4799 4799 4699 4699 4700 4700 4801 4801 4699 4699 4801 4801 4800 4800 4700 4700 4701 4701 4802 4802 4700 4700 4802 4802 4801 4801 4701 4701 4702 4702 4803 4803 4701 4701 4803 4803 4802 4802 4702 4702 4703 4703 4804 4804 4702 4702 4804 4804 4803 4803 4703 4703 4704 4704 4805 4805 4703 4703 4805 4805 4804 4804 4704 4704 4705 4705 4806 4806 4704 4704 4806 4806 4805 4805 4705 4705 4706 4706 4807 4807 4705 4705 4807 4807 4806 4806 4706 4706 4707 4707 4808 4808 4706 4706 4808 4808 4807 4807 4707 4707 4708 4708 4809 4809 4707 4707 4809 4809 4808 4808 4708 4708 4709 4709 4810 4810 4708 4708 4810 4810 4809 4809 4709 4709 4710 4710 4811 4811 4709 4709 4811 4811 4810 4810 4710 4710 4711 4711 4812 4812 4710 4710 4812 4812 4811 4811 4711 4711 4712 4712 4813 4813 4711 4711 4813 4813 4812 4812 4712 4712 4713 4713 4814 4814 4712 4712 4814 4814 4813 4813 4713 4713 4714 4714 4815 4815 4713 4713 4815 4815 4814 4814 4714 4714 4715 4715 4816 4816 4714 4714 4816 4816 4815 4815 4715 4715 4716 4716 4817 4817 4715 4715 4817 4817 4816 4816 4716 4716 4717 4717 4818 4818 4716 4716 4818 4818 4817 4817 4717 4717 4718 4718 4819 4819 4717 4717 4819 4819 4818 4818 4718 4718 4719 4719 4820 4820 4718 4718 4820 4820 4819 4819 4719 4719 4720 4720 4821 4821 4719 4719 4821 4821 4820 4820 4720 4720 4721 4721 4822 4822 4720 4720 4822 4822 4821 4821 4721 4721 4722 4722 4823 4823 4721 4721 4823 4823 4822 4822 4722 4722 4723 4723 4824 4824 4722 4722 4824 4824 4823 4823 4723 4723 4724 4724 4825 4825 4723 4723 4825 4825 4824 4824 4724 4724 4725 4725 4826 4826 4724 4724 4826 4826 4825 4825 4725 4725 4726 4726 4827 4827 4725 4725 4827 4827 4826 4826 4726 4726 4727 4727 4828 4828 4726 4726 4828 4828 4827 4827 4727 4727 4728 4728 4829 4829 4727 4727 4829 4829 4828 4828 4728 4728 4729 4729 4830 4830 4728 4728 4830 4830 4829 4829 4729 4729 4730 4730 4831 4831 4729 4729 4831 4831 4830 4830 4730 4730 4731 4731 4832 4832 4730 4730 4832 4832 4831 4831 4731 4731 4732 4732 4833 4833 4731 4731 4833 4833 4832 4832 4732 4732 4733 4733 4834 4834 4732 4732 4834 4834 4833 4833 4733 4733 4734 4734 4835 4835 4733 4733 4835 4835 4834 4834 4734 4734 4735 4735 4836 4836 4734 4734 4836 4836 4835 4835 4735 4735 4736 4736 4837 4837 4735 4735 4837 4837 4836 4836 4736 4736 4737 4737 4838 4838 4736 4736 4838 4838 4837 4837 4737 4737 4738 4738 4839 4839 4737 4737 4839 4839 4838 4838 4738 4738 4739 4739 4840 4840 4738 4738 4840 4840 4839 4839 4739 4739 4740 4740 4841 4841 4739 4739 4841 4841 4840 4840 4740 4740 4741 4741 4842 4842 4740 4740 4842 4842 4841 4841 4741 4741 4742 4742 4843 4843 4741 4741 4843 4843 4842 4842 4742 4742 4743 4743 4844 4844 4742 4742 4844 4844 4843 4843 4743 4743 4744 4744 4845 4845 4743 4743 4845 4845 4844 4844 4744 4744 4745 4745 4846 4846 4744 4744 4846 4846 4845 4845 4745 4745 4746 4746 4847 4847 4745 4745 4847 4847 4846 4846 4747 4747 4748 4748 4849 4849 4747 4747 4849 4849 4848 4848 4748 4748 4749 4749 4850 4850 4748 4748 4850 4850 4849 4849 4749 4749 4750 4750 4851 4851 4749 4749 4851 4851 4850 4850 4750 4750 4751 4751 4852 4852 4750 4750 4852 4852 4851 4851 4751 4751 4752 4752 4853 4853 4751 4751 4853 4853 4852 4852 4752 4752 4753 4753 4854 4854 4752 4752 4854 4854 4853 4853 4753 4753 4754 4754 4855 4855 4753 4753 4855 4855 4854 4854 4754 4754 4755 4755 4856 4856 4754 4754 4856 4856 4855 4855 4755 4755 4756 4756 4857 4857 4755 4755 4857 4857 4856 4856 4756 4756 4757 4757 4858 4858 4756 4756 4858 4858 4857 4857 4757 4757 4758 4758 4859 4859 4757 4757 4859 4859 4858 4858 4758 4758 4759 4759 4860 4860 4758 4758 4860 4860 4859 4859 4759 4759 4760 4760 4861 4861 4759 4759 4861 4861 4860 4860 4760 4760 4761 4761 4862 4862 4760 4760 4862 4862 4861 4861 4761 4761 4762 4762 4863 4863 4761 4761 4863 4863 4862 4862 4762 4762 4763 4763 4864 4864 4762 4762 4864 4864 4863 4863 4763 4763 4764 4764 4865 4865 4763 4763 4865 4865 4864 4864 4764 4764 4765 4765 4866 4866 4764 4764 4866 4866 4865 4865 4765 4765 4766 4766 4867 4867 4765 4765 4867 4867 4866 4866 4766 4766 4767 4767 4868 4868 4766 4766 4868 4868 4867 4867 4767 4767 4768 4768 4869 4869 4767 4767 4869 4869 4868 4868 4768 4768 4769 4769 4870 4870 4768 4768 4870 4870 4869 4869 4769 4769 4770 4770 4871 4871 4769 4769 4871 4871 4870 4870 4770 4770 4771 4771 4872 4872 4770 4770 4872 4872 4871 4871 4771 4771 4772 4772 4873 4873 4771 4771 4873 4873 4872 4872 4772 4772 4773 4773 4874 4874 4772 4772 4874 4874 4873 4873 4773 4773 4774 4774 4875 4875 4773 4773 4875 4875 4874 4874 4774 4774 4775 4775 4876 4876 4774 4774 4876 4876 4875 4875 4775 4775 4776 4776 4877 4877 4775 4775 4877 4877 4876 4876 4776 4776 4777 4777 4878 4878 4776 4776 4878 4878 4877 4877 4777 4777 4778 4778 4879 4879 4777 4777 4879 4879 4878 4878 4778 4778 4779 4779 4880 4880 4778 4778 4880 4880 4879 4879 4779 4779 4780 4780 4881 4881 4779 4779 4881 4881 4880 4880 4780 4780 4781 4781 4882 4882 4780 4780 4882 4882 4881 4881 4781 4781 4782 4782 4883 4883 4781 4781 4883 4883 4882 4882 4782 4782 4783 4783 4884 4884 4782 4782 4884 4884 4883 4883 4783 4783 4784 4784 4885 4885 4783 4783 4885 4885 4884 4884 4784 4784 4785 4785 4886 4886 4784 4784 4886 4886 4885 4885 4785 4785 4786 4786 4887 4887 4785 4785 4887 4887 4886 4886 4786 4786 4787 4787 4888 4888 4786 4786 4888 4888 4887 4887 4787 4787 4788 4788 4889 4889 4787 4787 4889 4889 4888 4888 4788 4788 4789 4789 4890 4890 4788 4788 4890 4890 4889 4889 4789 4789 4790 4790 4891 4891 4789 4789 4891 4891 4890 4890 4790 4790 4791 4791 4892 4892 4790 4790 4892 4892 4891 4891 4791 4791 4792 4792 4893 4893 4791 4791 4893 4893 4892 4892 4792 4792 4793 4793 4894 4894 4792 4792 4894 4894 4893 4893 4793 4793 4794 4794 4895 4895 4793 4793 4895 4895 4894 4894 4794 4794 4795 4795 4896 4896 4794 4794 4896 4896 4895 4895 4795 4795 4796 4796 4897 4897 4795 4795 4897 4897 4896 4896 4796 4796 4797 4797 4898 4898 4796 4796 4898 4898 4897 4897 4797 4797 4798 4798 4899 4899 4797 4797 4899 4899 4898 4898 4798 4798 4799 4799 4900 4900 4798 4798 4900 4900 4899 4899 4799 4799 4800 4800 4901 4901 4799 4799 4901 4901 4900 4900 4800 4800 4801 4801 4902 4902 4800 4800 4902 4902 4901 4901 4801 4801 4802 4802 4903 4903 4801 4801 4903 4903 4902 4902 4802 4802 4803 4803 4904 4904 4802 4802 4904 4904 4903 4903 4803 4803 4804 4804 4905 4905 4803 4803 4905 4905 4904 4904 4804 4804 4805 4805 4906 4906 4804 4804 4906 4906 4905 4905 4805 4805 4806 4806 4907 4907 4805 4805 4907 4907 4906 4906 4806 4806 4807 4807 4908 4908 4806 4806 4908 4908 4907 4907 4807 4807 4808 4808 4909 4909 4807 4807 4909 4909 4908 4908 4808 4808 4809 4809 4910 4910 4808 4808 4910 4910 4909 4909 4809 4809 4810 4810 4911 4911 4809 4809 4911 4911 4910 4910 4810 4810 4811 4811 4912 4912 4810 4810 4912 4912 4911 4911 4811 4811 4812 4812 4913 4913 4811 4811 4913 4913 4912 4912 4812 4812 4813 4813 4914 4914 4812 4812 4914 4914 4913 4913 4813 4813 4814 4814 4915 4915 4813 4813 4915 4915 4914 4914 4814 4814 4815 4815 4916 4916 4814 4814 4916 4916 4915 4915 4815 4815 4816 4816 4917 4917 4815 4815 4917 4917 4916 4916 4816 4816 4817 4817 4918 4918 4816 4816 4918 4918 4917 4917 4817 4817 4818 4818 4919 4919 4817 4817 4919 4919 4918 4918 4818 4818 4819 4819 4920 4920 4818 4818 4920 4920 4919 4919 4819 4819 4820 4820 4921 4921 4819 4819 4921 4921 4920 4920 4820 4820 4821 4821 4922 4922 4820 4820 4922 4922 4921 4921 4821 4821 4822 4822 4923 4923 4821 4821 4923 4923 4922 4922 4822 4822 4823 4823 4924 4924 4822 4822 4924 4924 4923 4923 4823 4823 4824 4824 4925 4925 4823 4823 4925 4925 4924 4924 4824 4824 4825 4825 4926 4926 4824 4824 4926 4926 4925 4925 4825 4825 4826 4826 4927 4927 4825 4825 4927 4927 4926 4926 4826 4826 4827 4827 4928 4928 4826 4826 4928 4928 4927 4927 4827 4827 4828 4828 4929 4929 4827 4827 4929 4929 4928 4928 4828 4828 4829 4829 4930 4930 4828 4828 4930 4930 4929 4929 4829 4829 4830 4830 4931 4931 4829 4829 4931 4931 4930 4930 4830 4830 4831 4831 4932 4932 4830 4830 4932 4932 4931 4931 4831 4831 4832 4832 4933 4933 4831 4831 4933 4933 4932 4932 4832 4832 4833 4833 4934 4934 4832 4832 4934 4934 4933 4933 4833 4833 4834 4834 4935 4935 4833 4833 4935 4935 4934 4934 4834 4834 4835 4835 4936 4936 4834 4834 4936 4936 4935 4935 4835 4835 4836 4836 4937 4937 4835 4835 4937 4937 4936 4936 4836 4836 4837 4837 4938 4938 4836 4836 4938 4938 4937 4937 4837 4837 4838 4838 4939 4939 4837 4837 4939 4939 4938 4938 4838 4838 4839 4839 4940 4940 4838 4838 4940 4940 4939 4939 4839 4839 4840 4840 4941 4941 4839 4839 4941 4941 4940 4940 4840 4840 4841 4841 4942 4942 4840 4840 4942 4942 4941 4941 4841 4841 4842 4842 4943 4943 4841 4841 4943 4943 4942 4942 4842 4842 4843 4843 4944 4944 4842 4842 4944 4944 4943 4943 4843 4843 4844 4844 4945 4945 4843 4843 4945 4945 4944 4944 4844 4844 4845 4845 4946 4946 4844 4844 4946 4946 4945 4945 4845 4845 4846 4846 4947 4947 4845 4845 4947 4947 4946 4946 4846 4846 4847 4847 4948 4948 4846 4846 4948 4948 4947 4947 4848 4848 4849 4849 4950 4950 4848 4848 4950 4950 4949 4949 4849 4849 4850 4850 4951 4951 4849 4849 4951 4951 4950 4950 4850 4850 4851 4851 4952 4952 4850 4850 4952 4952 4951 4951 4851 4851 4852 4852 4953 4953 4851 4851 4953 4953 4952 4952 4852 4852 4853 4853 4954 4954 4852 4852 4954 4954 4953 4953 4853 4853 4854 4854 4955 4955 4853 4853 4955 4955 4954 4954 4854 4854 4855 4855 4956 4956 4854 4854 4956 4956 4955 4955 4855 4855 4856 4856 4957 4957 4855 4855 4957 4957 4956 4956 4856 4856 4857 4857 4958 4958 4856 4856 4958 4958 4957 4957 4857 4857 4858 4858 4959 4959 4857 4857 4959 4959 4958 4958 4858 4858 4859 4859 4960 4960 4858 4858 4960 4960 4959 4959 4859 4859 4860 4860 4961 4961 4859 4859 4961 4961 4960 4960 4860 4860 4861 4861 4962 4962 4860 4860 4962 4962 4961 4961 4861 4861 4862 4862 4963 4963 4861 4861 4963 4963 4962 4962 4862 4862 4863 4863 4964 4964 4862 4862 4964 4964 4963 4963 4863 4863 4864 4864 4965 4965 4863 4863 4965 4965 4964 4964 4864 4864 4865 4865 4966 4966 4864 4864 4966 4966 4965 4965 4865 4865 4866 4866 4967 4967 4865 4865 4967 4967 4966 4966 4866 4866 4867 4867 4968 4968 4866 4866 4968 4968 4967 4967 4867 4867 4868 4868 4969 4969 4867 4867 4969 4969 4968 4968 4868 4868 4869 4869 4970 4970 4868 4868 4970 4970 4969 4969 4869 4869 4870 4870 4971 4971 4869 4869 4971 4971 4970 4970 4870 4870 4871 4871 4972 4972 4870 4870 4972 4972 4971 4971 4871 4871 4872 4872 4973 4973 4871 4871 4973 4973 4972 4972 4872 4872 4873 4873 4974 4974 4872 4872 4974 4974 4973 4973 4873 4873 4874 4874 4975 4975 4873 4873 4975 4975 4974 4974 4874 4874 4875 4875 4976 4976 4874 4874 4976 4976 4975 4975 4875 4875 4876 4876 4977 4977 4875 4875 4977 4977 4976 4976 4876 4876 4877 4877 4978 4978 4876 4876 4978 4978 4977 4977 4877 4877 4878 4878 4979 4979 4877 4877 4979 4979 4978 4978 4878 4878 4879 4879 4980 4980 4878 4878 4980 4980 4979 4979 4879 4879 4880 4880 4981 4981 4879 4879 4981 4981 4980 4980 4880 4880 4881 4881 4982 4982 4880 4880 4982 4982 4981 4981 4881 4881 4882 4882 4983 4983 4881 4881 4983 4983 4982 4982 4882 4882 4883 4883 4984 4984 4882 4882 4984 4984 4983 4983 4883 4883 4884 4884 4985 4985 4883 4883 4985 4985 4984 4984 4884 4884 4885 4885 4986 4986 4884 4884 4986 4986 4985 4985 4885 4885 4886 4886 4987 4987 4885 4885 4987 4987 4986 4986 4886 4886 4887 4887 4988 4988 4886 4886 4988 4988 4987 4987 4887 4887 4888 4888 4989 4989 4887 4887 4989 4989 4988 4988 4888 4888 4889 4889 4990 4990 4888 4888 4990 4990 4989 4989 4889 4889 4890 4890 4991 4991 4889 4889 4991 4991 4990 4990 4890 4890 4891 4891 4992 4992 4890 4890 4992 4992 4991 4991 4891 4891 4892 4892 4993 4993 4891 4891 4993 4993 4992 4992 4892 4892 4893 4893 4994 4994 4892 4892 4994 4994 4993 4993 4893 4893 4894 4894 4995 4995 4893 4893 4995 4995 4994 4994 4894 4894 4895 4895 4996 4996 4894 4894 4996 4996 4995 4995 4895 4895 4896 4896 4997 4997 4895 4895 4997 4997 4996 4996 4896 4896 4897 4897 4998 4998 4896 4896 4998 4998 4997 4997 4897 4897 4898 4898 4999 4999 4897 4897 4999 4999 4998 4998 4898 4898 4899 4899 5000 5000 4898 4898 5000 5000 4999 4999 4899 4899 4900 4900 5001 5001 4899 4899 5001 5001 5000 5000 4900 4900 4901 4901 5002 5002 4900 4900 5002 5002 5001 5001 4901 4901 4902 4902 5003 5003 4901 4901 5003 5003 5002 5002 4902 4902 4903 4903 5004 5004 4902 4902 5004 5004 5003 5003 4903 4903 4904 4904 5005 5005 4903 4903 5005 5005 5004 5004 4904 4904 4905 4905 5006 5006 4904 4904 5006 5006 5005 5005 4905 4905 4906 4906 5007 5007 4905 4905 5007 5007 5006 5006 4906 4906 4907 4907 5008 5008 4906 4906 5008 5008 5007 5007 4907 4907 4908 4908 5009 5009 4907 4907 5009 5009 5008 5008 4908 4908 4909 4909 5010 5010 4908 4908 5010 5010 5009 5009 4909 4909 4910 4910 5011 5011 4909 4909 5011 5011 5010 5010 4910 4910 4911 4911 5012 5012 4910 4910 5012 5012 5011 5011 4911 4911 4912 4912 5013 5013 4911 4911 5013 5013 5012 5012 4912 4912 4913 4913 5014 5014 4912 4912 5014 5014 5013 5013 4913 4913 4914 4914 5015 5015 4913 4913 5015 5015 5014 5014 4914 4914 4915 4915 5016 5016 4914 4914 5016 5016 5015 5015 4915 4915 4916 4916 5017 5017 4915 4915 5017 5017 5016 5016 4916 4916 4917 4917 5018 5018 4916 4916 5018 5018 5017 5017 4917 4917 4918 4918 5019 5019 4917 4917 5019 5019 5018 5018 4918 4918 4919 4919 5020 5020 4918 4918 5020 5020 5019 5019 4919 4919 4920 4920 5021 5021 4919 4919 5021 5021 5020 5020 4920 4920 4921 4921 5022 5022 4920 4920 5022 5022 5021 5021 4921 4921 4922 4922 5023 5023 4921 4921 5023 5023 5022 5022 4922 4922 4923 4923 5024 5024 4922 4922 5024 5024 5023 5023 4923 4923 4924 4924 5025 5025 4923 4923 5025 5025 5024 5024 4924 4924 4925 4925 5026 5026 4924 4924 5026 5026 5025 5025 4925 4925 4926 4926 5027 5027 4925 4925 5027 5027 5026 5026 4926 4926 4927 4927 5028 5028 4926 4926 5028 5028 5027 5027 4927 4927 4928 4928 5029 5029 4927 4927 5029 5029 5028 5028 4928 4928 4929 4929 5030 5030 4928 4928 5030 5030 5029 5029 4929 4929 4930 4930 5031 5031 4929 4929 5031 5031 5030 5030 4930 4930 4931 4931 5032 5032 4930 4930 5032 5032 5031 5031 4931 4931 4932 4932 5033 5033 4931 4931 5033 5033 5032 5032 4932 4932 4933 4933 5034 5034 4932 4932 5034 5034 5033 5033 4933 4933 4934 4934 5035 5035 4933 4933 5035 5035 5034 5034 4934 4934 4935 4935 5036 5036 4934 4934 5036 5036 5035 5035 4935 4935 4936 4936 5037 5037 4935 4935 5037 5037 5036 5036 4936 4936 4937 4937 5038 5038 4936 4936 5038 5038 5037 5037 4937 4937 4938 4938 5039 5039 4937 4937 5039 5039 5038 5038 4938 4938 4939 4939 5040 5040 4938 4938 5040 5040 5039 5039 4939 4939 4940 4940 5041 5041 4939 4939 5041 5041 5040 5040 4940 4940 4941 4941 5042 5042 4940 4940 5042 5042 5041 5041 4941 4941 4942 4942 5043 5043 4941 4941 5043 5043 5042 5042 4942 4942 4943 4943 5044 5044 4942 4942 5044 5044 5043 5043 4943 4943 4944 4944 5045 5045 4943 4943 5045 5045 5044 5044 4944 4944 4945 4945 5046 5046 4944 4944 5046 5046 5045 5045 4945 4945 4946 4946 5047 5047 4945 4945 5047 5047 5046 5046 4946 4946 4947 4947 5048 5048 4946 4946 5048 5048 5047 5047 4947 4947 4948 4948 5049 5049 4947 4947 5049 5049 5048 5048 4949 4949 4950 4950 5051 5051 4949 4949 5051 5051 5050 5050 4950 4950 4951 4951 5052 5052 4950 4950 5052 5052 5051 5051 4951 4951 4952 4952 5053 5053 4951 4951 5053 5053 5052 5052 4952 4952 4953 4953 5054 5054 4952 4952 5054 5054 5053 5053 4953 4953 4954 4954 5055 5055 4953 4953 5055 5055 5054 5054 4954 4954 4955 4955 5056 5056 4954 4954 5056 5056 5055 5055 4955 4955 4956 4956 5057 5057 4955 4955 5057 5057 5056 5056 4956 4956 4957 4957 5058 5058 4956 4956 5058 5058 5057 5057 4957 4957 4958 4958 5059 5059 4957 4957 5059 5059 5058 5058 4958 4958 4959 4959 5060 5060 4958 4958 5060 5060 5059 5059 4959 4959 4960 4960 5061 5061 4959 4959 5061 5061 5060 5060 4960 4960 4961 4961 5062 5062 4960 4960 5062 5062 5061 5061 4961 4961 4962 4962 5063 5063 4961 4961 5063 5063 5062 5062 4962 4962 4963 4963 5064 5064 4962 4962 5064 5064 5063 5063 4963 4963 4964 4964 5065 5065 4963 4963 5065 5065 5064 5064 4964 4964 4965 4965 5066 5066 4964 4964 5066 5066 5065 5065 4965 4965 4966 4966 5067 5067 4965 4965 5067 5067 5066 5066 4966 4966 4967 4967 5068 5068 4966 4966 5068 5068 5067 5067 4967 4967 4968 4968 5069 5069 4967 4967 5069 5069 5068 5068 4968 4968 4969 4969 5070 5070 4968 4968 5070 5070 5069 5069 4969 4969 4970 4970 5071 5071 4969 4969 5071 5071 5070 5070 4970 4970 4971 4971 5072 5072 4970 4970 5072 5072 5071 5071 4971 4971 4972 4972 5073 5073 4971 4971 5073 5073 5072 5072 4972 4972 4973 4973 5074 5074 4972 4972 5074 5074 5073 5073 4973 4973 4974 4974 5075 5075 4973 4973 5075 5075 5074 5074 4974 4974 4975 4975 5076 5076 4974 4974 5076 5076 5075 5075 4975 4975 4976 4976 5077 5077 4975 4975 5077 5077 5076 5076 4976 4976 4977 4977 5078 5078 4976 4976 5078 5078 5077 5077 4977 4977 4978 4978 5079 5079 4977 4977 5079 5079 5078 5078 4978 4978 4979 4979 5080 5080 4978 4978 5080 5080 5079 5079 4979 4979 4980 4980 5081 5081 4979 4979 5081 5081 5080 5080 4980 4980 4981 4981 5082 5082 4980 4980 5082 5082 5081 5081 4981 4981 4982 4982 5083 5083 4981 4981 5083 5083 5082 5082 4982 4982 4983 4983 5084 5084 4982 4982 5084 5084 5083 5083 4983 4983 4984 4984 5085 5085 4983 4983 5085 5085 5084 5084 4984 4984 4985 4985 5086 5086 4984 4984 5086 5086 5085 5085 4985 4985 4986 4986 5087 5087 4985 4985 5087 5087 5086 5086 4986 4986 4987 4987 5088 5088 4986 4986 5088 5088 5087 5087 4987 4987 4988 4988 5089 5089 4987 4987 5089 5089 5088 5088 4988 4988 4989 4989 5090 5090 4988 4988 5090 5090 5089 5089 4989 4989 4990 4990 5091 5091 4989 4989 5091 5091 5090 5090 4990 4990 4991 4991 5092 5092 4990 4990 5092 5092 5091 5091 4991 4991 4992 4992 5093 5093 4991 4991 5093 5093 5092 5092 4992 4992 4993 4993 5094 5094 4992 4992 5094 5094 5093 5093 4993 4993 4994 4994 5095 5095 4993 4993 5095 5095 5094 5094 4994 4994 4995 4995 5096 5096 4994 4994 5096 5096 5095 5095 4995 4995 4996 4996 5097 5097 4995 4995 5097 5097 5096 5096 4996 4996 4997 4997 5098 5098 4996 4996 5098 5098 5097 5097 4997 4997 4998 4998 5099 5099 4997 4997 5099 5099 5098 5098 4998 4998 4999 4999 5100 5100 4998 4998 5100 5100 5099 5099 4999 4999 5000 5000 5101 5101 4999 4999 5101 5101 5100 5100 5000 5000 5001 5001 5102 5102 5000 5000 5102 5102 5101 5101 5001 5001 5002 5002 5103 5103 5001 5001 5103 5103 5102 5102 5002 5002 5003 5003 5104 5104 5002 5002 5104 5104 5103 5103 5003 5003 5004 5004 5105 5105 5003 5003 5105 5105 5104 5104 5004 5004 5005 5005 5106 5106 5004 5004 5106 5106 5105 5105 5005 5005 5006 5006 5107 5107 5005 5005 5107 5107 5106 5106 5006 5006 5007 5007 5108 5108 5006 5006 5108 5108 5107 5107 5007 5007 5008 5008 5109 5109 5007 5007 5109 5109 5108 5108 5008 5008 5009 5009 5110 5110 5008 5008 5110 5110 5109 5109 5009 5009 5010 5010 5111 5111 5009 5009 5111 5111 5110 5110 5010 5010 5011 5011 5112 5112 5010 5010 5112 5112 5111 5111 5011 5011 5012 5012 5113 5113 5011 5011 5113 5113 5112 5112 5012 5012 5013 5013 5114 5114 5012 5012 5114 5114 5113 5113 5013 5013 5014 5014 5115 5115 5013 5013 5115 5115 5114 5114 5014 5014 5015 5015 5116 5116 5014 5014 5116 5116 5115 5115 5015 5015 5016 5016 5117 5117 5015 5015 5117 5117 5116 5116 5016 5016 5017 5017 5118 5118 5016 5016 5118 5118 5117 5117 5017 5017 5018 5018 5119 5119 5017 5017 5119 5119 5118 5118 5018 5018 5019 5019 5120 5120 5018 5018 5120 5120 5119 5119 5019 5019 5020 5020 5121 5121 5019 5019 5121 5121 5120 5120 5020 5020 5021 5021 5122 5122 5020 5020 5122 5122 5121 5121 5021 5021 5022 5022 5123 5123 5021 5021 5123 5123 5122 5122 5022 5022 5023 5023 5124 5124 5022 5022 5124 5124 5123 5123 5023 5023 5024 5024 5125 5125 5023 5023 5125 5125 5124 5124 5024 5024 5025 5025 5126 5126 5024 5024 5126 5126 5125 5125 5025 5025 5026 5026 5127 5127 5025 5025 5127 5127 5126 5126 5026 5026 5027 5027 5128 5128 5026 5026 5128 5128 5127 5127 5027 5027 5028 5028 5129 5129 5027 5027 5129 5129 5128 5128 5028 5028 5029 5029 5130 5130 5028 5028 5130 5130 5129 5129 5029 5029 5030 5030 5131 5131 5029 5029 5131 5131 5130 5130 5030 5030 5031 5031 5132 5132 5030 5030 5132 5132 5131 5131 5031 5031 5032 5032 5133 5133 5031 5031 5133 5133 5132 5132 5032 5032 5033 5033 5134 5134 5032 5032 5134 5134 5133 5133 5033 5033 5034 5034 5135 5135 5033 5033 5135 5135 5134 5134 5034 5034 5035 5035 5136 5136 5034 5034 5136 5136 5135 5135 5035 5035 5036 5036 5137 5137 5035 5035 5137 5137 5136 5136 5036 5036 5037 5037 5138 5138 5036 5036 5138 5138 5137 5137 5037 5037 5038 5038 5139 5139 5037 5037 5139 5139 5138 5138 5038 5038 5039 5039 5140 5140 5038 5038 5140 5140 5139 5139 5039 5039 5040 5040 5141 5141 5039 5039 5141 5141 5140 5140 5040 5040 5041 5041 5142 5142 5040 5040 5142 5142 5141 5141 5041 5041 5042 5042 5143 5143 5041 5041 5143 5143 5142 5142 5042 5042 5043 5043 5144 5144 5042 5042 5144 5144 5143 5143 5043 5043 5044 5044 5145 5145 5043 5043 5145 5145 5144 5144 5044 5044 5045 5045 5146 5146 5044 5044 5146 5146 5145 5145 5045 5045 5046 5046 5147 5147 5045 5045 5147 5147 5146 5146 5046 5046 5047 5047 5148 5148 5046 5046 5148 5148 5147 5147 5047 5047 5048 5048 5149 5149 5047 5047 5149 5149 5148 5148 5048 5048 5049 5049 5150 5150 5048 5048 5150 5150 5149 5149 5050 5050 5051 5051 5152 5152 5050 5050 5152 5152 5151 5151 5051 5051 5052 5052 5153 5153 5051 5051 5153 5153 5152 5152 5052 5052 5053 5053 5154 5154 5052 5052 5154 5154 5153 5153 5053 5053 5054 5054 5155 5155 5053 5053 5155 5155 5154 5154 5054 5054 5055 5055 5156 5156 5054 5054 5156 5156 5155 5155 5055 5055 5056 5056 5157 5157 5055 5055 5157 5157 5156 5156 5056 5056 5057 5057 5158 5158 5056 5056 5158 5158 5157 5157 5057 5057 5058 5058 5159 5159 5057 5057 5159 5159 5158 5158 5058 5058 5059 5059 5160 5160 5058 5058 5160 5160 5159 5159 5059 5059 5060 5060 5161 5161 5059 5059 5161 5161 5160 5160 5060 5060 5061 5061 5162 5162 5060 5060 5162 5162 5161 5161 5061 5061 5062 5062 5163 5163 5061 5061 5163 5163 5162 5162 5062 5062 5063 5063 5164 5164 5062 5062 5164 5164 5163 5163 5063 5063 5064 5064 5165 5165 5063 5063 5165 5165 5164 5164 5064 5064 5065 5065 5166 5166 5064 5064 5166 5166 5165 5165 5065 5065 5066 5066 5167 5167 5065 5065 5167 5167 5166 5166 5066 5066 5067 5067 5168 5168 5066 5066 5168 5168 5167 5167 5067 5067 5068 5068 5169 5169 5067 5067 5169 5169 5168 5168 5068 5068 5069 5069 5170 5170 5068 5068 5170 5170 5169 5169 5069 5069 5070 5070 5171 5171 5069 5069 5171 5171 5170 5170 5070 5070 5071 5071 5172 5172 5070 5070 5172 5172 5171 5171 5071 5071 5072 5072 5173 5173 5071 5071 5173 5173 5172 5172 5072 5072 5073 5073 5174 5174 5072 5072 5174 5174 5173 5173 5073 5073 5074 5074 5175 5175 5073 5073 5175 5175 5174 5174 5074 5074 5075 5075 5176 5176 5074 5074 5176 5176 5175 5175 5075 5075 5076 5076 5177 5177 5075 5075 5177 5177 5176 5176 5076 5076 5077 5077 5178 5178 5076 5076 5178 5178 5177 5177 5077 5077 5078 5078 5179 5179 5077 5077 5179 5179 5178 5178 5078 5078 5079 5079 5180 5180 5078 5078 5180 5180 5179 5179 5079 5079 5080 5080 5181 5181 5079 5079 5181 5181 5180 5180 5080 5080 5081 5081 5182 5182 5080 5080 5182 5182 5181 5181 5081 5081 5082 5082 5183 5183 5081 5081 5183 5183 5182 5182 5082 5082 5083 5083 5184 5184 5082 5082 5184 5184 5183 5183 5083 5083 5084 5084 5185 5185 5083 5083 5185 5185 5184 5184 5084 5084 5085 5085 5186 5186 5084 5084 5186 5186 5185 5185 5085 5085 5086 5086 5187 5187 5085 5085 5187 5187 5186 5186 5086 5086 5087 5087 5188 5188 5086 5086 5188 5188 5187 5187 5087 5087 5088 5088 5189 5189 5087 5087 5189 5189 5188 5188 5088 5088 5089 5089 5190 5190 5088 5088 5190 5190 5189 5189 5089 5089 5090 5090 5191 5191 5089 5089 5191 5191 5190 5190 5090 5090 5091 5091 5192 5192 5090 5090 5192 5192 5191 5191 5091 5091 5092 5092 5193 5193 5091 5091 5193 5193 5192 5192 5092 5092 5093 5093 5194 5194 5092 5092 5194 5194 5193 5193 5093 5093 5094 5094 5195 5195 5093 5093 5195 5195 5194 5194 5094 5094 5095 5095 5196 5196 5094 5094 5196 5196 5195 5195 5095 5095 5096 5096 5197 5197 5095 5095 5197 5197 5196 5196 5096 5096 5097 5097 5198 5198 5096 5096 5198 5198 5197 5197 5097 5097 5098 5098 5199 5199 5097 5097 5199 5199 5198 5198 5098 5098 5099 5099 5200 5200 5098 5098 5200 5200 5199 5199 5099 5099 5100 5100 5201 5201 5099 5099 5201 5201 5200 5200 5100 5100 5101 5101 5202 5202 5100 5100 5202 5202 5201 5201 5101 5101 5102 5102 5203 5203 5101 5101 5203 5203 5202 5202 5102 5102 5103 5103 5204 5204 5102 5102 5204 5204 5203 5203 5103 5103 5104 5104 5205 5205 5103 5103 5205 5205 5204 5204 5104 5104 5105 5105 5206 5206 5104 5104 5206 5206 5205 5205 5105 5105 5106 5106 5207 5207 5105 5105 5207 5207 5206 5206 5106 5106 5107 5107 5208 5208 5106 5106 5208 5208 5207 5207 5107 5107 5108 5108 5209 5209 5107 5107 5209 5209 5208 5208 5108 5108 5109 5109 5210 5210 5108 5108 5210 5210 5209 5209 5109 5109 5110 5110 5211 5211 5109 5109 5211 5211 5210 5210 5110 5110 5111 5111 5212 5212 5110 5110 5212 5212 5211 5211 5111 5111 5112 5112 5213 5213 5111 5111 5213 5213 5212 5212 5112 5112 5113 5113 5214 5214 5112 5112 5214 5214 5213 5213 5113 5113 5114 5114 5215 5215 5113 5113 5215 5215 5214 5214 5114 5114 5115 5115 5216 5216 5114 5114 5216 5216 5215 5215 5115 5115 5116 5116 5217 5217 5115 5115 5217 5217 5216 5216 5116 5116 5117 5117 5218 5218 5116 5116 5218 5218 5217 5217 5117 5117 5118 5118 5219 5219 5117 5117 5219 5219 5218 5218 5118 5118 5119 5119 5220 5220 5118 5118 5220 5220 5219 5219 5119 5119 5120 5120 5221 5221 5119 5119 5221 5221 5220 5220 5120 5120 5121 5121 5222 5222 5120 5120 5222 5222 5221 5221 5121 5121 5122 5122 5223 5223 5121 5121 5223 5223 5222 5222 5122 5122 5123 5123 5224 5224 5122 5122 5224 5224 5223 5223 5123 5123 5124 5124 5225 5225 5123 5123 5225 5225 5224 5224 5124 5124 5125 5125 5226 5226 5124 5124 5226 5226 5225 5225 5125 5125 5126 5126 5227 5227 5125 5125 5227 5227 5226 5226 5126 5126 5127 5127 5228 5228 5126 5126 5228 5228 5227 5227 5127 5127 5128 5128 5229 5229 5127 5127 5229 5229 5228 5228 5128 5128 5129 5129 5230 5230 5128 5128 5230 5230 5229 5229 5129 5129 5130 5130 5231 5231 5129 5129 5231 5231 5230 5230 5130 5130 5131 5131 5232 5232 5130 5130 5232 5232 5231 5231 5131 5131 5132 5132 5233 5233 5131 5131 5233 5233 5232 5232 5132 5132 5133 5133 5234 5234 5132 5132 5234 5234 5233 5233 5133 5133 5134 5134 5235 5235 5133 5133 5235 5235 5234 5234 5134 5134 5135 5135 5236 5236 5134 5134 5236 5236 5235 5235 5135 5135 5136 5136 5237 5237 5135 5135 5237 5237 5236 5236 5136 5136 5137 5137 5238 5238 5136 5136 5238 5238 5237 5237 5137 5137 5138 5138 5239 5239 5137 5137 5239 5239 5238 5238 5138 5138 5139 5139 5240 5240 5138 5138 5240 5240 5239 5239 5139 5139 5140 5140 5241 5241 5139 5139 5241 5241 5240 5240 5140 5140 5141 5141 5242 5242 5140 5140 5242 5242 5241 5241 5141 5141 5142 5142 5243 5243 5141 5141 5243 5243 5242 5242 5142 5142 5143 5143 5244 5244 5142 5142 5244 5244 5243 5243 5143 5143 5144 5144 5245 5245 5143 5143 5245 5245 5244 5244 5144 5144 5145 5145 5246 5246 5144 5144 5246 5246 5245 5245 5145 5145 5146 5146 5247 5247 5145 5145 5247 5247 5246 5246 5146 5146 5147 5147 5248 5248 5146 5146 5248 5248 5247 5247 5147 5147 5148 5148 5249 5249 5147 5147 5249 5249 5248 5248 5148 5148 5149 5149 5250 5250 5148 5148 5250 5250 5249 5249 5149 5149 5150 5150 5251 5251 5149 5149 5251 5251 5250 5250 5151 5151 5152 5152 5253 5253 5151 5151 5253 5253 5252 5252 5152 5152 5153 5153 5254 5254 5152 5152 5254 5254 5253 5253 5153 5153 5154 5154 5255 5255 5153 5153 5255 5255 5254 5254 5154 5154 5155 5155 5256 5256 5154 5154 5256 5256 5255 5255 5155 5155 5156 5156 5257 5257 5155 5155 5257 5257 5256 5256 5156 5156 5157 5157 5258 5258 5156 5156 5258 5258 5257 5257 5157 5157 5158 5158 5259 5259 5157 5157 5259 5259 5258 5258 5158 5158 5159 5159 5260 5260 5158 5158 5260 5260 5259 5259 5159 5159 5160 5160 5261 5261 5159 5159 5261 5261 5260 5260 5160 5160 5161 5161 5262 5262 5160 5160 5262 5262 5261 5261 5161 5161 5162 5162 5263 5263 5161 5161 5263 5263 5262 5262 5162 5162 5163 5163 5264 5264 5162 5162 5264 5264 5263 5263 5163 5163 5164 5164 5265 5265 5163 5163 5265 5265 5264 5264 5164 5164 5165 5165 5266 5266 5164 5164 5266 5266 5265 5265 5165 5165 5166 5166 5267 5267 5165 5165 5267 5267 5266 5266 5166 5166 5167 5167 5268 5268 5166 5166 5268 5268 5267 5267 5167 5167 5168 5168 5269 5269 5167 5167 5269 5269 5268 5268 5168 5168 5169 5169 5270 5270 5168 5168 5270 5270 5269 5269 5169 5169 5170 5170 5271 5271 5169 5169 5271 5271 5270 5270 5170 5170 5171 5171 5272 5272 5170 5170 5272 5272 5271 5271 5171 5171 5172 5172 5273 5273 5171 5171 5273 5273 5272 5272 5172 5172 5173 5173 5274 5274 5172 5172 5274 5274 5273 5273 5173 5173 5174 5174 5275 5275 5173 5173 5275 5275 5274 5274 5174 5174 5175 5175 5276 5276 5174 5174 5276 5276 5275 5275 5175 5175 5176 5176 5277 5277 5175 5175 5277 5277 5276 5276 5176 5176 5177 5177 5278 5278 5176 5176 5278 5278 5277 5277 5177 5177 5178 5178 5279 5279 5177 5177 5279 5279 5278 5278 5178 5178 5179 5179 5280 5280 5178 5178 5280 5280 5279 5279 5179 5179 5180 5180 5281 5281 5179 5179 5281 5281 5280 5280 5180 5180 5181 5181 5282 5282 5180 5180 5282 5282 5281 5281 5181 5181 5182 5182 5283 5283 5181 5181 5283 5283 5282 5282 5182 5182 5183 5183 5284 5284 5182 5182 5284 5284 5283 5283 5183 5183 5184 5184 5285 5285 5183 5183 5285 5285 5284 5284 5184 5184 5185 5185 5286 5286 5184 5184 5286 5286 5285 5285 5185 5185 5186 5186 5287 5287 5185 5185 5287 5287 5286 5286 5186 5186 5187 5187 5288 5288 5186 5186 5288 5288 5287 5287 5187 5187 5188 5188 5289 5289 5187 5187 5289 5289 5288 5288 5188 5188 5189 5189 5290 5290 5188 5188 5290 5290 5289 5289 5189 5189 5190 5190 5291 5291 5189 5189 5291 5291 5290 5290 5190 5190 5191 5191 5292 5292 5190 5190 5292 5292 5291 5291 5191 5191 5192 5192 5293 5293 5191 5191 5293 5293 5292 5292 5192 5192 5193 5193 5294 5294 5192 5192 5294 5294 5293 5293 5193 5193 5194 5194 5295 5295 5193 5193 5295 5295 5294 5294 5194 5194 5195 5195 5296 5296 5194 5194 5296 5296 5295 5295 5195 5195 5196 5196 5297 5297 5195 5195 5297 5297 5296 5296 5196 5196 5197 5197 5298 5298 5196 5196 5298 5298 5297 5297 5197 5197 5198 5198 5299 5299 5197 5197 5299 5299 5298 5298 5198 5198 5199 5199 5300 5300 5198 5198 5300 5300 5299 5299 5199 5199 5200 5200 5301 5301 5199 5199 5301 5301 5300 5300 5200 5200 5201 5201 5302 5302 5200 5200 5302 5302 5301 5301 5201 5201 5202 5202 5303 5303 5201 5201 5303 5303 5302 5302 5202 5202 5203 5203 5304 5304 5202 5202 5304 5304 5303 5303 5203 5203 5204 5204 5305 5305 5203 5203 5305 5305 5304 5304 5204 5204 5205 5205 5306 5306 5204 5204 5306 5306 5305 5305 5205 5205 5206 5206 5307 5307 5205 5205 5307 5307 5306 5306 5206 5206 5207 5207 5308 5308 5206 5206 5308 5308 5307 5307 5207 5207 5208 5208 5309 5309 5207 5207 5309 5309 5308 5308 5208 5208 5209 5209 5310 5310 5208 5208 5310 5310 5309 5309 5209 5209 5210 5210 5311 5311 5209 5209 5311 5311 5310 5310 5210 5210 5211 5211 5312 5312 5210 5210 5312 5312 5311 5311 5211 5211 5212 5212 5313 5313 5211 5211 5313 5313 5312 5312 5212 5212 5213 5213 5314 5314 5212 5212 5314 5314 5313 5313 5213 5213 5214 5214 5315 5315 5213 5213 5315 5315 5314 5314 5214 5214 5215 5215 5316 5316 5214 5214 5316 5316 5315 5315 5215 5215 5216 5216 5317 5317 5215 5215 5317 5317 5316 5316 5216 5216 5217 5217 5318 5318 5216 5216 5318 5318 5317 5317 5217 5217 5218 5218 5319 5319 5217 5217 5319 5319 5318 5318 5218 5218 5219 5219 5320 5320 5218 5218 5320 5320 5319 5319 5219 5219 5220 5220 5321 5321 5219 5219 5321 5321 5320 5320 5220 5220 5221 5221 5322 5322 5220 5220 5322 5322 5321 5321 5221 5221 5222 5222 5323 5323 5221 5221 5323 5323 5322 5322 5222 5222 5223 5223 5324 5324 5222 5222 5324 5324 5323 5323 5223 5223 5224 5224 5325 5325 5223 5223 5325 5325 5324 5324 5224 5224 5225 5225 5326 5326 5224 5224 5326 5326 5325 5325 5225 5225 5226 5226 5327 5327 5225 5225 5327 5327 5326 5326 5226 5226 5227 5227 5328 5328 5226 5226 5328 5328 5327 5327 5227 5227 5228 5228 5329 5329 5227 5227 5329 5329 5328 5328 5228 5228 5229 5229 5330 5330 5228 5228 5330 5330 5329 5329 5229 5229 5230 5230 5331 5331 5229 5229 5331 5331 5330 5330 5230 5230 5231 5231 5332 5332 5230 5230 5332 5332 5331 5331 5231 5231 5232 5232 5333 5333 5231 5231 5333 5333 5332 5332 5232 5232 5233 5233 5334 5334 5232 5232 5334 5334 5333 5333 5233 5233 5234 5234 5335 5335 5233 5233 5335 5335 5334 5334 5234 5234 5235 5235 5336 5336 5234 5234 5336 5336 5335 5335 5235 5235 5236 5236 5337 5337 5235 5235 5337 5337 5336 5336 5236 5236 5237 5237 5338 5338 5236 5236 5338 5338 5337 5337 5237 5237 5238 5238 5339 5339 5237 5237 5339 5339 5338 5338 5238 5238 5239 5239 5340 5340 5238 5238 5340 5340 5339 5339 5239 5239 5240 5240 5341 5341 5239 5239 5341 5341 5340 5340 5240 5240 5241 5241 5342 5342 5240 5240 5342 5342 5341 5341 5241 5241 5242 5242 5343 5343 5241 5241 5343 5343 5342 5342 5242 5242 5243 5243 5344 5344 5242 5242 5344 5344 5343 5343 5243 5243 5244 5244 5345 5345 5243 5243 5345 5345 5344 5344 5244 5244 5245 5245 5346 5346 5244 5244 5346 5346 5345 5345 5245 5245 5246 5246 5347 5347 5245 5245 5347 5347 5346 5346 5246 5246 5247 5247 5348 5348 5246 5246 5348 5348 5347 5347 5247 5247 5248 5248 5349 5349 5247 5247 5349 5349 5348 5348 5248 5248 5249 5249 5350 5350 5248 5248 5350 5350 5349 5349 5249 5249 5250 5250 5351 5351 5249 5249 5351 5351 5350 5350 5250 5250 5251 5251 5352 5352 5250 5250 5352 5352 5351 5351 5252 5252 5253 5253 5354 5354 5252 5252 5354 5354 5353 5353 5253 5253 5254 5254 5355 5355 5253 5253 5355 5355 5354 5354 5254 5254 5255 5255 5356 5356 5254 5254 5356 5356 5355 5355 5255 5255 5256 5256 5357 5357 5255 5255 5357 5357 5356 5356 5256 5256 5257 5257 5358 5358 5256 5256 5358 5358 5357 5357 5257 5257 5258 5258 5359 5359 5257 5257 5359 5359 5358 5358 5258 5258 5259 5259 5360 5360 5258 5258 5360 5360 5359 5359 5259 5259 5260 5260 5361 5361 5259 5259 5361 5361 5360 5360 5260 5260 5261 5261 5362 5362 5260 5260 5362 5362 5361 5361 5261 5261 5262 5262 5363 5363 5261 5261 5363 5363 5362 5362 5262 5262 5263 5263 5364 5364 5262 5262 5364 5364 5363 5363 5263 5263 5264 5264 5365 5365 5263 5263 5365 5365 5364 5364 5264 5264 5265 5265 5366 5366 5264 5264 5366 5366 5365 5365 5265 5265 5266 5266 5367 5367 5265 5265 5367 5367 5366 5366 5266 5266 5267 5267 5368 5368 5266 5266 5368 5368 5367 5367 5267 5267 5268 5268 5369 5369 5267 5267 5369 5369 5368 5368 5268 5268 5269 5269 5370 5370 5268 5268 5370 5370 5369 5369 5269 5269 5270 5270 5371 5371 5269 5269 5371 5371 5370 5370 5270 5270 5271 5271 5372 5372 5270 5270 5372 5372 5371 5371 5271 5271 5272 5272 5373 5373 5271 5271 5373 5373 5372 5372 5272 5272 5273 5273 5374 5374 5272 5272 5374 5374 5373 5373 5273 5273 5274 5274 5375 5375 5273 5273 5375 5375 5374 5374 5274 5274 5275 5275 5376 5376 5274 5274 5376 5376 5375 5375 5275 5275 5276 5276 5377 5377 5275 5275 5377 5377 5376 5376 5276 5276 5277 5277 5378 5378 5276 5276 5378 5378 5377 5377 5277 5277 5278 5278 5379 5379 5277 5277 5379 5379 5378 5378 5278 5278 5279 5279 5380 5380 5278 5278 5380 5380 5379 5379 5279 5279 5280 5280 5381 5381 5279 5279 5381 5381 5380 5380 5280 5280 5281 5281 5382 5382 5280 5280 5382 5382 5381 5381 5281 5281 5282 5282 5383 5383 5281 5281 5383 5383 5382 5382 5282 5282 5283 5283 5384 5384 5282 5282 5384 5384 5383 5383 5283 5283 5284 5284 5385 5385 5283 5283 5385 5385 5384 5384 5284 5284 5285 5285 5386 5386 5284 5284 5386 5386 5385 5385 5285 5285 5286 5286 5387 5387 5285 5285 5387 5387 5386 5386 5286 5286 5287 5287 5388 5388 5286 5286 5388 5388 5387 5387 5287 5287 5288 5288 5389 5389 5287 5287 5389 5389 5388 5388 5288 5288 5289 5289 5390 5390 5288 5288 5390 5390 5389 5389 5289 5289 5290 5290 5391 5391 5289 5289 5391 5391 5390 5390 5290 5290 5291 5291 5392 5392 5290 5290 5392 5392 5391 5391 5291 5291 5292 5292 5393 5393 5291 5291 5393 5393 5392 5392 5292 5292 5293 5293 5394 5394 5292 5292 5394 5394 5393 5393 5293 5293 5294 5294 5395 5395 5293 5293 5395 5395 5394 5394 5294 5294 5295 5295 5396 5396 5294 5294 5396 5396 5395 5395 5295 5295 5296 5296 5397 5397 5295 5295 5397 5397 5396 5396 5296 5296 5297 5297 5398 5398 5296 5296 5398 5398 5397 5397 5297 5297 5298 5298 5399 5399 5297 5297 5399 5399 5398 5398 5298 5298 5299 5299 5400 5400 5298 5298 5400 5400 5399 5399 5299 5299 5300 5300 5401 5401 5299 5299 5401 5401 5400 5400 5300 5300 5301 5301 5402 5402 5300 5300 5402 5402 5401 5401 5301 5301 5302 5302 5403 5403 5301 5301 5403 5403 5402 5402 5302 5302 5303 5303 5404 5404 5302 5302 5404 5404 5403 5403 5303 5303 5304 5304 5405 5405 5303 5303 5405 5405 5404 5404 5304 5304 5305 5305 5406 5406 5304 5304 5406 5406 5405 5405 5305 5305 5306 5306 5407 5407 5305 5305 5407 5407 5406 5406 5306 5306 5307 5307 5408 5408 5306 5306 5408 5408 5407 5407 5307 5307 5308 5308 5409 5409 5307 5307 5409 5409 5408 5408 5308 5308 5309 5309 5410 5410 5308 5308 5410 5410 5409 5409 5309 5309 5310 5310 5411 5411 5309 5309 5411 5411 5410 5410 5310 5310 5311 5311 5412 5412 5310 5310 5412 5412 5411 5411 5311 5311 5312 5312 5413 5413 5311 5311 5413 5413 5412 5412 5312 5312 5313 5313 5414 5414 5312 5312 5414 5414 5413 5413 5313 5313 5314 5314 5415 5415 5313 5313 5415 5415 5414 5414 5314 5314 5315 5315 5416 5416 5314 5314 5416 5416 5415 5415 5315 5315 5316 5316 5417 5417 5315 5315 5417 5417 5416 5416 5316 5316 5317 5317 5418 5418 5316 5316 5418 5418 5417 5417 5317 5317 5318 5318 5419 5419 5317 5317 5419 5419 5418 5418 5318 5318 5319 5319 5420 5420 5318 5318 5420 5420 5419 5419 5319 5319 5320 5320 5421 5421 5319 5319 5421 5421 5420 5420 5320 5320 5321 5321 5422 5422 5320 5320 5422 5422 5421 5421 5321 5321 5322 5322 5423 5423 5321 5321 5423 5423 5422 5422 5322 5322 5323 5323 5424 5424 5322 5322 5424 5424 5423 5423 5323 5323 5324 5324 5425 5425 5323 5323 5425 5425 5424 5424 5324 5324 5325 5325 5426 5426 5324 5324 5426 5426 5425 5425 5325 5325 5326 5326 5427 5427 5325 5325 5427 5427 5426 5426 5326 5326 5327 5327 5428 5428 5326 5326 5428 5428 5427 5427 5327 5327 5328 5328 5429 5429 5327 5327 5429 5429 5428 5428 5328 5328 5329 5329 5430 5430 5328 5328 5430 5430 5429 5429 5329 5329 5330 5330 5431 5431 5329 5329 5431 5431 5430 5430 5330 5330 5331 5331 5432 5432 5330 5330 5432 5432 5431 5431 5331 5331 5332 5332 5433 5433 5331 5331 5433 5433 5432 5432 5332 5332 5333 5333 5434 5434 5332 5332 5434 5434 5433 5433 5333 5333 5334 5334 5435 5435 5333 5333 5435 5435 5434 5434 5334 5334 5335 5335 5436 5436 5334 5334 5436 5436 5435 5435 5335 5335 5336 5336 5437 5437 5335 5335 5437 5437 5436 5436 5336 5336 5337 5337 5438 5438 5336 5336 5438 5438 5437 5437 5337 5337 5338 5338 5439 5439 5337 5337 5439 5439 5438 5438 5338 5338 5339 5339 5440 5440 5338 5338 5440 5440 5439 5439 5339 5339 5340 5340 5441 5441 5339 5339 5441 5441 5440 5440 5340 5340 5341 5341 5442 5442 5340 5340 5442 5442 5441 5441 5341 5341 5342 5342 5443 5443 5341 5341 5443 5443 5442 5442 5342 5342 5343 5343 5444 5444 5342 5342 5444 5444 5443 5443 5343 5343 5344 5344 5445 5445 5343 5343 5445 5445 5444 5444 5344 5344 5345 5345 5446 5446 5344 5344 5446 5446 5445 5445 5345 5345 5346 5346 5447 5447 5345 5345 5447 5447 5446 5446 5346 5346 5347 5347 5448 5448 5346 5346 5448 5448 5447 5447 5347 5347 5348 5348 5449 5449 5347 5347 5449 5449 5448 5448 5348 5348 5349 5349 5450 5450 5348 5348 5450 5450 5449 5449 5349 5349 5350 5350 5451 5451 5349 5349 5451 5451 5450 5450 5350 5350 5351 5351 5452 5452 5350 5350 5452 5452 5451 5451 5351 5351 5352 5352 5453 5453 5351 5351 5453 5453 5452 5452 5353 5353 5354 5354 5455 5455 5353 5353 5455 5455 5454 5454 5354 5354 5355 5355 5456 5456 5354 5354 5456 5456 5455 5455 5355 5355 5356 5356 5457 5457 5355 5355 5457 5457 5456 5456 5356 5356 5357 5357 5458 5458 5356 5356 5458 5458 5457 5457 5357 5357 5358 5358 5459 5459 5357 5357 5459 5459 5458 5458 5358 5358 5359 5359 5460 5460 5358 5358 5460 5460 5459 5459 5359 5359 5360 5360 5461 5461 5359 5359 5461 5461 5460 5460 5360 5360 5361 5361 5462 5462 5360 5360 5462 5462 5461 5461 5361 5361 5362 5362 5463 5463 5361 5361 5463 5463 5462 5462 5362 5362 5363 5363 5464 5464 5362 5362 5464 5464 5463 5463 5363 5363 5364 5364 5465 5465 5363 5363 5465 5465 5464 5464 5364 5364 5365 5365 5466 5466 5364 5364 5466 5466 5465 5465 5365 5365 5366 5366 5467 5467 5365 5365 5467 5467 5466 5466 5366 5366 5367 5367 5468 5468 5366 5366 5468 5468 5467 5467 5367 5367 5368 5368 5469 5469 5367 5367 5469 5469 5468 5468 5368 5368 5369 5369 5470 5470 5368 5368 5470 5470 5469 5469 5369 5369 5370 5370 5471 5471 5369 5369 5471 5471 5470 5470 5370 5370 5371 5371 5472 5472 5370 5370 5472 5472 5471 5471 5371 5371 5372 5372 5473 5473 5371 5371 5473 5473 5472 5472 5372 5372 5373 5373 5474 5474 5372 5372 5474 5474 5473 5473 5373 5373 5374 5374 5475 5475 5373 5373 5475 5475 5474 5474 5374 5374 5375 5375 5476 5476 5374 5374 5476 5476 5475 5475 5375 5375 5376 5376 5477 5477 5375 5375 5477 5477 5476 5476 5376 5376 5377 5377 5478 5478 5376 5376 5478 5478 5477 5477 5377 5377 5378 5378 5479 5479 5377 5377 5479 5479 5478 5478 5378 5378 5379 5379 5480 5480 5378 5378 5480 5480 5479 5479 5379 5379 5380 5380 5481 5481 5379 5379 5481 5481 5480 5480 5380 5380 5381 5381 5482 5482 5380 5380 5482 5482 5481 5481 5381 5381 5382 5382 5483 5483 5381 5381 5483 5483 5482 5482 5382 5382 5383 5383 5484 5484 5382 5382 5484 5484 5483 5483 5383 5383 5384 5384 5485 5485 5383 5383 5485 5485 5484 5484 5384 5384 5385 5385 5486 5486 5384 5384 5486 5486 5485 5485 5385 5385 5386 5386 5487 5487 5385 5385 5487 5487 5486 5486 5386 5386 5387 5387 5488 5488 5386 5386 5488 5488 5487 5487 5387 5387 5388 5388 5489 5489 5387 5387 5489 5489 5488 5488 5388 5388 5389 5389 5490 5490 5388 5388 5490 5490 5489 5489 5389 5389 5390 5390 5491 5491 5389 5389 5491 5491 5490 5490 5390 5390 5391 5391 5492 5492 5390 5390 5492 5492 5491 5491 5391 5391 5392 5392 5493 5493 5391 5391 5493 5493 5492 5492 5392 5392 5393 5393 5494 5494 5392 5392 5494 5494 5493 5493 5393 5393 5394 5394 5495 5495 5393 5393 5495 5495 5494 5494 5394 5394 5395 5395 5496 5496 5394 5394 5496 5496 5495 5495 5395 5395 5396 5396 5497 5497 5395 5395 5497 5497 5496 5496 5396 5396 5397 5397 5498 5498 5396 5396 5498 5498 5497 5497 5397 5397 5398 5398 5499 5499 5397 5397 5499 5499 5498 5498 5398 5398 5399 5399 5500 5500 5398 5398 5500 5500 5499 5499 5399 5399 5400 5400 5501 5501 5399 5399 5501 5501 5500 5500 5400 5400 5401 5401 5502 5502 5400 5400 5502 5502 5501 5501 5401 5401 5402 5402 5503 5503 5401 5401 5503 5503 5502 5502 5402 5402 5403 5403 5504 5504 5402 5402 5504 5504 5503 5503 5403 5403 5404 5404 5505 5505 5403 5403 5505 5505 5504 5504 5404 5404 5405 5405 5506 5506 5404 5404 5506 5506 5505 5505 5405 5405 5406 5406 5507 5507 5405 5405 5507 5507 5506 5506 5406 5406 5407 5407 5508 5508 5406 5406 5508 5508 5507 5507 5407 5407 5408 5408 5509 5509 5407 5407 5509 5509 5508 5508 5408 5408 5409 5409 5510 5510 5408 5408 5510 5510 5509 5509 5409 5409 5410 5410 5511 5511 5409 5409 5511 5511 5510 5510 5410 5410 5411 5411 5512 5512 5410 5410 5512 5512 5511 5511 5411 5411 5412 5412 5513 5513 5411 5411 5513 5513 5512 5512 5412 5412 5413 5413 5514 5514 5412 5412 5514 5514 5513 5513 5413 5413 5414 5414 5515 5515 5413 5413 5515 5515 5514 5514 5414 5414 5415 5415 5516 5516 5414 5414 5516 5516 5515 5515 5415 5415 5416 5416 5517 5517 5415 5415 5517 5517 5516 5516 5416 5416 5417 5417 5518 5518 5416 5416 5518 5518 5517 5517 5417 5417 5418 5418 5519 5519 5417 5417 5519 5519 5518 5518 5418 5418 5419 5419 5520 5520 5418 5418 5520 5520 5519 5519 5419 5419 5420 5420 5521 5521 5419 5419 5521 5521 5520 5520 5420 5420 5421 5421 5522 5522 5420 5420 5522 5522 5521 5521 5421 5421 5422 5422 5523 5523 5421 5421 5523 5523 5522 5522 5422 5422 5423 5423 5524 5524 5422 5422 5524 5524 5523 5523 5423 5423 5424 5424 5525 5525 5423 5423 5525 5525 5524 5524 5424 5424 5425 5425 5526 5526 5424 5424 5526 5526 5525 5525 5425 5425 5426 5426 5527 5527 5425 5425 5527 5527 5526 5526 5426 5426 5427 5427 5528 5528 5426 5426 5528 5528 5527 5527 5427 5427 5428 5428 5529 5529 5427 5427 5529 5529 5528 5528 5428 5428 5429 5429 5530 5530 5428 5428 5530 5530 5529 5529 5429 5429 5430 5430 5531 5531 5429 5429 5531 5531 5530 5530 5430 5430 5431 5431 5532 5532 5430 5430 5532 5532 5531 5531 5431 5431 5432 5432 5533 5533 5431 5431 5533 5533 5532 5532 5432 5432 5433 5433 5534 5534 5432 5432 5534 5534 5533 5533 5433 5433 5434 5434 5535 5535 5433 5433 5535 5535 5534 5534 5434 5434 5435 5435 5536 5536 5434 5434 5536 5536 5535 5535 5435 5435 5436 5436 5537 5537 5435 5435 5537 5537 5536 5536 5436 5436 5437 5437 5538 5538 5436 5436 5538 5538 5537 5537 5437 5437 5438 5438 5539 5539 5437 5437 5539 5539 5538 5538 5438 5438 5439 5439 5540 5540 5438 5438 5540 5540 5539 5539 5439 5439 5440 5440 5541 5541 5439 5439 5541 5541 5540 5540 5440 5440 5441 5441 5542 5542 5440 5440 5542 5542 5541 5541 5441 5441 5442 5442 5543 5543 5441 5441 5543 5543 5542 5542 5442 5442 5443 5443 5544 5544 5442 5442 5544 5544 5543 5543 5443 5443 5444 5444 5545 5545 5443 5443 5545 5545 5544 5544 5444 5444 5445 5445 5546 5546 5444 5444 5546 5546 5545 5545 5445 5445 5446 5446 5547 5547 5445 5445 5547 5547 5546 5546 5446 5446 5447 5447 5548 5548 5446 5446 5548 5548 5547 5547 5447 5447 5448 5448 5549 5549 5447 5447 5549 5549 5548 5548 5448 5448 5449 5449 5550 5550 5448 5448 5550 5550 5549 5549 5449 5449 5450 5450 5551 5551 5449 5449 5551 5551 5550 5550 5450 5450 5451 5451 5552 5552 5450 5450 5552 5552 5551 5551 5451 5451 5452 5452 5553 5553 5451 5451 5553 5553 5552 5552 5452 5452 5453 5453 5554 5554 5452 5452 5554 5554 5553 5553 5454 5454 5455 5455 5556 5556 5454 5454 5556 5556 5555 5555 5455 5455 5456 5456 5557 5557 5455 5455 5557 5557 5556 5556 5456 5456 5457 5457 5558 5558 5456 5456 5558 5558 5557 5557 5457 5457 5458 5458 5559 5559 5457 5457 5559 5559 5558 5558 5458 5458 5459 5459 5560 5560 5458 5458 5560 5560 5559 5559 5459 5459 5460 5460 5561 5561 5459 5459 5561 5561 5560 5560 5460 5460 5461 5461 5562 5562 5460 5460 5562 5562 5561 5561 5461 5461 5462 5462 5563 5563 5461 5461 5563 5563 5562 5562 5462 5462 5463 5463 5564 5564 5462 5462 5564 5564 5563 5563 5463 5463 5464 5464 5565 5565 5463 5463 5565 5565 5564 5564 5464 5464 5465 5465 5566 5566 5464 5464 5566 5566 5565 5565 5465 5465 5466 5466 5567 5567 5465 5465 5567 5567 5566 5566 5466 5466 5467 5467 5568 5568 5466 5466 5568 5568 5567 5567 5467 5467 5468 5468 5569 5569 5467 5467 5569 5569 5568 5568 5468 5468 5469 5469 5570 5570 5468 5468 5570 5570 5569 5569 5469 5469 5470 5470 5571 5571 5469 5469 5571 5571 5570 5570 5470 5470 5471 5471 5572 5572 5470 5470 5572 5572 5571 5571 5471 5471 5472 5472 5573 5573 5471 5471 5573 5573 5572 5572 5472 5472 5473 5473 5574 5574 5472 5472 5574 5574 5573 5573 5473 5473 5474 5474 5575 5575 5473 5473 5575 5575 5574 5574 5474 5474 5475 5475 5576 5576 5474 5474 5576 5576 5575 5575 5475 5475 5476 5476 5577 5577 5475 5475 5577 5577 5576 5576 5476 5476 5477 5477 5578 5578 5476 5476 5578 5578 5577 5577 5477 5477 5478 5478 5579 5579 5477 5477 5579 5579 5578 5578 5478 5478 5479 5479 5580 5580 5478 5478 5580 5580 5579 5579 5479 5479 5480 5480 5581 5581 5479 5479 5581 5581 5580 5580 5480 5480 5481 5481 5582 5582 5480 5480 5582 5582 5581 5581 5481 5481 5482 5482 5583 5583 5481 5481 5583 5583 5582 5582 5482 5482 5483 5483 5584 5584 5482 5482 5584 5584 5583 5583 5483 5483 5484 5484 5585 5585 5483 5483 5585 5585 5584 5584 5484 5484 5485 5485 5586 5586 5484 5484 5586 5586 5585 5585 5485 5485 5486 5486 5587 5587 5485 5485 5587 5587 5586 5586 5486 5486 5487 5487 5588 5588 5486 5486 5588 5588 5587 5587 5487 5487 5488 5488 5589 5589 5487 5487 5589 5589 5588 5588 5488 5488 5489 5489 5590 5590 5488 5488 5590 5590 5589 5589 5489 5489 5490 5490 5591 5591 5489 5489 5591 5591 5590 5590 5490 5490 5491 5491 5592 5592 5490 5490 5592 5592 5591 5591 5491 5491 5492 5492 5593 5593 5491 5491 5593 5593 5592 5592 5492 5492 5493 5493 5594 5594 5492 5492 5594 5594 5593 5593 5493 5493 5494 5494 5595 5595 5493 5493 5595 5595 5594 5594 5494 5494 5495 5495 5596 5596 5494 5494 5596 5596 5595 5595 5495 5495 5496 5496 5597 5597 5495 5495 5597 5597 5596 5596 5496 5496 5497 5497 5598 5598 5496 5496 5598 5598 5597 5597 5497 5497 5498 5498 5599 5599 5497 5497 5599 5599 5598 5598 5498 5498 5499 5499 5600 5600 5498 5498 5600 5600 5599 5599 5499 5499 5500 5500 5601 5601 5499 5499 5601 5601 5600 5600 5500 5500 5501 5501 5602 5602 5500 5500 5602 5602 5601 5601 5501 5501 5502 5502 5603 5603 5501 5501 5603 5603 5602 5602 5502 5502 5503 5503 5604 5604 5502 5502 5604 5604 5603 5603 5503 5503 5504 5504 5605 5605 5503 5503 5605 5605 5604 5604 5504 5504 5505 5505 5606 5606 5504 5504 5606 5606 5605 5605 5505 5505 5506 5506 5607 5607 5505 5505 5607 5607 5606 5606 5506 5506 5507 5507 5608 5608 5506 5506 5608 5608 5607 5607 5507 5507 5508 5508 5609 5609 5507 5507 5609 5609 5608 5608 5508 5508 5509 5509 5610 5610 5508 5508 5610 5610 5609 5609 5509 5509 5510 5510 5611 5611 5509 5509 5611 5611 5610 5610 5510 5510 5511 5511 5612 5612 5510 5510 5612 5612 5611 5611 5511 5511 5512 5512 5613 5613 5511 5511 5613 5613 5612 5612 5512 5512 5513 5513 5614 5614 5512 5512 5614 5614 5613 5613 5513 5513 5514 5514 5615 5615 5513 5513 5615 5615 5614 5614 5514 5514 5515 5515 5616 5616 5514 5514 5616 5616 5615 5615 5515 5515 5516 5516 5617 5617 5515 5515 5617 5617 5616 5616 5516 5516 5517 5517 5618 5618 5516 5516 5618 5618 5617 5617 5517 5517 5518 5518 5619 5619 5517 5517 5619 5619 5618 5618 5518 5518 5519 5519 5620 5620 5518 5518 5620 5620 5619 5619 5519 5519 5520 5520 5621 5621 5519 5519 5621 5621 5620 5620 5520 5520 5521 5521 5622 5622 5520 5520 5622 5622 5621 5621 5521 5521 5522 5522 5623 5623 5521 5521 5623 5623 5622 5622 5522 5522 5523 5523 5624 5624 5522 5522 5624 5624 5623 5623 5523 5523 5524 5524 5625 5625 5523 5523 5625 5625 5624 5624 5524 5524 5525 5525 5626 5626 5524 5524 5626 5626 5625 5625 5525 5525 5526 5526 5627 5627 5525 5525 5627 5627 5626 5626 5526 5526 5527 5527 5628 5628 5526 5526 5628 5628 5627 5627 5527 5527 5528 5528 5629 5629 5527 5527 5629 5629 5628 5628 5528 5528 5529 5529 5630 5630 5528 5528 5630 5630 5629 5629 5529 5529 5530 5530 5631 5631 5529 5529 5631 5631 5630 5630 5530 5530 5531 5531 5632 5632 5530 5530 5632 5632 5631 5631 5531 5531 5532 5532 5633 5633 5531 5531 5633 5633 5632 5632 5532 5532 5533 5533 5634 5634 5532 5532 5634 5634 5633 5633 5533 5533 5534 5534 5635 5635 5533 5533 5635 5635 5634 5634 5534 5534 5535 5535 5636 5636 5534 5534 5636 5636 5635 5635 5535 5535 5536 5536 5637 5637 5535 5535 5637 5637 5636 5636 5536 5536 5537 5537 5638 5638 5536 5536 5638 5638 5637 5637 5537 5537 5538 5538 5639 5639 5537 5537 5639 5639 5638 5638 5538 5538 5539 5539 5640 5640 5538 5538 5640 5640 5639 5639 5539 5539 5540 5540 5641 5641 5539 5539 5641 5641 5640 5640 5540 5540 5541 5541 5642 5642 5540 5540 5642 5642 5641 5641 5541 5541 5542 5542 5643 5643 5541 5541 5643 5643 5642 5642 5542 5542 5543 5543 5644 5644 5542 5542 5644 5644 5643 5643 5543 5543 5544 5544 5645 5645 5543 5543 5645 5645 5644 5644 5544 5544 5545 5545 5646 5646 5544 5544 5646 5646 5645 5645 5545 5545 5546 5546 5647 5647 5545 5545 5647 5647 5646 5646 5546 5546 5547 5547 5648 5648 5546 5546 5648 5648 5647 5647 5547 5547 5548 5548 5649 5649 5547 5547 5649 5649 5648 5648 5548 5548 5549 5549 5650 5650 5548 5548 5650 5650 5649 5649 5549 5549 5550 5550 5651 5651 5549 5549 5651 5651 5650 5650 5550 5550 5551 5551 5652 5652 5550 5550 5652 5652 5651 5651 5551 5551 5552 5552 5653 5653 5551 5551 5653 5653 5652 5652 5552 5552 5553 5553 5654 5654 5552 5552 5654 5654 5653 5653 5553 5553 5554 5554 5655 5655 5553 5553 5655 5655 5654 5654 5555 5555 5556 5556 5657 5657 5555 5555 5657 5657 5656 5656 5556 5556 5557 5557 5658 5658 5556 5556 5658 5658 5657 5657 5557 5557 5558 5558 5659 5659 5557 5557 5659 5659 5658 5658 5558 5558 5559 5559 5660 5660 5558 5558 5660 5660 5659 5659 5559 5559 5560 5560 5661 5661 5559 5559 5661 5661 5660 5660 5560 5560 5561 5561 5662 5662 5560 5560 5662 5662 5661 5661 5561 5561 5562 5562 5663 5663 5561 5561 5663 5663 5662 5662 5562 5562 5563 5563 5664 5664 5562 5562 5664 5664 5663 5663 5563 5563 5564 5564 5665 5665 5563 5563 5665 5665 5664 5664 5564 5564 5565 5565 5666 5666 5564 5564 5666 5666 5665 5665 5565 5565 5566 5566 5667 5667 5565 5565 5667 5667 5666 5666 5566 5566 5567 5567 5668 5668 5566 5566 5668 5668 5667 5667 5567 5567 5568 5568 5669 5669 5567 5567 5669 5669 5668 5668 5568 5568 5569 5569 5670 5670 5568 5568 5670 5670 5669 5669 5569 5569 5570 5570 5671 5671 5569 5569 5671 5671 5670 5670 5570 5570 5571 5571 5672 5672 5570 5570 5672 5672 5671 5671 5571 5571 5572 5572 5673 5673 5571 5571 5673 5673 5672 5672 5572 5572 5573 5573 5674 5674 5572 5572 5674 5674 5673 5673 5573 5573 5574 5574 5675 5675 5573 5573 5675 5675 5674 5674 5574 5574 5575 5575 5676 5676 5574 5574 5676 5676 5675 5675 5575 5575 5576 5576 5677 5677 5575 5575 5677 5677 5676 5676 5576 5576 5577 5577 5678 5678 5576 5576 5678 5678 5677 5677 5577 5577 5578 5578 5679 5679 5577 5577 5679 5679 5678 5678 5578 5578 5579 5579 5680 5680 5578 5578 5680 5680 5679 5679 5579 5579 5580 5580 5681 5681 5579 5579 5681 5681 5680 5680 5580 5580 5581 5581 5682 5682 5580 5580 5682 5682 5681 5681 5581 5581 5582 5582 5683 5683 5581 5581 5683 5683 5682 5682 5582 5582 5583 5583 5684 5684 5582 5582 5684 5684 5683 5683 5583 5583 5584 5584 5685 5685 5583 5583 5685 5685 5684 5684 5584 5584 5585 5585 5686 5686 5584 5584 5686 5686 5685 5685 5585 5585 5586 5586 5687 5687 5585 5585 5687 5687 5686 5686 5586 5586 5587 5587 5688 5688 5586 5586 5688 5688 5687 5687 5587 5587 5588 5588 5689 5689 5587 5587 5689 5689 5688 5688 5588 5588 5589 5589 5690 5690 5588 5588 5690 5690 5689 5689 5589 5589 5590 5590 5691 5691 5589 5589 5691 5691 5690 5690 5590 5590 5591 5591 5692 5692 5590 5590 5692 5692 5691 5691 5591 5591 5592 5592 5693 5693 5591 5591 5693 5693 5692 5692 5592 5592 5593 5593 5694 5694 5592 5592 5694 5694 5693 5693 5593 5593 5594 5594 5695 5695 5593 5593 5695 5695 5694 5694 5594 5594 5595 5595 5696 5696 5594 5594 5696 5696 5695 5695 5595 5595 5596 5596 5697 5697 5595 5595 5697 5697 5696 5696 5596 5596 5597 5597 5698 5698 5596 5596 5698 5698 5697 5697 5597 5597 5598 5598 5699 5699 5597 5597 5699 5699 5698 5698 5598 5598 5599 5599 5700 5700 5598 5598 5700 5700 5699 5699 5599 5599 5600 5600 5701 5701 5599 5599 5701 5701 5700 5700 5600 5600 5601 5601 5702 5702 5600 5600 5702 5702 5701 5701 5601 5601 5602 5602 5703 5703 5601 5601 5703 5703 5702 5702 5602 5602 5603 5603 5704 5704 5602 5602 5704 5704 5703 5703 5603 5603 5604 5604 5705 5705 5603 5603 5705 5705 5704 5704 5604 5604 5605 5605 5706 5706 5604 5604 5706 5706 5705 5705 5605 5605 5606 5606 5707 5707 5605 5605 5707 5707 5706 5706 5606 5606 5607 5607 5708 5708 5606 5606 5708 5708 5707 5707 5607 5607 5608 5608 5709 5709 5607 5607 5709 5709 5708 5708 5608 5608 5609 5609 5710 5710 5608 5608 5710 5710 5709 5709 5609 5609 5610 5610 5711 5711 5609 5609 5711 5711 5710 5710 5610 5610 5611 5611 5712 5712 5610 5610 5712 5712 5711 5711 5611 5611 5612 5612 5713 5713 5611 5611 5713 5713 5712 5712 5612 5612 5613 5613 5714 5714 5612 5612 5714 5714 5713 5713 5613 5613 5614 5614 5715 5715 5613 5613 5715 5715 5714 5714 5614 5614 5615 5615 5716 5716 5614 5614 5716 5716 5715 5715 5615 5615 5616 5616 5717 5717 5615 5615 5717 5717 5716 5716 5616 5616 5617 5617 5718 5718 5616 5616 5718 5718 5717 5717 5617 5617 5618 5618 5719 5719 5617 5617 5719 5719 5718 5718 5618 5618 5619 5619 5720 5720 5618 5618 5720 5720 5719 5719 5619 5619 5620 5620 5721 5721 5619 5619 5721 5721 5720 5720 5620 5620 5621 5621 5722 5722 5620 5620 5722 5722 5721 5721 5621 5621 5622 5622 5723 5723 5621 5621 5723 5723 5722 5722 5622 5622 5623 5623 5724 5724 5622 5622 5724 5724 5723 5723 5623 5623 5624 5624 5725 5725 5623 5623 5725 5725 5724 5724 5624 5624 5625 5625 5726 5726 5624 5624 5726 5726 5725 5725 5625 5625 5626 5626 5727 5727 5625 5625 5727 5727 5726 5726 5626 5626 5627 5627 5728 5728 5626 5626 5728 5728 5727 5727 5627 5627 5628 5628 5729 5729 5627 5627 5729 5729 5728 5728 5628 5628 5629 5629 5730 5730 5628 5628 5730 5730 5729 5729 5629 5629 5630 5630 5731 5731 5629 5629 5731 5731 5730 5730 5630 5630 5631 5631 5732 5732 5630 5630 5732 5732 5731 5731 5631 5631 5632 5632 5733 5733 5631 5631 5733 5733 5732 5732 5632 5632 5633 5633 5734 5734 5632 5632 5734 5734 5733 5733 5633 5633 5634 5634 5735 5735 5633 5633 5735 5735 5734 5734 5634 5634 5635 5635 5736 5736 5634 5634 5736 5736 5735 5735 5635 5635 5636 5636 5737 5737 5635 5635 5737 5737 5736 5736 5636 5636 5637 5637 5738 5738 5636 5636 5738 5738 5737 5737 5637 5637 5638 5638 5739 5739 5637 5637 5739 5739 5738 5738 5638 5638 5639 5639 5740 5740 5638 5638 5740 5740 5739 5739 5639 5639 5640 5640 5741 5741 5639 5639 5741 5741 5740 5740 5640 5640 5641 5641 5742 5742 5640 5640 5742 5742 5741 5741 5641 5641 5642 5642 5743 5743 5641 5641 5743 5743 5742 5742 5642 5642 5643 5643 5744 5744 5642 5642 5744 5744 5743 5743 5643 5643 5644 5644 5745 5745 5643 5643 5745 5745 5744 5744 5644 5644 5645 5645 5746 5746 5644 5644 5746 5746 5745 5745 5645 5645 5646 5646 5747 5747 5645 5645 5747 5747 5746 5746 5646 5646 5647 5647 5748 5748 5646 5646 5748 5748 5747 5747 5647 5647 5648 5648 5749 5749 5647 5647 5749 5749 5748 5748 5648 5648 5649 5649 5750 5750 5648 5648 5750 5750 5749 5749 5649 5649 5650 5650 5751 5751 5649 5649 5751 5751 5750 5750 5650 5650 5651 5651 5752 5752 5650 5650 5752 5752 5751 5751 5651 5651 5652 5652 5753 5753 5651 5651 5753 5753 5752 5752 5652 5652 5653 5653 5754 5754 5652 5652 5754 5754 5753 5753 5653 5653 5654 5654 5755 5755 5653 5653 5755 5755 5754 5754 5654 5654 5655 5655 5756 5756 5654 5654 5756 5756 5755 5755 5656 5656 5657 5657 5758 5758 5656 5656 5758 5758 5757 5757 5657 5657 5658 5658 5759 5759 5657 5657 5759 5759 5758 5758 5658 5658 5659 5659 5760 5760 5658 5658 5760 5760 5759 5759 5659 5659 5660 5660 5761 5761 5659 5659 5761 5761 5760 5760 5660 5660 5661 5661 5762 5762 5660 5660 5762 5762 5761 5761 5661 5661 5662 5662 5763 5763 5661 5661 5763 5763 5762 5762 5662 5662 5663 5663 5764 5764 5662 5662 5764 5764 5763 5763 5663 5663 5664 5664 5765 5765 5663 5663 5765 5765 5764 5764 5664 5664 5665 5665 5766 5766 5664 5664 5766 5766 5765 5765 5665 5665 5666 5666 5767 5767 5665 5665 5767 5767 5766 5766 5666 5666 5667 5667 5768 5768 5666 5666 5768 5768 5767 5767 5667 5667 5668 5668 5769 5769 5667 5667 5769 5769 5768 5768 5668 5668 5669 5669 5770 5770 5668 5668 5770 5770 5769 5769 5669 5669 5670 5670 5771 5771 5669 5669 5771 5771 5770 5770 5670 5670 5671 5671 5772 5772 5670 5670 5772 5772 5771 5771 5671 5671 5672 5672 5773 5773 5671 5671 5773 5773 5772 5772 5672 5672 5673 5673 5774 5774 5672 5672 5774 5774 5773 5773 5673 5673 5674 5674 5775 5775 5673 5673 5775 5775 5774 5774 5674 5674 5675 5675 5776 5776 5674 5674 5776 5776 5775 5775 5675 5675 5676 5676 5777 5777 5675 5675 5777 5777 5776 5776 5676 5676 5677 5677 5778 5778 5676 5676 5778 5778 5777 5777 5677 5677 5678 5678 5779 5779 5677 5677 5779 5779 5778 5778 5678 5678 5679 5679 5780 5780 5678 5678 5780 5780 5779 5779 5679 5679 5680 5680 5781 5781 5679 5679 5781 5781 5780 5780 5680 5680 5681 5681 5782 5782 5680 5680 5782 5782 5781 5781 5681 5681 5682 5682 5783 5783 5681 5681 5783 5783 5782 5782 5682 5682 5683 5683 5784 5784 5682 5682 5784 5784 5783 5783 5683 5683 5684 5684 5785 5785 5683 5683 5785 5785 5784 5784 5684 5684 5685 5685 5786 5786 5684 5684 5786 5786 5785 5785 5685 5685 5686 5686 5787 5787 5685 5685 5787 5787 5786 5786 5686 5686 5687 5687 5788 5788 5686 5686 5788 5788 5787 5787 5687 5687 5688 5688 5789 5789 5687 5687 5789 5789 5788 5788 5688 5688 5689 5689 5790 5790 5688 5688 5790 5790 5789 5789 5689 5689 5690 5690 5791 5791 5689 5689 5791 5791 5790 5790 5690 5690 5691 5691 5792 5792 5690 5690 5792 5792 5791 5791 5691 5691 5692 5692 5793 5793 5691 5691 5793 5793 5792 5792 5692 5692 5693 5693 5794 5794 5692 5692 5794 5794 5793 5793 5693 5693 5694 5694 5795 5795 5693 5693 5795 5795 5794 5794 5694 5694 5695 5695 5796 5796 5694 5694 5796 5796 5795 5795 5695 5695 5696 5696 5797 5797 5695 5695 5797 5797 5796 5796 5696 5696 5697 5697 5798 5798 5696 5696 5798 5798 5797 5797 5697 5697 5698 5698 5799 5799 5697 5697 5799 5799 5798 5798 5698 5698 5699 5699 5800 5800 5698 5698 5800 5800 5799 5799 5699 5699 5700 5700 5801 5801 5699 5699 5801 5801 5800 5800 5700 5700 5701 5701 5802 5802 5700 5700 5802 5802 5801 5801 5701 5701 5702 5702 5803 5803 5701 5701 5803 5803 5802 5802 5702 5702 5703 5703 5804 5804 5702 5702 5804 5804 5803 5803 5703 5703 5704 5704 5805 5805 5703 5703 5805 5805 5804 5804 5704 5704 5705 5705 5806 5806 5704 5704 5806 5806 5805 5805 5705 5705 5706 5706 5807 5807 5705 5705 5807 5807 5806 5806 5706 5706 5707 5707 5808 5808 5706 5706 5808 5808 5807 5807 5707 5707 5708 5708 5809 5809 5707 5707 5809 5809 5808 5808 5708 5708 5709 5709 5810 5810 5708 5708 5810 5810 5809 5809 5709 5709 5710 5710 5811 5811 5709 5709 5811 5811 5810 5810 5710 5710 5711 5711 5812 5812 5710 5710 5812 5812 5811 5811 5711 5711 5712 5712 5813 5813 5711 5711 5813 5813 5812 5812 5712 5712 5713 5713 5814 5814 5712 5712 5814 5814 5813 5813 5713 5713 5714 5714 5815 5815 5713 5713 5815 5815 5814 5814 5714 5714 5715 5715 5816 5816 5714 5714 5816 5816 5815 5815 5715 5715 5716 5716 5817 5817 5715 5715 5817 5817 5816 5816 5716 5716 5717 5717 5818 5818 5716 5716 5818 5818 5817 5817 5717 5717 5718 5718 5819 5819 5717 5717 5819 5819 5818 5818 5718 5718 5719 5719 5820 5820 5718 5718 5820 5820 5819 5819 5719 5719 5720 5720 5821 5821 5719 5719 5821 5821 5820 5820 5720 5720 5721 5721 5822 5822 5720 5720 5822 5822 5821 5821 5721 5721 5722 5722 5823 5823 5721 5721 5823 5823 5822 5822 5722 5722 5723 5723 5824 5824 5722 5722 5824 5824 5823 5823 5723 5723 5724 5724 5825 5825 5723 5723 5825 5825 5824 5824 5724 5724 5725 5725 5826 5826 5724 5724 5826 5826 5825 5825 5725 5725 5726 5726 5827 5827 5725 5725 5827 5827 5826 5826 5726 5726 5727 5727 5828 5828 5726 5726 5828 5828 5827 5827 5727 5727 5728 5728 5829 5829 5727 5727 5829 5829 5828 5828 5728 5728 5729 5729 5830 5830 5728 5728 5830 5830 5829 5829 5729 5729 5730 5730 5831 5831 5729 5729 5831 5831 5830 5830 5730 5730 5731 5731 5832 5832 5730 5730 5832 5832 5831 5831 5731 5731 5732 5732 5833 5833 5731 5731 5833 5833 5832 5832 5732 5732 5733 5733 5834 5834 5732 5732 5834 5834 5833 5833 5733 5733 5734 5734 5835 5835 5733 5733 5835 5835 5834 5834 5734 5734 5735 5735 5836 5836 5734 5734 5836 5836 5835 5835 5735 5735 5736 5736 5837 5837 5735 5735 5837 5837 5836 5836 5736 5736 5737 5737 5838 5838 5736 5736 5838 5838 5837 5837 5737 5737 5738 5738 5839 5839 5737 5737 5839 5839 5838 5838 5738 5738 5739 5739 5840 5840 5738 5738 5840 5840 5839 5839 5739 5739 5740 5740 5841 5841 5739 5739 5841 5841 5840 5840 5740 5740 5741 5741 5842 5842 5740 5740 5842 5842 5841 5841 5741 5741 5742 5742 5843 5843 5741 5741 5843 5843 5842 5842 5742 5742 5743 5743 5844 5844 5742 5742 5844 5844 5843 5843 5743 5743 5744 5744 5845 5845 5743 5743 5845 5845 5844 5844 5744 5744 5745 5745 5846 5846 5744 5744 5846 5846 5845 5845 5745 5745 5746 5746 5847 5847 5745 5745 5847 5847 5846 5846 5746 5746 5747 5747 5848 5848 5746 5746 5848 5848 5847 5847 5747 5747 5748 5748 5849 5849 5747 5747 5849 5849 5848 5848 5748 5748 5749 5749 5850 5850 5748 5748 5850 5850 5849 5849 5749 5749 5750 5750 5851 5851 5749 5749 5851 5851 5850 5850 5750 5750 5751 5751 5852 5852 5750 5750 5852 5852 5851 5851 5751 5751 5752 5752 5853 5853 5751 5751 5853 5853 5852 5852 5752 5752 5753 5753 5854 5854 5752 5752 5854 5854 5853 5853 5753 5753 5754 5754 5855 5855 5753 5753 5855 5855 5854 5854 5754 5754 5755 5755 5856 5856 5754 5754 5856 5856 5855 5855 5755 5755 5756 5756 5857 5857 5755 5755 5857 5857 5856 5856 5757 5757 5758 5758 5859 5859 5757 5757 5859 5859 5858 5858 5758 5758 5759 5759 5860 5860 5758 5758 5860 5860 5859 5859 5759 5759 5760 5760 5861 5861 5759 5759 5861 5861 5860 5860 5760 5760 5761 5761 5862 5862 5760 5760 5862 5862 5861 5861 5761 5761 5762 5762 5863 5863 5761 5761 5863 5863 5862 5862 5762 5762 5763 5763 5864 5864 5762 5762 5864 5864 5863 5863 5763 5763 5764 5764 5865 5865 5763 5763 5865 5865 5864 5864 5764 5764 5765 5765 5866 5866 5764 5764 5866 5866 5865 5865 5765 5765 5766 5766 5867 5867 5765 5765 5867 5867 5866 5866 5766 5766 5767 5767 5868 5868 5766 5766 5868 5868 5867 5867 5767 5767 5768 5768 5869 5869 5767 5767 5869 5869 5868 5868 5768 5768 5769 5769 5870 5870 5768 5768 5870 5870 5869 5869 5769 5769 5770 5770 5871 5871 5769 5769 5871 5871 5870 5870 5770 5770 5771 5771 5872 5872 5770 5770 5872 5872 5871 5871 5771 5771 5772 5772 5873 5873 5771 5771 5873 5873 5872 5872 5772 5772 5773 5773 5874 5874 5772 5772 5874 5874 5873 5873 5773 5773 5774 5774 5875 5875 5773 5773 5875 5875 5874 5874 5774 5774 5775 5775 5876 5876 5774 5774 5876 5876 5875 5875 5775 5775 5776 5776 5877 5877 5775 5775 5877 5877 5876 5876 5776 5776 5777 5777 5878 5878 5776 5776 5878 5878 5877 5877 5777 5777 5778 5778 5879 5879 5777 5777 5879 5879 5878 5878 5778 5778 5779 5779 5880 5880 5778 5778 5880 5880 5879 5879 5779 5779 5780 5780 5881 5881 5779 5779 5881 5881 5880 5880 5780 5780 5781 5781 5882 5882 5780 5780 5882 5882 5881 5881 5781 5781 5782 5782 5883 5883 5781 5781 5883 5883 5882 5882 5782 5782 5783 5783 5884 5884 5782 5782 5884 5884 5883 5883 5783 5783 5784 5784 5885 5885 5783 5783 5885 5885 5884 5884 5784 5784 5785 5785 5886 5886 5784 5784 5886 5886 5885 5885 5785 5785 5786 5786 5887 5887 5785 5785 5887 5887 5886 5886 5786 5786 5787 5787 5888 5888 5786 5786 5888 5888 5887 5887 5787 5787 5788 5788 5889 5889 5787 5787 5889 5889 5888 5888 5788 5788 5789 5789 5890 5890 5788 5788 5890 5890 5889 5889 5789 5789 5790 5790 5891 5891 5789 5789 5891 5891 5890 5890 5790 5790 5791 5791 5892 5892 5790 5790 5892 5892 5891 5891 5791 5791 5792 5792 5893 5893 5791 5791 5893 5893 5892 5892 5792 5792 5793 5793 5894 5894 5792 5792 5894 5894 5893 5893 5793 5793 5794 5794 5895 5895 5793 5793 5895 5895 5894 5894 5794 5794 5795 5795 5896 5896 5794 5794 5896 5896 5895 5895 5795 5795 5796 5796 5897 5897 5795 5795 5897 5897 5896 5896 5796 5796 5797 5797 5898 5898 5796 5796 5898 5898 5897 5897 5797 5797 5798 5798 5899 5899 5797 5797 5899 5899 5898 5898 5798 5798 5799 5799 5900 5900 5798 5798 5900 5900 5899 5899 5799 5799 5800 5800 5901 5901 5799 5799 5901 5901 5900 5900 5800 5800 5801 5801 5902 5902 5800 5800 5902 5902 5901 5901 5801 5801 5802 5802 5903 5903 5801 5801 5903 5903 5902 5902 5802 5802 5803 5803 5904 5904 5802 5802 5904 5904 5903 5903 5803 5803 5804 5804 5905 5905 5803 5803 5905 5905 5904 5904 5804 5804 5805 5805 5906 5906 5804 5804 5906 5906 5905 5905 5805 5805 5806 5806 5907 5907 5805 5805 5907 5907 5906 5906 5806 5806 5807 5807 5908 5908 5806 5806 5908 5908 5907 5907 5807 5807 5808 5808 5909 5909 5807 5807 5909 5909 5908 5908 5808 5808 5809 5809 5910 5910 5808 5808 5910 5910 5909 5909 5809 5809 5810 5810 5911 5911 5809 5809 5911 5911 5910 5910 5810 5810 5811 5811 5912 5912 5810 5810 5912 5912 5911 5911 5811 5811 5812 5812 5913 5913 5811 5811 5913 5913 5912 5912 5812 5812 5813 5813 5914 5914 5812 5812 5914 5914 5913 5913 5813 5813 5814 5814 5915 5915 5813 5813 5915 5915 5914 5914 5814 5814 5815 5815 5916 5916 5814 5814 5916 5916 5915 5915 5815 5815 5816 5816 5917 5917 5815 5815 5917 5917 5916 5916 5816 5816 5817 5817 5918 5918 5816 5816 5918 5918 5917 5917 5817 5817 5818 5818 5919 5919 5817 5817 5919 5919 5918 5918 5818 5818 5819 5819 5920 5920 5818 5818 5920 5920 5919 5919 5819 5819 5820 5820 5921 5921 5819 5819 5921 5921 5920 5920 5820 5820 5821 5821 5922 5922 5820 5820 5922 5922 5921 5921 5821 5821 5822 5822 5923 5923 5821 5821 5923 5923 5922 5922 5822 5822 5823 5823 5924 5924 5822 5822 5924 5924 5923 5923 5823 5823 5824 5824 5925 5925 5823 5823 5925 5925 5924 5924 5824 5824 5825 5825 5926 5926 5824 5824 5926 5926 5925 5925 5825 5825 5826 5826 5927 5927 5825 5825 5927 5927 5926 5926 5826 5826 5827 5827 5928 5928 5826 5826 5928 5928 5927 5927 5827 5827 5828 5828 5929 5929 5827 5827 5929 5929 5928 5928 5828 5828 5829 5829 5930 5930 5828 5828 5930 5930 5929 5929 5829 5829 5830 5830 5931 5931 5829 5829 5931 5931 5930 5930 5830 5830 5831 5831 5932 5932 5830 5830 5932 5932 5931 5931 5831 5831 5832 5832 5933 5933 5831 5831 5933 5933 5932 5932 5832 5832 5833 5833 5934 5934 5832 5832 5934 5934 5933 5933 5833 5833 5834 5834 5935 5935 5833 5833 5935 5935 5934 5934 5834 5834 5835 5835 5936 5936 5834 5834 5936 5936 5935 5935 5835 5835 5836 5836 5937 5937 5835 5835 5937 5937 5936 5936 5836 5836 5837 5837 5938 5938 5836 5836 5938 5938 5937 5937 5837 5837 5838 5838 5939 5939 5837 5837 5939 5939 5938 5938 5838 5838 5839 5839 5940 5940 5838 5838 5940 5940 5939 5939 5839 5839 5840 5840 5941 5941 5839 5839 5941 5941 5940 5940 5840 5840 5841 5841 5942 5942 5840 5840 5942 5942 5941 5941 5841 5841 5842 5842 5943 5943 5841 5841 5943 5943 5942 5942 5842 5842 5843 5843 5944 5944 5842 5842 5944 5944 5943 5943 5843 5843 5844 5844 5945 5945 5843 5843 5945 5945 5944 5944 5844 5844 5845 5845 5946 5946 5844 5844 5946 5946 5945 5945 5845 5845 5846 5846 5947 5947 5845 5845 5947 5947 5946 5946 5846 5846 5847 5847 5948 5948 5846 5846 5948 5948 5947 5947 5847 5847 5848 5848 5949 5949 5847 5847 5949 5949 5948 5948 5848 5848 5849 5849 5950 5950 5848 5848 5950 5950 5949 5949 5849 5849 5850 5850 5951 5951 5849 5849 5951 5951 5950 5950 5850 5850 5851 5851 5952 5952 5850 5850 5952 5952 5951 5951 5851 5851 5852 5852 5953 5953 5851 5851 5953 5953 5952 5952 5852 5852 5853 5853 5954 5954 5852 5852 5954 5954 5953 5953 5853 5853 5854 5854 5955 5955 5853 5853 5955 5955 5954 5954 5854 5854 5855 5855 5956 5956 5854 5854 5956 5956 5955 5955 5855 5855 5856 5856 5957 5957 5855 5855 5957 5957 5956 5956 5856 5856 5857 5857 5958 5958 5856 5856 5958 5958 5957 5957 5858 5858 5859 5859 5960 5960 5858 5858 5960 5960 5959 5959 5859 5859 5860 5860 5961 5961 5859 5859 5961 5961 5960 5960 5860 5860 5861 5861 5962 5962 5860 5860 5962 5962 5961 5961 5861 5861 5862 5862 5963 5963 5861 5861 5963 5963 5962 5962 5862 5862 5863 5863 5964 5964 5862 5862 5964 5964 5963 5963 5863 5863 5864 5864 5965 5965 5863 5863 5965 5965 5964 5964 5864 5864 5865 5865 5966 5966 5864 5864 5966 5966 5965 5965 5865 5865 5866 5866 5967 5967 5865 5865 5967 5967 5966 5966 5866 5866 5867 5867 5968 5968 5866 5866 5968 5968 5967 5967 5867 5867 5868 5868 5969 5969 5867 5867 5969 5969 5968 5968 5868 5868 5869 5869 5970 5970 5868 5868 5970 5970 5969 5969 5869 5869 5870 5870 5971 5971 5869 5869 5971 5971 5970 5970 5870 5870 5871 5871 5972 5972 5870 5870 5972 5972 5971 5971 5871 5871 5872 5872 5973 5973 5871 5871 5973 5973 5972 5972 5872 5872 5873 5873 5974 5974 5872 5872 5974 5974 5973 5973 5873 5873 5874 5874 5975 5975 5873 5873 5975 5975 5974 5974 5874 5874 5875 5875 5976 5976 5874 5874 5976 5976 5975 5975 5875 5875 5876 5876 5977 5977 5875 5875 5977 5977 5976 5976 5876 5876 5877 5877 5978 5978 5876 5876 5978 5978 5977 5977 5877 5877 5878 5878 5979 5979 5877 5877 5979 5979 5978 5978 5878 5878 5879 5879 5980 5980 5878 5878 5980 5980 5979 5979 5879 5879 5880 5880 5981 5981 5879 5879 5981 5981 5980 5980 5880 5880 5881 5881 5982 5982 5880 5880 5982 5982 5981 5981 5881 5881 5882 5882 5983 5983 5881 5881 5983 5983 5982 5982 5882 5882 5883 5883 5984 5984 5882 5882 5984 5984 5983 5983 5883 5883 5884 5884 5985 5985 5883 5883 5985 5985 5984 5984 5884 5884 5885 5885 5986 5986 5884 5884 5986 5986 5985 5985 5885 5885 5886 5886 5987 5987 5885 5885 5987 5987 5986 5986 5886 5886 5887 5887 5988 5988 5886 5886 5988 5988 5987 5987 5887 5887 5888 5888 5989 5989 5887 5887 5989 5989 5988 5988 5888 5888 5889 5889 5990 5990 5888 5888 5990 5990 5989 5989 5889 5889 5890 5890 5991 5991 5889 5889 5991 5991 5990 5990 5890 5890 5891 5891 5992 5992 5890 5890 5992 5992 5991 5991 5891 5891 5892 5892 5993 5993 5891 5891 5993 5993 5992 5992 5892 5892 5893 5893 5994 5994 5892 5892 5994 5994 5993 5993 5893 5893 5894 5894 5995 5995 5893 5893 5995 5995 5994 5994 5894 5894 5895 5895 5996 5996 5894 5894 5996 5996 5995 5995 5895 5895 5896 5896 5997 5997 5895 5895 5997 5997 5996 5996 5896 5896 5897 5897 5998 5998 5896 5896 5998 5998 5997 5997 5897 5897 5898 5898 5999 5999 5897 5897 5999 5999 5998 5998 5898 5898 5899 5899 6000 6000 5898 5898 6000 6000 5999 5999 5899 5899 5900 5900 6001 6001 5899 5899 6001 6001 6000 6000 5900 5900 5901 5901 6002 6002 5900 5900 6002 6002 6001 6001 5901 5901 5902 5902 6003 6003 5901 5901 6003 6003 6002 6002 5902 5902 5903 5903 6004 6004 5902 5902 6004 6004 6003 6003 5903 5903 5904 5904 6005 6005 5903 5903 6005 6005 6004 6004 5904 5904 5905 5905 6006 6006 5904 5904 6006 6006 6005 6005 5905 5905 5906 5906 6007 6007 5905 5905 6007 6007 6006 6006 5906 5906 5907 5907 6008 6008 5906 5906 6008 6008 6007 6007 5907 5907 5908 5908 6009 6009 5907 5907 6009 6009 6008 6008 5908 5908 5909 5909 6010 6010 5908 5908 6010 6010 6009 6009 5909 5909 5910 5910 6011 6011 5909 5909 6011 6011 6010 6010 5910 5910 5911 5911 6012 6012 5910 5910 6012 6012 6011 6011 5911 5911 5912 5912 6013 6013 5911 5911 6013 6013 6012 6012 5912 5912 5913 5913 6014 6014 5912 5912 6014 6014 6013 6013 5913 5913 5914 5914 6015 6015 5913 5913 6015 6015 6014 6014 5914 5914 5915 5915 6016 6016 5914 5914 6016 6016 6015 6015 5915 5915 5916 5916 6017 6017 5915 5915 6017 6017 6016 6016 5916 5916 5917 5917 6018 6018 5916 5916 6018 6018 6017 6017 5917 5917 5918 5918 6019 6019 5917 5917 6019 6019 6018 6018 5918 5918 5919 5919 6020 6020 5918 5918 6020 6020 6019 6019 5919 5919 5920 5920 6021 6021 5919 5919 6021 6021 6020 6020 5920 5920 5921 5921 6022 6022 5920 5920 6022 6022 6021 6021 5921 5921 5922 5922 6023 6023 5921 5921 6023 6023 6022 6022 5922 5922 5923 5923 6024 6024 5922 5922 6024 6024 6023 6023 5923 5923 5924 5924 6025 6025 5923 5923 6025 6025 6024 6024 5924 5924 5925 5925 6026 6026 5924 5924 6026 6026 6025 6025 5925 5925 5926 5926 6027 6027 5925 5925 6027 6027 6026 6026 5926 5926 5927 5927 6028 6028 5926 5926 6028 6028 6027 6027 5927 5927 5928 5928 6029 6029 5927 5927 6029 6029 6028 6028 5928 5928 5929 5929 6030 6030 5928 5928 6030 6030 6029 6029 5929 5929 5930 5930 6031 6031 5929 5929 6031 6031 6030 6030 5930 5930 5931 5931 6032 6032 5930 5930 6032 6032 6031 6031 5931 5931 5932 5932 6033 6033 5931 5931 6033 6033 6032 6032 5932 5932 5933 5933 6034 6034 5932 5932 6034 6034 6033 6033 5933 5933 5934 5934 6035 6035 5933 5933 6035 6035 6034 6034 5934 5934 5935 5935 6036 6036 5934 5934 6036 6036 6035 6035 5935 5935 5936 5936 6037 6037 5935 5935 6037 6037 6036 6036 5936 5936 5937 5937 6038 6038 5936 5936 6038 6038 6037 6037 5937 5937 5938 5938 6039 6039 5937 5937 6039 6039 6038 6038 5938 5938 5939 5939 6040 6040 5938 5938 6040 6040 6039 6039 5939 5939 5940 5940 6041 6041 5939 5939 6041 6041 6040 6040 5940 5940 5941 5941 6042 6042 5940 5940 6042 6042 6041 6041 5941 5941 5942 5942 6043 6043 5941 5941 6043 6043 6042 6042 5942 5942 5943 5943 6044 6044 5942 5942 6044 6044 6043 6043 5943 5943 5944 5944 6045 6045 5943 5943 6045 6045 6044 6044 5944 5944 5945 5945 6046 6046 5944 5944 6046 6046 6045 6045 5945 5945 5946 5946 6047 6047 5945 5945 6047 6047 6046 6046 5946 5946 5947 5947 6048 6048 5946 5946 6048 6048 6047 6047 5947 5947 5948 5948 6049 6049 5947 5947 6049 6049 6048 6048 5948 5948 5949 5949 6050 6050 5948 5948 6050 6050 6049 6049 5949 5949 5950 5950 6051 6051 5949 5949 6051 6051 6050 6050 5950 5950 5951 5951 6052 6052 5950 5950 6052 6052 6051 6051 5951 5951 5952 5952 6053 6053 5951 5951 6053 6053 6052 6052 5952 5952 5953 5953 6054 6054 5952 5952 6054 6054 6053 6053 5953 5953 5954 5954 6055 6055 5953 5953 6055 6055 6054 6054 5954 5954 5955 5955 6056 6056 5954 5954 6056 6056 6055 6055 5955 5955 5956 5956 6057 6057 5955 5955 6057 6057 6056 6056 5956 5956 5957 5957 6058 6058 5956 5956 6058 6058 6057 6057 5957 5957 5958 5958 6059 6059 5957 5957 6059 6059 6058 6058 5959 5959 5960 5960 6061 6061 5959 5959 6061 6061 6060 6060 5960 5960 5961 5961 6062 6062 5960 5960 6062 6062 6061 6061 5961 5961 5962 5962 6063 6063 5961 5961 6063 6063 6062 6062 5962 5962 5963 5963 6064 6064 5962 5962 6064 6064 6063 6063 5963 5963 5964 5964 6065 6065 5963 5963 6065 6065 6064 6064 5964 5964 5965 5965 6066 6066 5964 5964 6066 6066 6065 6065 5965 5965 5966 5966 6067 6067 5965 5965 6067 6067 6066 6066 5966 5966 5967 5967 6068 6068 5966 5966 6068 6068 6067 6067 5967 5967 5968 5968 6069 6069 5967 5967 6069 6069 6068 6068 5968 5968 5969 5969 6070 6070 5968 5968 6070 6070 6069 6069 5969 5969 5970 5970 6071 6071 5969 5969 6071 6071 6070 6070 5970 5970 5971 5971 6072 6072 5970 5970 6072 6072 6071 6071 5971 5971 5972 5972 6073 6073 5971 5971 6073 6073 6072 6072 5972 5972 5973 5973 6074 6074 5972 5972 6074 6074 6073 6073 5973 5973 5974 5974 6075 6075 5973 5973 6075 6075 6074 6074 5974 5974 5975 5975 6076 6076 5974 5974 6076 6076 6075 6075 5975 5975 5976 5976 6077 6077 5975 5975 6077 6077 6076 6076 5976 5976 5977 5977 6078 6078 5976 5976 6078 6078 6077 6077 5977 5977 5978 5978 6079 6079 5977 5977 6079 6079 6078 6078 5978 5978 5979 5979 6080 6080 5978 5978 6080 6080 6079 6079 5979 5979 5980 5980 6081 6081 5979 5979 6081 6081 6080 6080 5980 5980 5981 5981 6082 6082 5980 5980 6082 6082 6081 6081 5981 5981 5982 5982 6083 6083 5981 5981 6083 6083 6082 6082 5982 5982 5983 5983 6084 6084 5982 5982 6084 6084 6083 6083 5983 5983 5984 5984 6085 6085 5983 5983 6085 6085 6084 6084 5984 5984 5985 5985 6086 6086 5984 5984 6086 6086 6085 6085 5985 5985 5986 5986 6087 6087 5985 5985 6087 6087 6086 6086 5986 5986 5987 5987 6088 6088 5986 5986 6088 6088 6087 6087 5987 5987 5988 5988 6089 6089 5987 5987 6089 6089 6088 6088 5988 5988 5989 5989 6090 6090 5988 5988 6090 6090 6089 6089 5989 5989 5990 5990 6091 6091 5989 5989 6091 6091 6090 6090 5990 5990 5991 5991 6092 6092 5990 5990 6092 6092 6091 6091 5991 5991 5992 5992 6093 6093 5991 5991 6093 6093 6092 6092 5992 5992 5993 5993 6094 6094 5992 5992 6094 6094 6093 6093 5993 5993 5994 5994 6095 6095 5993 5993 6095 6095 6094 6094 5994 5994 5995 5995 6096 6096 5994 5994 6096 6096 6095 6095 5995 5995 5996 5996 6097 6097 5995 5995 6097 6097 6096 6096 5996 5996 5997 5997 6098 6098 5996 5996 6098 6098 6097 6097 5997 5997 5998 5998 6099 6099 5997 5997 6099 6099 6098 6098 5998 5998 5999 5999 6100 6100 5998 5998 6100 6100 6099 6099 5999 5999 6000 6000 6101 6101 5999 5999 6101 6101 6100 6100 6000 6000 6001 6001 6102 6102 6000 6000 6102 6102 6101 6101 6001 6001 6002 6002 6103 6103 6001 6001 6103 6103 6102 6102 6002 6002 6003 6003 6104 6104 6002 6002 6104 6104 6103 6103 6003 6003 6004 6004 6105 6105 6003 6003 6105 6105 6104 6104 6004 6004 6005 6005 6106 6106 6004 6004 6106 6106 6105 6105 6005 6005 6006 6006 6107 6107 6005 6005 6107 6107 6106 6106 6006 6006 6007 6007 6108 6108 6006 6006 6108 6108 6107 6107 6007 6007 6008 6008 6109 6109 6007 6007 6109 6109 6108 6108 6008 6008 6009 6009 6110 6110 6008 6008 6110 6110 6109 6109 6009 6009 6010 6010 6111 6111 6009 6009 6111 6111 6110 6110 6010 6010 6011 6011 6112 6112 6010 6010 6112 6112 6111 6111 6011 6011 6012 6012 6113 6113 6011 6011 6113 6113 6112 6112 6012 6012 6013 6013 6114 6114 6012 6012 6114 6114 6113 6113 6013 6013 6014 6014 6115 6115 6013 6013 6115 6115 6114 6114 6014 6014 6015 6015 6116 6116 6014 6014 6116 6116 6115 6115 6015 6015 6016 6016 6117 6117 6015 6015 6117 6117 6116 6116 6016 6016 6017 6017 6118 6118 6016 6016 6118 6118 6117 6117 6017 6017 6018 6018 6119 6119 6017 6017 6119 6119 6118 6118 6018 6018 6019 6019 6120 6120 6018 6018 6120 6120 6119 6119 6019 6019 6020 6020 6121 6121 6019 6019 6121 6121 6120 6120 6020 6020 6021 6021 6122 6122 6020 6020 6122 6122 6121 6121 6021 6021 6022 6022 6123 6123 6021 6021 6123 6123 6122 6122 6022 6022 6023 6023 6124 6124 6022 6022 6124 6124 6123 6123 6023 6023 6024 6024 6125 6125 6023 6023 6125 6125 6124 6124 6024 6024 6025 6025 6126 6126 6024 6024 6126 6126 6125 6125 6025 6025 6026 6026 6127 6127 6025 6025 6127 6127 6126 6126 6026 6026 6027 6027 6128 6128 6026 6026 6128 6128 6127 6127 6027 6027 6028 6028 6129 6129 6027 6027 6129 6129 6128 6128 6028 6028 6029 6029 6130 6130 6028 6028 6130 6130 6129 6129 6029 6029 6030 6030 6131 6131 6029 6029 6131 6131 6130 6130 6030 6030 6031 6031 6132 6132 6030 6030 6132 6132 6131 6131 6031 6031 6032 6032 6133 6133 6031 6031 6133 6133 6132 6132 6032 6032 6033 6033 6134 6134 6032 6032 6134 6134 6133 6133 6033 6033 6034 6034 6135 6135 6033 6033 6135 6135 6134 6134 6034 6034 6035 6035 6136 6136 6034 6034 6136 6136 6135 6135 6035 6035 6036 6036 6137 6137 6035 6035 6137 6137 6136 6136 6036 6036 6037 6037 6138 6138 6036 6036 6138 6138 6137 6137 6037 6037 6038 6038 6139 6139 6037 6037 6139 6139 6138 6138 6038 6038 6039 6039 6140 6140 6038 6038 6140 6140 6139 6139 6039 6039 6040 6040 6141 6141 6039 6039 6141 6141 6140 6140 6040 6040 6041 6041 6142 6142 6040 6040 6142 6142 6141 6141 6041 6041 6042 6042 6143 6143 6041 6041 6143 6143 6142 6142 6042 6042 6043 6043 6144 6144 6042 6042 6144 6144 6143 6143 6043 6043 6044 6044 6145 6145 6043 6043 6145 6145 6144 6144 6044 6044 6045 6045 6146 6146 6044 6044 6146 6146 6145 6145 6045 6045 6046 6046 6147 6147 6045 6045 6147 6147 6146 6146 6046 6046 6047 6047 6148 6148 6046 6046 6148 6148 6147 6147 6047 6047 6048 6048 6149 6149 6047 6047 6149 6149 6148 6148 6048 6048 6049 6049 6150 6150 6048 6048 6150 6150 6149 6149 6049 6049 6050 6050 6151 6151 6049 6049 6151 6151 6150 6150 6050 6050 6051 6051 6152 6152 6050 6050 6152 6152 6151 6151 6051 6051 6052 6052 6153 6153 6051 6051 6153 6153 6152 6152 6052 6052 6053 6053 6154 6154 6052 6052 6154 6154 6153 6153 6053 6053 6054 6054 6155 6155 6053 6053 6155 6155 6154 6154 6054 6054 6055 6055 6156 6156 6054 6054 6156 6156 6155 6155 6055 6055 6056 6056 6157 6157 6055 6055 6157 6157 6156 6156 6056 6056 6057 6057 6158 6158 6056 6056 6158 6158 6157 6157 6057 6057 6058 6058 6159 6159 6057 6057 6159 6159 6158 6158 6058 6058 6059 6059 6160 6160 6058 6058 6160 6160 6159 6159 6060 6060 6061 6061 6162 6162 6060 6060 6162 6162 6161 6161 6061 6061 6062 6062 6163 6163 6061 6061 6163 6163 6162 6162 6062 6062 6063 6063 6164 6164 6062 6062 6164 6164 6163 6163 6063 6063 6064 6064 6165 6165 6063 6063 6165 6165 6164 6164 6064 6064 6065 6065 6166 6166 6064 6064 6166 6166 6165 6165 6065 6065 6066 6066 6167 6167 6065 6065 6167 6167 6166 6166 6066 6066 6067 6067 6168 6168 6066 6066 6168 6168 6167 6167 6067 6067 6068 6068 6169 6169 6067 6067 6169 6169 6168 6168 6068 6068 6069 6069 6170 6170 6068 6068 6170 6170 6169 6169 6069 6069 6070 6070 6171 6171 6069 6069 6171 6171 6170 6170 6070 6070 6071 6071 6172 6172 6070 6070 6172 6172 6171 6171 6071 6071 6072 6072 6173 6173 6071 6071 6173 6173 6172 6172 6072 6072 6073 6073 6174 6174 6072 6072 6174 6174 6173 6173 6073 6073 6074 6074 6175 6175 6073 6073 6175 6175 6174 6174 6074 6074 6075 6075 6176 6176 6074 6074 6176 6176 6175 6175 6075 6075 6076 6076 6177 6177 6075 6075 6177 6177 6176 6176 6076 6076 6077 6077 6178 6178 6076 6076 6178 6178 6177 6177 6077 6077 6078 6078 6179 6179 6077 6077 6179 6179 6178 6178 6078 6078 6079 6079 6180 6180 6078 6078 6180 6180 6179 6179 6079 6079 6080 6080 6181 6181 6079 6079 6181 6181 6180 6180 6080 6080 6081 6081 6182 6182 6080 6080 6182 6182 6181 6181 6081 6081 6082 6082 6183 6183 6081 6081 6183 6183 6182 6182 6082 6082 6083 6083 6184 6184 6082 6082 6184 6184 6183 6183 6083 6083 6084 6084 6185 6185 6083 6083 6185 6185 6184 6184 6084 6084 6085 6085 6186 6186 6084 6084 6186 6186 6185 6185 6085 6085 6086 6086 6187 6187 6085 6085 6187 6187 6186 6186 6086 6086 6087 6087 6188 6188 6086 6086 6188 6188 6187 6187 6087 6087 6088 6088 6189 6189 6087 6087 6189 6189 6188 6188 6088 6088 6089 6089 6190 6190 6088 6088 6190 6190 6189 6189 6089 6089 6090 6090 6191 6191 6089 6089 6191 6191 6190 6190 6090 6090 6091 6091 6192 6192 6090 6090 6192 6192 6191 6191 6091 6091 6092 6092 6193 6193 6091 6091 6193 6193 6192 6192 6092 6092 6093 6093 6194 6194 6092 6092 6194 6194 6193 6193 6093 6093 6094 6094 6195 6195 6093 6093 6195 6195 6194 6194 6094 6094 6095 6095 6196 6196 6094 6094 6196 6196 6195 6195 6095 6095 6096 6096 6197 6197 6095 6095 6197 6197 6196 6196 6096 6096 6097 6097 6198 6198 6096 6096 6198 6198 6197 6197 6097 6097 6098 6098 6199 6199 6097 6097 6199 6199 6198 6198 6098 6098 6099 6099 6200 6200 6098 6098 6200 6200 6199 6199 6099 6099 6100 6100 6201 6201 6099 6099 6201 6201 6200 6200 6100 6100 6101 6101 6202 6202 6100 6100 6202 6202 6201 6201 6101 6101 6102 6102 6203 6203 6101 6101 6203 6203 6202 6202 6102 6102 6103 6103 6204 6204 6102 6102 6204 6204 6203 6203 6103 6103 6104 6104 6205 6205 6103 6103 6205 6205 6204 6204 6104 6104 6105 6105 6206 6206 6104 6104 6206 6206 6205 6205 6105 6105 6106 6106 6207 6207 6105 6105 6207 6207 6206 6206 6106 6106 6107 6107 6208 6208 6106 6106 6208 6208 6207 6207 6107 6107 6108 6108 6209 6209 6107 6107 6209 6209 6208 6208 6108 6108 6109 6109 6210 6210 6108 6108 6210 6210 6209 6209 6109 6109 6110 6110 6211 6211 6109 6109 6211 6211 6210 6210 6110 6110 6111 6111 6212 6212 6110 6110 6212 6212 6211 6211 6111 6111 6112 6112 6213 6213 6111 6111 6213 6213 6212 6212 6112 6112 6113 6113 6214 6214 6112 6112 6214 6214 6213 6213 6113 6113 6114 6114 6215 6215 6113 6113 6215 6215 6214 6214 6114 6114 6115 6115 6216 6216 6114 6114 6216 6216 6215 6215 6115 6115 6116 6116 6217 6217 6115 6115 6217 6217 6216 6216 6116 6116 6117 6117 6218 6218 6116 6116 6218 6218 6217 6217 6117 6117 6118 6118 6219 6219 6117 6117 6219 6219 6218 6218 6118 6118 6119 6119 6220 6220 6118 6118 6220 6220 6219 6219 6119 6119 6120 6120 6221 6221 6119 6119 6221 6221 6220 6220 6120 6120 6121 6121 6222 6222 6120 6120 6222 6222 6221 6221 6121 6121 6122 6122 6223 6223 6121 6121 6223 6223 6222 6222 6122 6122 6123 6123 6224 6224 6122 6122 6224 6224 6223 6223 6123 6123 6124 6124 6225 6225 6123 6123 6225 6225 6224 6224 6124 6124 6125 6125 6226 6226 6124 6124 6226 6226 6225 6225 6125 6125 6126 6126 6227 6227 6125 6125 6227 6227 6226 6226 6126 6126 6127 6127 6228 6228 6126 6126 6228 6228 6227 6227 6127 6127 6128 6128 6229 6229 6127 6127 6229 6229 6228 6228 6128 6128 6129 6129 6230 6230 6128 6128 6230 6230 6229 6229 6129 6129 6130 6130 6231 6231 6129 6129 6231 6231 6230 6230 6130 6130 6131 6131 6232 6232 6130 6130 6232 6232 6231 6231 6131 6131 6132 6132 6233 6233 6131 6131 6233 6233 6232 6232 6132 6132 6133 6133 6234 6234 6132 6132 6234 6234 6233 6233 6133 6133 6134 6134 6235 6235 6133 6133 6235 6235 6234 6234 6134 6134 6135 6135 6236 6236 6134 6134 6236 6236 6235 6235 6135 6135 6136 6136 6237 6237 6135 6135 6237 6237 6236 6236 6136 6136 6137 6137 6238 6238 6136 6136 6238 6238 6237 6237 6137 6137 6138 6138 6239 6239 6137 6137 6239 6239 6238 6238 6138 6138 6139 6139 6240 6240 6138 6138 6240 6240 6239 6239 6139 6139 6140 6140 6241 6241 6139 6139 6241 6241 6240 6240 6140 6140 6141 6141 6242 6242 6140 6140 6242 6242 6241 6241 6141 6141 6142 6142 6243 6243 6141 6141 6243 6243 6242 6242 6142 6142 6143 6143 6244 6244 6142 6142 6244 6244 6243 6243 6143 6143 6144 6144 6245 6245 6143 6143 6245 6245 6244 6244 6144 6144 6145 6145 6246 6246 6144 6144 6246 6246 6245 6245 6145 6145 6146 6146 6247 6247 6145 6145 6247 6247 6246 6246 6146 6146 6147 6147 6248 6248 6146 6146 6248 6248 6247 6247 6147 6147 6148 6148 6249 6249 6147 6147 6249 6249 6248 6248 6148 6148 6149 6149 6250 6250 6148 6148 6250 6250 6249 6249 6149 6149 6150 6150 6251 6251 6149 6149 6251 6251 6250 6250 6150 6150 6151 6151 6252 6252 6150 6150 6252 6252 6251 6251 6151 6151 6152 6152 6253 6253 6151 6151 6253 6253 6252 6252 6152 6152 6153 6153 6254 6254 6152 6152 6254 6254 6253 6253 6153 6153 6154 6154 6255 6255 6153 6153 6255 6255 6254 6254 6154 6154 6155 6155 6256 6256 6154 6154 6256 6256 6255 6255 6155 6155 6156 6156 6257 6257 6155 6155 6257 6257 6256 6256 6156 6156 6157 6157 6258 6258 6156 6156 6258 6258 6257 6257 6157 6157 6158 6158 6259 6259 6157 6157 6259 6259 6258 6258 6158 6158 6159 6159 6260 6260 6158 6158 6260 6260 6259 6259 6159 6159 6160 6160 6261 6261 6159 6159 6261 6261 6260 6260 6161 6161 6162 6162 6263 6263 6161 6161 6263 6263 6262 6262 6162 6162 6163 6163 6264 6264 6162 6162 6264 6264 6263 6263 6163 6163 6164 6164 6265 6265 6163 6163 6265 6265 6264 6264 6164 6164 6165 6165 6266 6266 6164 6164 6266 6266 6265 6265 6165 6165 6166 6166 6267 6267 6165 6165 6267 6267 6266 6266 6166 6166 6167 6167 6268 6268 6166 6166 6268 6268 6267 6267 6167 6167 6168 6168 6269 6269 6167 6167 6269 6269 6268 6268 6168 6168 6169 6169 6270 6270 6168 6168 6270 6270 6269 6269 6169 6169 6170 6170 6271 6271 6169 6169 6271 6271 6270 6270 6170 6170 6171 6171 6272 6272 6170 6170 6272 6272 6271 6271 6171 6171 6172 6172 6273 6273 6171 6171 6273 6273 6272 6272 6172 6172 6173 6173 6274 6274 6172 6172 6274 6274 6273 6273 6173 6173 6174 6174 6275 6275 6173 6173 6275 6275 6274 6274 6174 6174 6175 6175 6276 6276 6174 6174 6276 6276 6275 6275 6175 6175 6176 6176 6277 6277 6175 6175 6277 6277 6276 6276 6176 6176 6177 6177 6278 6278 6176 6176 6278 6278 6277 6277 6177 6177 6178 6178 6279 6279 6177 6177 6279 6279 6278 6278 6178 6178 6179 6179 6280 6280 6178 6178 6280 6280 6279 6279 6179 6179 6180 6180 6281 6281 6179 6179 6281 6281 6280 6280 6180 6180 6181 6181 6282 6282 6180 6180 6282 6282 6281 6281 6181 6181 6182 6182 6283 6283 6181 6181 6283 6283 6282 6282 6182 6182 6183 6183 6284 6284 6182 6182 6284 6284 6283 6283 6183 6183 6184 6184 6285 6285 6183 6183 6285 6285 6284 6284 6184 6184 6185 6185 6286 6286 6184 6184 6286 6286 6285 6285 6185 6185 6186 6186 6287 6287 6185 6185 6287 6287 6286 6286 6186 6186 6187 6187 6288 6288 6186 6186 6288 6288 6287 6287 6187 6187 6188 6188 6289 6289 6187 6187 6289 6289 6288 6288 6188 6188 6189 6189 6290 6290 6188 6188 6290 6290 6289 6289 6189 6189 6190 6190 6291 6291 6189 6189 6291 6291 6290 6290 6190 6190 6191 6191 6292 6292 6190 6190 6292 6292 6291 6291 6191 6191 6192 6192 6293 6293 6191 6191 6293 6293 6292 6292 6192 6192 6193 6193 6294 6294 6192 6192 6294 6294 6293 6293 6193 6193 6194 6194 6295 6295 6193 6193 6295 6295 6294 6294 6194 6194 6195 6195 6296 6296 6194 6194 6296 6296 6295 6295 6195 6195 6196 6196 6297 6297 6195 6195 6297 6297 6296 6296 6196 6196 6197 6197 6298 6298 6196 6196 6298 6298 6297 6297 6197 6197 6198 6198 6299 6299 6197 6197 6299 6299 6298 6298 6198 6198 6199 6199 6300 6300 6198 6198 6300 6300 6299 6299 6199 6199 6200 6200 6301 6301 6199 6199 6301 6301 6300 6300 6200 6200 6201 6201 6302 6302 6200 6200 6302 6302 6301 6301 6201 6201 6202 6202 6303 6303 6201 6201 6303 6303 6302 6302 6202 6202 6203 6203 6304 6304 6202 6202 6304 6304 6303 6303 6203 6203 6204 6204 6305 6305 6203 6203 6305 6305 6304 6304 6204 6204 6205 6205 6306 6306 6204 6204 6306 6306 6305 6305 6205 6205 6206 6206 6307 6307 6205 6205 6307 6307 6306 6306 6206 6206 6207 6207 6308 6308 6206 6206 6308 6308 6307 6307 6207 6207 6208 6208 6309 6309 6207 6207 6309 6309 6308 6308 6208 6208 6209 6209 6310 6310 6208 6208 6310 6310 6309 6309 6209 6209 6210 6210 6311 6311 6209 6209 6311 6311 6310 6310 6210 6210 6211 6211 6312 6312 6210 6210 6312 6312 6311 6311 6211 6211 6212 6212 6313 6313 6211 6211 6313 6313 6312 6312 6212 6212 6213 6213 6314 6314 6212 6212 6314 6314 6313 6313 6213 6213 6214 6214 6315 6315 6213 6213 6315 6315 6314 6314 6214 6214 6215 6215 6316 6316 6214 6214 6316 6316 6315 6315 6215 6215 6216 6216 6317 6317 6215 6215 6317 6317 6316 6316 6216 6216 6217 6217 6318 6318 6216 6216 6318 6318 6317 6317 6217 6217 6218 6218 6319 6319 6217 6217 6319 6319 6318 6318 6218 6218 6219 6219 6320 6320 6218 6218 6320 6320 6319 6319 6219 6219 6220 6220 6321 6321 6219 6219 6321 6321 6320 6320 6220 6220 6221 6221 6322 6322 6220 6220 6322 6322 6321 6321 6221 6221 6222 6222 6323 6323 6221 6221 6323 6323 6322 6322 6222 6222 6223 6223 6324 6324 6222 6222 6324 6324 6323 6323 6223 6223 6224 6224 6325 6325 6223 6223 6325 6325 6324 6324 6224 6224 6225 6225 6326 6326 6224 6224 6326 6326 6325 6325 6225 6225 6226 6226 6327 6327 6225 6225 6327 6327 6326 6326 6226 6226 6227 6227 6328 6328 6226 6226 6328 6328 6327 6327 6227 6227 6228 6228 6329 6329 6227 6227 6329 6329 6328 6328 6228 6228 6229 6229 6330 6330 6228 6228 6330 6330 6329 6329 6229 6229 6230 6230 6331 6331 6229 6229 6331 6331 6330 6330 6230 6230 6231 6231 6332 6332 6230 6230 6332 6332 6331 6331 6231 6231 6232 6232 6333 6333 6231 6231 6333 6333 6332 6332 6232 6232 6233 6233 6334 6334 6232 6232 6334 6334 6333 6333 6233 6233 6234 6234 6335 6335 6233 6233 6335 6335 6334 6334 6234 6234 6235 6235 6336 6336 6234 6234 6336 6336 6335 6335 6235 6235 6236 6236 6337 6337 6235 6235 6337 6337 6336 6336 6236 6236 6237 6237 6338 6338 6236 6236 6338 6338 6337 6337 6237 6237 6238 6238 6339 6339 6237 6237 6339 6339 6338 6338 6238 6238 6239 6239 6340 6340 6238 6238 6340 6340 6339 6339 6239 6239 6240 6240 6341 6341 6239 6239 6341 6341 6340 6340 6240 6240 6241 6241 6342 6342 6240 6240 6342 6342 6341 6341 6241 6241 6242 6242 6343 6343 6241 6241 6343 6343 6342 6342 6242 6242 6243 6243 6344 6344 6242 6242 6344 6344 6343 6343 6243 6243 6244 6244 6345 6345 6243 6243 6345 6345 6344 6344 6244 6244 6245 6245 6346 6346 6244 6244 6346 6346 6345 6345 6245 6245 6246 6246 6347 6347 6245 6245 6347 6347 6346 6346 6246 6246 6247 6247 6348 6348 6246 6246 6348 6348 6347 6347 6247 6247 6248 6248 6349 6349 6247 6247 6349 6349 6348 6348 6248 6248 6249 6249 6350 6350 6248 6248 6350 6350 6349 6349 6249 6249 6250 6250 6351 6351 6249 6249 6351 6351 6350 6350 6250 6250 6251 6251 6352 6352 6250 6250 6352 6352 6351 6351 6251 6251 6252 6252 6353 6353 6251 6251 6353 6353 6352 6352 6252 6252 6253 6253 6354 6354 6252 6252 6354 6354 6353 6353 6253 6253 6254 6254 6355 6355 6253 6253 6355 6355 6354 6354 6254 6254 6255 6255 6356 6356 6254 6254 6356 6356 6355 6355 6255 6255 6256 6256 6357 6357 6255 6255 6357 6357 6356 6356 6256 6256 6257 6257 6358 6358 6256 6256 6358 6358 6357 6357 6257 6257 6258 6258 6359 6359 6257 6257 6359 6359 6358 6358 6258 6258 6259 6259 6360 6360 6258 6258 6360 6360 6359 6359 6259 6259 6260 6260 6361 6361 6259 6259 6361 6361 6360 6360 6260 6260 6261 6261 6362 6362 6260 6260 6362 6362 6361 6361 6262 6262 6263 6263 6364 6364 6262 6262 6364 6364 6363 6363 6263 6263 6264 6264 6365 6365 6263 6263 6365 6365 6364 6364 6264 6264 6265 6265 6366 6366 6264 6264 6366 6366 6365 6365 6265 6265 6266 6266 6367 6367 6265 6265 6367 6367 6366 6366 6266 6266 6267 6267 6368 6368 6266 6266 6368 6368 6367 6367 6267 6267 6268 6268 6369 6369 6267 6267 6369 6369 6368 6368 6268 6268 6269 6269 6370 6370 6268 6268 6370 6370 6369 6369 6269 6269 6270 6270 6371 6371 6269 6269 6371 6371 6370 6370 6270 6270 6271 6271 6372 6372 6270 6270 6372 6372 6371 6371 6271 6271 6272 6272 6373 6373 6271 6271 6373 6373 6372 6372 6272 6272 6273 6273 6374 6374 6272 6272 6374 6374 6373 6373 6273 6273 6274 6274 6375 6375 6273 6273 6375 6375 6374 6374 6274 6274 6275 6275 6376 6376 6274 6274 6376 6376 6375 6375 6275 6275 6276 6276 6377 6377 6275 6275 6377 6377 6376 6376 6276 6276 6277 6277 6378 6378 6276 6276 6378 6378 6377 6377 6277 6277 6278 6278 6379 6379 6277 6277 6379 6379 6378 6378 6278 6278 6279 6279 6380 6380 6278 6278 6380 6380 6379 6379 6279 6279 6280 6280 6381 6381 6279 6279 6381 6381 6380 6380 6280 6280 6281 6281 6382 6382 6280 6280 6382 6382 6381 6381 6281 6281 6282 6282 6383 6383 6281 6281 6383 6383 6382 6382 6282 6282 6283 6283 6384 6384 6282 6282 6384 6384 6383 6383 6283 6283 6284 6284 6385 6385 6283 6283 6385 6385 6384 6384 6284 6284 6285 6285 6386 6386 6284 6284 6386 6386 6385 6385 6285 6285 6286 6286 6387 6387 6285 6285 6387 6387 6386 6386 6286 6286 6287 6287 6388 6388 6286 6286 6388 6388 6387 6387 6287 6287 6288 6288 6389 6389 6287 6287 6389 6389 6388 6388 6288 6288 6289 6289 6390 6390 6288 6288 6390 6390 6389 6389 6289 6289 6290 6290 6391 6391 6289 6289 6391 6391 6390 6390 6290 6290 6291 6291 6392 6392 6290 6290 6392 6392 6391 6391 6291 6291 6292 6292 6393 6393 6291 6291 6393 6393 6392 6392 6292 6292 6293 6293 6394 6394 6292 6292 6394 6394 6393 6393 6293 6293 6294 6294 6395 6395 6293 6293 6395 6395 6394 6394 6294 6294 6295 6295 6396 6396 6294 6294 6396 6396 6395 6395 6295 6295 6296 6296 6397 6397 6295 6295 6397 6397 6396 6396 6296 6296 6297 6297 6398 6398 6296 6296 6398 6398 6397 6397 6297 6297 6298 6298 6399 6399 6297 6297 6399 6399 6398 6398 6298 6298 6299 6299 6400 6400 6298 6298 6400 6400 6399 6399 6299 6299 6300 6300 6401 6401 6299 6299 6401 6401 6400 6400 6300 6300 6301 6301 6402 6402 6300 6300 6402 6402 6401 6401 6301 6301 6302 6302 6403 6403 6301 6301 6403 6403 6402 6402 6302 6302 6303 6303 6404 6404 6302 6302 6404 6404 6403 6403 6303 6303 6304 6304 6405 6405 6303 6303 6405 6405 6404 6404 6304 6304 6305 6305 6406 6406 6304 6304 6406 6406 6405 6405 6305 6305 6306 6306 6407 6407 6305 6305 6407 6407 6406 6406 6306 6306 6307 6307 6408 6408 6306 6306 6408 6408 6407 6407 6307 6307 6308 6308 6409 6409 6307 6307 6409 6409 6408 6408 6308 6308 6309 6309 6410 6410 6308 6308 6410 6410 6409 6409 6309 6309 6310 6310 6411 6411 6309 6309 6411 6411 6410 6410 6310 6310 6311 6311 6412 6412 6310 6310 6412 6412 6411 6411 6311 6311 6312 6312 6413 6413 6311 6311 6413 6413 6412 6412 6312 6312 6313 6313 6414 6414 6312 6312 6414 6414 6413 6413 6313 6313 6314 6314 6415 6415 6313 6313 6415 6415 6414 6414 6314 6314 6315 6315 6416 6416 6314 6314 6416 6416 6415 6415 6315 6315 6316 6316 6417 6417 6315 6315 6417 6417 6416 6416 6316 6316 6317 6317 6418 6418 6316 6316 6418 6418 6417 6417 6317 6317 6318 6318 6419 6419 6317 6317 6419 6419 6418 6418 6318 6318 6319 6319 6420 6420 6318 6318 6420 6420 6419 6419 6319 6319 6320 6320 6421 6421 6319 6319 6421 6421 6420 6420 6320 6320 6321 6321 6422 6422 6320 6320 6422 6422 6421 6421 6321 6321 6322 6322 6423 6423 6321 6321 6423 6423 6422 6422 6322 6322 6323 6323 6424 6424 6322 6322 6424 6424 6423 6423 6323 6323 6324 6324 6425 6425 6323 6323 6425 6425 6424 6424 6324 6324 6325 6325 6426 6426 6324 6324 6426 6426 6425 6425 6325 6325 6326 6326 6427 6427 6325 6325 6427 6427 6426 6426 6326 6326 6327 6327 6428 6428 6326 6326 6428 6428 6427 6427 6327 6327 6328 6328 6429 6429 6327 6327 6429 6429 6428 6428 6328 6328 6329 6329 6430 6430 6328 6328 6430 6430 6429 6429 6329 6329 6330 6330 6431 6431 6329 6329 6431 6431 6430 6430 6330 6330 6331 6331 6432 6432 6330 6330 6432 6432 6431 6431 6331 6331 6332 6332 6433 6433 6331 6331 6433 6433 6432 6432 6332 6332 6333 6333 6434 6434 6332 6332 6434 6434 6433 6433 6333 6333 6334 6334 6435 6435 6333 6333 6435 6435 6434 6434 6334 6334 6335 6335 6436 6436 6334 6334 6436 6436 6435 6435 6335 6335 6336 6336 6437 6437 6335 6335 6437 6437 6436 6436 6336 6336 6337 6337 6438 6438 6336 6336 6438 6438 6437 6437 6337 6337 6338 6338 6439 6439 6337 6337 6439 6439 6438 6438 6338 6338 6339 6339 6440 6440 6338 6338 6440 6440 6439 6439 6339 6339 6340 6340 6441 6441 6339 6339 6441 6441 6440 6440 6340 6340 6341 6341 6442 6442 6340 6340 6442 6442 6441 6441 6341 6341 6342 6342 6443 6443 6341 6341 6443 6443 6442 6442 6342 6342 6343 6343 6444 6444 6342 6342 6444 6444 6443 6443 6343 6343 6344 6344 6445 6445 6343 6343 6445 6445 6444 6444 6344 6344 6345 6345 6446 6446 6344 6344 6446 6446 6445 6445 6345 6345 6346 6346 6447 6447 6345 6345 6447 6447 6446 6446 6346 6346 6347 6347 6448 6448 6346 6346 6448 6448 6447 6447 6347 6347 6348 6348 6449 6449 6347 6347 6449 6449 6448 6448 6348 6348 6349 6349 6450 6450 6348 6348 6450 6450 6449 6449 6349 6349 6350 6350 6451 6451 6349 6349 6451 6451 6450 6450 6350 6350 6351 6351 6452 6452 6350 6350 6452 6452 6451 6451 6351 6351 6352 6352 6453 6453 6351 6351 6453 6453 6452 6452 6352 6352 6353 6353 6454 6454 6352 6352 6454 6454 6453 6453 6353 6353 6354 6354 6455 6455 6353 6353 6455 6455 6454 6454 6354 6354 6355 6355 6456 6456 6354 6354 6456 6456 6455 6455 6355 6355 6356 6356 6457 6457 6355 6355 6457 6457 6456 6456 6356 6356 6357 6357 6458 6458 6356 6356 6458 6458 6457 6457 6357 6357 6358 6358 6459 6459 6357 6357 6459 6459 6458 6458 6358 6358 6359 6359 6460 6460 6358 6358 6460 6460 6459 6459 6359 6359 6360 6360 6461 6461 6359 6359 6461 6461 6460 6460 6360 6360 6361 6361 6462 6462 6360 6360 6462 6462 6461 6461 6361 6361 6362 6362 6463 6463 6361 6361 6463 6463 6462 6462 6363 6363 6364 6364 6465 6465 6363 6363 6465 6465 6464 6464 6364 6364 6365 6365 6466 6466 6364 6364 6466 6466 6465 6465 6365 6365 6366 6366 6467 6467 6365 6365 6467 6467 6466 6466 6366 6366 6367 6367 6468 6468 6366 6366 6468 6468 6467 6467 6367 6367 6368 6368 6469 6469 6367 6367 6469 6469 6468 6468 6368 6368 6369 6369 6470 6470 6368 6368 6470 6470 6469 6469 6369 6369 6370 6370 6471 6471 6369 6369 6471 6471 6470 6470 6370 6370 6371 6371 6472 6472 6370 6370 6472 6472 6471 6471 6371 6371 6372 6372 6473 6473 6371 6371 6473 6473 6472 6472 6372 6372 6373 6373 6474 6474 6372 6372 6474 6474 6473 6473 6373 6373 6374 6374 6475 6475 6373 6373 6475 6475 6474 6474 6374 6374 6375 6375 6476 6476 6374 6374 6476 6476 6475 6475 6375 6375 6376 6376 6477 6477 6375 6375 6477 6477 6476 6476 6376 6376 6377 6377 6478 6478 6376 6376 6478 6478 6477 6477 6377 6377 6378 6378 6479 6479 6377 6377 6479 6479 6478 6478 6378 6378 6379 6379 6480 6480 6378 6378 6480 6480 6479 6479 6379 6379 6380 6380 6481 6481 6379 6379 6481 6481 6480 6480 6380 6380 6381 6381 6482 6482 6380 6380 6482 6482 6481 6481 6381 6381 6382 6382 6483 6483 6381 6381 6483 6483 6482 6482 6382 6382 6383 6383 6484 6484 6382 6382 6484 6484 6483 6483 6383 6383 6384 6384 6485 6485 6383 6383 6485 6485 6484 6484 6384 6384 6385 6385 6486 6486 6384 6384 6486 6486 6485 6485 6385 6385 6386 6386 6487 6487 6385 6385 6487 6487 6486 6486 6386 6386 6387 6387 6488 6488 6386 6386 6488 6488 6487 6487 6387 6387 6388 6388 6489 6489 6387 6387 6489 6489 6488 6488 6388 6388 6389 6389 6490 6490 6388 6388 6490 6490 6489 6489 6389 6389 6390 6390 6491 6491 6389 6389 6491 6491 6490 6490 6390 6390 6391 6391 6492 6492 6390 6390 6492 6492 6491 6491 6391 6391 6392 6392 6493 6493 6391 6391 6493 6493 6492 6492 6392 6392 6393 6393 6494 6494 6392 6392 6494 6494 6493 6493 6393 6393 6394 6394 6495 6495 6393 6393 6495 6495 6494 6494 6394 6394 6395 6395 6496 6496 6394 6394 6496 6496 6495 6495 6395 6395 6396 6396 6497 6497 6395 6395 6497 6497 6496 6496 6396 6396 6397 6397 6498 6498 6396 6396 6498 6498 6497 6497 6397 6397 6398 6398 6499 6499 6397 6397 6499 6499 6498 6498 6398 6398 6399 6399 6500 6500 6398 6398 6500 6500 6499 6499 6399 6399 6400 6400 6501 6501 6399 6399 6501 6501 6500 6500 6400 6400 6401 6401 6502 6502 6400 6400 6502 6502 6501 6501 6401 6401 6402 6402 6503 6503 6401 6401 6503 6503 6502 6502 6402 6402 6403 6403 6504 6504 6402 6402 6504 6504 6503 6503 6403 6403 6404 6404 6505 6505 6403 6403 6505 6505 6504 6504 6404 6404 6405 6405 6506 6506 6404 6404 6506 6506 6505 6505 6405 6405 6406 6406 6507 6507 6405 6405 6507 6507 6506 6506 6406 6406 6407 6407 6508 6508 6406 6406 6508 6508 6507 6507 6407 6407 6408 6408 6509 6509 6407 6407 6509 6509 6508 6508 6408 6408 6409 6409 6510 6510 6408 6408 6510 6510 6509 6509 6409 6409 6410 6410 6511 6511 6409 6409 6511 6511 6510 6510 6410 6410 6411 6411 6512 6512 6410 6410 6512 6512 6511 6511 6411 6411 6412 6412 6513 6513 6411 6411 6513 6513 6512 6512 6412 6412 6413 6413 6514 6514 6412 6412 6514 6514 6513 6513 6413 6413 6414 6414 6515 6515 6413 6413 6515 6515 6514 6514 6414 6414 6415 6415 6516 6516 6414 6414 6516 6516 6515 6515 6415 6415 6416 6416 6517 6517 6415 6415 6517 6517 6516 6516 6416 6416 6417 6417 6518 6518 6416 6416 6518 6518 6517 6517 6417 6417 6418 6418 6519 6519 6417 6417 6519 6519 6518 6518 6418 6418 6419 6419 6520 6520 6418 6418 6520 6520 6519 6519 6419 6419 6420 6420 6521 6521 6419 6419 6521 6521 6520 6520 6420 6420 6421 6421 6522 6522 6420 6420 6522 6522 6521 6521 6421 6421 6422 6422 6523 6523 6421 6421 6523 6523 6522 6522 6422 6422 6423 6423 6524 6524 6422 6422 6524 6524 6523 6523 6423 6423 6424 6424 6525 6525 6423 6423 6525 6525 6524 6524 6424 6424 6425 6425 6526 6526 6424 6424 6526 6526 6525 6525 6425 6425 6426 6426 6527 6527 6425 6425 6527 6527 6526 6526 6426 6426 6427 6427 6528 6528 6426 6426 6528 6528 6527 6527 6427 6427 6428 6428 6529 6529 6427 6427 6529 6529 6528 6528 6428 6428 6429 6429 6530 6530 6428 6428 6530 6530 6529 6529 6429 6429 6430 6430 6531 6531 6429 6429 6531 6531 6530 6530 6430 6430 6431 6431 6532 6532 6430 6430 6532 6532 6531 6531 6431 6431 6432 6432 6533 6533 6431 6431 6533 6533 6532 6532 6432 6432 6433 6433 6534 6534 6432 6432 6534 6534 6533 6533 6433 6433 6434 6434 6535 6535 6433 6433 6535 6535 6534 6534 6434 6434 6435 6435 6536 6536 6434 6434 6536 6536 6535 6535 6435 6435 6436 6436 6537 6537 6435 6435 6537 6537 6536 6536 6436 6436 6437 6437 6538 6538 6436 6436 6538 6538 6537 6537 6437 6437 6438 6438 6539 6539 6437 6437 6539 6539 6538 6538 6438 6438 6439 6439 6540 6540 6438 6438 6540 6540 6539 6539 6439 6439 6440 6440 6541 6541 6439 6439 6541 6541 6540 6540 6440 6440 6441 6441 6542 6542 6440 6440 6542 6542 6541 6541 6441 6441 6442 6442 6543 6543 6441 6441 6543 6543 6542 6542 6442 6442 6443 6443 6544 6544 6442 6442 6544 6544 6543 6543 6443 6443 6444 6444 6545 6545 6443 6443 6545 6545 6544 6544 6444 6444 6445 6445 6546 6546 6444 6444 6546 6546 6545 6545 6445 6445 6446 6446 6547 6547 6445 6445 6547 6547 6546 6546 6446 6446 6447 6447 6548 6548 6446 6446 6548 6548 6547 6547 6447 6447 6448 6448 6549 6549 6447 6447 6549 6549 6548 6548 6448 6448 6449 6449 6550 6550 6448 6448 6550 6550 6549 6549 6449 6449 6450 6450 6551 6551 6449 6449 6551 6551 6550 6550 6450 6450 6451 6451 6552 6552 6450 6450 6552 6552 6551 6551 6451 6451 6452 6452 6553 6553 6451 6451 6553 6553 6552 6552 6452 6452 6453 6453 6554 6554 6452 6452 6554 6554 6553 6553 6453 6453 6454 6454 6555 6555 6453 6453 6555 6555 6554 6554 6454 6454 6455 6455 6556 6556 6454 6454 6556 6556 6555 6555 6455 6455 6456 6456 6557 6557 6455 6455 6557 6557 6556 6556 6456 6456 6457 6457 6558 6558 6456 6456 6558 6558 6557 6557 6457 6457 6458 6458 6559 6559 6457 6457 6559 6559 6558 6558 6458 6458 6459 6459 6560 6560 6458 6458 6560 6560 6559 6559 6459 6459 6460 6460 6561 6561 6459 6459 6561 6561 6560 6560 6460 6460 6461 6461 6562 6562 6460 6460 6562 6562 6561 6561 6461 6461 6462 6462 6563 6563 6461 6461 6563 6563 6562 6562 6462 6462 6463 6463 6564 6564 6462 6462 6564 6564 6563 6563 6464 6464 6465 6465 6566 6566 6464 6464 6566 6566 6565 6565 6465 6465 6466 6466 6567 6567 6465 6465 6567 6567 6566 6566 6466 6466 6467 6467 6568 6568 6466 6466 6568 6568 6567 6567 6467 6467 6468 6468 6569 6569 6467 6467 6569 6569 6568 6568 6468 6468 6469 6469 6570 6570 6468 6468 6570 6570 6569 6569 6469 6469 6470 6470 6571 6571 6469 6469 6571 6571 6570 6570 6470 6470 6471 6471 6572 6572 6470 6470 6572 6572 6571 6571 6471 6471 6472 6472 6573 6573 6471 6471 6573 6573 6572 6572 6472 6472 6473 6473 6574 6574 6472 6472 6574 6574 6573 6573 6473 6473 6474 6474 6575 6575 6473 6473 6575 6575 6574 6574 6474 6474 6475 6475 6576 6576 6474 6474 6576 6576 6575 6575 6475 6475 6476 6476 6577 6577 6475 6475 6577 6577 6576 6576 6476 6476 6477 6477 6578 6578 6476 6476 6578 6578 6577 6577 6477 6477 6478 6478 6579 6579 6477 6477 6579 6579 6578 6578 6478 6478 6479 6479 6580 6580 6478 6478 6580 6580 6579 6579 6479 6479 6480 6480 6581 6581 6479 6479 6581 6581 6580 6580 6480 6480 6481 6481 6582 6582 6480 6480 6582 6582 6581 6581 6481 6481 6482 6482 6583 6583 6481 6481 6583 6583 6582 6582 6482 6482 6483 6483 6584 6584 6482 6482 6584 6584 6583 6583 6483 6483 6484 6484 6585 6585 6483 6483 6585 6585 6584 6584 6484 6484 6485 6485 6586 6586 6484 6484 6586 6586 6585 6585 6485 6485 6486 6486 6587 6587 6485 6485 6587 6587 6586 6586 6486 6486 6487 6487 6588 6588 6486 6486 6588 6588 6587 6587 6487 6487 6488 6488 6589 6589 6487 6487 6589 6589 6588 6588 6488 6488 6489 6489 6590 6590 6488 6488 6590 6590 6589 6589 6489 6489 6490 6490 6591 6591 6489 6489 6591 6591 6590 6590 6490 6490 6491 6491 6592 6592 6490 6490 6592 6592 6591 6591 6491 6491 6492 6492 6593 6593 6491 6491 6593 6593 6592 6592 6492 6492 6493 6493 6594 6594 6492 6492 6594 6594 6593 6593 6493 6493 6494 6494 6595 6595 6493 6493 6595 6595 6594 6594 6494 6494 6495 6495 6596 6596 6494 6494 6596 6596 6595 6595 6495 6495 6496 6496 6597 6597 6495 6495 6597 6597 6596 6596 6496 6496 6497 6497 6598 6598 6496 6496 6598 6598 6597 6597 6497 6497 6498 6498 6599 6599 6497 6497 6599 6599 6598 6598 6498 6498 6499 6499 6600 6600 6498 6498 6600 6600 6599 6599 6499 6499 6500 6500 6601 6601 6499 6499 6601 6601 6600 6600 6500 6500 6501 6501 6602 6602 6500 6500 6602 6602 6601 6601 6501 6501 6502 6502 6603 6603 6501 6501 6603 6603 6602 6602 6502 6502 6503 6503 6604 6604 6502 6502 6604 6604 6603 6603 6503 6503 6504 6504 6605 6605 6503 6503 6605 6605 6604 6604 6504 6504 6505 6505 6606 6606 6504 6504 6606 6606 6605 6605 6505 6505 6506 6506 6607 6607 6505 6505 6607 6607 6606 6606 6506 6506 6507 6507 6608 6608 6506 6506 6608 6608 6607 6607 6507 6507 6508 6508 6609 6609 6507 6507 6609 6609 6608 6608 6508 6508 6509 6509 6610 6610 6508 6508 6610 6610 6609 6609 6509 6509 6510 6510 6611 6611 6509 6509 6611 6611 6610 6610 6510 6510 6511 6511 6612 6612 6510 6510 6612 6612 6611 6611 6511 6511 6512 6512 6613 6613 6511 6511 6613 6613 6612 6612 6512 6512 6513 6513 6614 6614 6512 6512 6614 6614 6613 6613 6513 6513 6514 6514 6615 6615 6513 6513 6615 6615 6614 6614 6514 6514 6515 6515 6616 6616 6514 6514 6616 6616 6615 6615 6515 6515 6516 6516 6617 6617 6515 6515 6617 6617 6616 6616 6516 6516 6517 6517 6618 6618 6516 6516 6618 6618 6617 6617 6517 6517 6518 6518 6619 6619 6517 6517 6619 6619 6618 6618 6518 6518 6519 6519 6620 6620 6518 6518 6620 6620 6619 6619 6519 6519 6520 6520 6621 6621 6519 6519 6621 6621 6620 6620 6520 6520 6521 6521 6622 6622 6520 6520 6622 6622 6621 6621 6521 6521 6522 6522 6623 6623 6521 6521 6623 6623 6622 6622 6522 6522 6523 6523 6624 6624 6522 6522 6624 6624 6623 6623 6523 6523 6524 6524 6625 6625 6523 6523 6625 6625 6624 6624 6524 6524 6525 6525 6626 6626 6524 6524 6626 6626 6625 6625 6525 6525 6526 6526 6627 6627 6525 6525 6627 6627 6626 6626 6526 6526 6527 6527 6628 6628 6526 6526 6628 6628 6627 6627 6527 6527 6528 6528 6629 6629 6527 6527 6629 6629 6628 6628 6528 6528 6529 6529 6630 6630 6528 6528 6630 6630 6629 6629 6529 6529 6530 6530 6631 6631 6529 6529 6631 6631 6630 6630 6530 6530 6531 6531 6632 6632 6530 6530 6632 6632 6631 6631 6531 6531 6532 6532 6633 6633 6531 6531 6633 6633 6632 6632 6532 6532 6533 6533 6634 6634 6532 6532 6634 6634 6633 6633 6533 6533 6534 6534 6635 6635 6533 6533 6635 6635 6634 6634 6534 6534 6535 6535 6636 6636 6534 6534 6636 6636 6635 6635 6535 6535 6536 6536 6637 6637 6535 6535 6637 6637 6636 6636 6536 6536 6537 6537 6638 6638 6536 6536 6638 6638 6637 6637 6537 6537 6538 6538 6639 6639 6537 6537 6639 6639 6638 6638 6538 6538 6539 6539 6640 6640 6538 6538 6640 6640 6639 6639 6539 6539 6540 6540 6641 6641 6539 6539 6641 6641 6640 6640 6540 6540 6541 6541 6642 6642 6540 6540 6642 6642 6641 6641 6541 6541 6542 6542 6643 6643 6541 6541 6643 6643 6642 6642 6542 6542 6543 6543 6644 6644 6542 6542 6644 6644 6643 6643 6543 6543 6544 6544 6645 6645 6543 6543 6645 6645 6644 6644 6544 6544 6545 6545 6646 6646 6544 6544 6646 6646 6645 6645 6545 6545 6546 6546 6647 6647 6545 6545 6647 6647 6646 6646 6546 6546 6547 6547 6648 6648 6546 6546 6648 6648 6647 6647 6547 6547 6548 6548 6649 6649 6547 6547 6649 6649 6648 6648 6548 6548 6549 6549 6650 6650 6548 6548 6650 6650 6649 6649 6549 6549 6550 6550 6651 6651 6549 6549 6651 6651 6650 6650 6550 6550 6551 6551 6652 6652 6550 6550 6652 6652 6651 6651 6551 6551 6552 6552 6653 6653 6551 6551 6653 6653 6652 6652 6552 6552 6553 6553 6654 6654 6552 6552 6654 6654 6653 6653 6553 6553 6554 6554 6655 6655 6553 6553 6655 6655 6654 6654 6554 6554 6555 6555 6656 6656 6554 6554 6656 6656 6655 6655 6555 6555 6556 6556 6657 6657 6555 6555 6657 6657 6656 6656 6556 6556 6557 6557 6658 6658 6556 6556 6658 6658 6657 6657 6557 6557 6558 6558 6659 6659 6557 6557 6659 6659 6658 6658 6558 6558 6559 6559 6660 6660 6558 6558 6660 6660 6659 6659 6559 6559 6560 6560 6661 6661 6559 6559 6661 6661 6660 6660 6560 6560 6561 6561 6662 6662 6560 6560 6662 6662 6661 6661 6561 6561 6562 6562 6663 6663 6561 6561 6663 6663 6662 6662 6562 6562 6563 6563 6664 6664 6562 6562 6664 6664 6663 6663 6563 6563 6564 6564 6665 6665 6563 6563 6665 6665 6664 6664 6565 6565 6566 6566 6667 6667 6565 6565 6667 6667 6666 6666 6566 6566 6567 6567 6668 6668 6566 6566 6668 6668 6667 6667 6567 6567 6568 6568 6669 6669 6567 6567 6669 6669 6668 6668 6568 6568 6569 6569 6670 6670 6568 6568 6670 6670 6669 6669 6569 6569 6570 6570 6671 6671 6569 6569 6671 6671 6670 6670 6570 6570 6571 6571 6672 6672 6570 6570 6672 6672 6671 6671 6571 6571 6572 6572 6673 6673 6571 6571 6673 6673 6672 6672 6572 6572 6573 6573 6674 6674 6572 6572 6674 6674 6673 6673 6573 6573 6574 6574 6675 6675 6573 6573 6675 6675 6674 6674 6574 6574 6575 6575 6676 6676 6574 6574 6676 6676 6675 6675 6575 6575 6576 6576 6677 6677 6575 6575 6677 6677 6676 6676 6576 6576 6577 6577 6678 6678 6576 6576 6678 6678 6677 6677 6577 6577 6578 6578 6679 6679 6577 6577 6679 6679 6678 6678 6578 6578 6579 6579 6680 6680 6578 6578 6680 6680 6679 6679 6579 6579 6580 6580 6681 6681 6579 6579 6681 6681 6680 6680 6580 6580 6581 6581 6682 6682 6580 6580 6682 6682 6681 6681 6581 6581 6582 6582 6683 6683 6581 6581 6683 6683 6682 6682 6582 6582 6583 6583 6684 6684 6582 6582 6684 6684 6683 6683 6583 6583 6584 6584 6685 6685 6583 6583 6685 6685 6684 6684 6584 6584 6585 6585 6686 6686 6584 6584 6686 6686 6685 6685 6585 6585 6586 6586 6687 6687 6585 6585 6687 6687 6686 6686 6586 6586 6587 6587 6688 6688 6586 6586 6688 6688 6687 6687 6587 6587 6588 6588 6689 6689 6587 6587 6689 6689 6688 6688 6588 6588 6589 6589 6690 6690 6588 6588 6690 6690 6689 6689 6589 6589 6590 6590 6691 6691 6589 6589 6691 6691 6690 6690 6590 6590 6591 6591 6692 6692 6590 6590 6692 6692 6691 6691 6591 6591 6592 6592 6693 6693 6591 6591 6693 6693 6692 6692 6592 6592 6593 6593 6694 6694 6592 6592 6694 6694 6693 6693 6593 6593 6594 6594 6695 6695 6593 6593 6695 6695 6694 6694 6594 6594 6595 6595 6696 6696 6594 6594 6696 6696 6695 6695 6595 6595 6596 6596 6697 6697 6595 6595 6697 6697 6696 6696 6596 6596 6597 6597 6698 6698 6596 6596 6698 6698 6697 6697 6597 6597 6598 6598 6699 6699 6597 6597 6699 6699 6698 6698 6598 6598 6599 6599 6700 6700 6598 6598 6700 6700 6699 6699 6599 6599 6600 6600 6701 6701 6599 6599 6701 6701 6700 6700 6600 6600 6601 6601 6702 6702 6600 6600 6702 6702 6701 6701 6601 6601 6602 6602 6703 6703 6601 6601 6703 6703 6702 6702 6602 6602 6603 6603 6704 6704 6602 6602 6704 6704 6703 6703 6603 6603 6604 6604 6705 6705 6603 6603 6705 6705 6704 6704 6604 6604 6605 6605 6706 6706 6604 6604 6706 6706 6705 6705 6605 6605 6606 6606 6707 6707 6605 6605 6707 6707 6706 6706 6606 6606 6607 6607 6708 6708 6606 6606 6708 6708 6707 6707 6607 6607 6608 6608 6709 6709 6607 6607 6709 6709 6708 6708 6608 6608 6609 6609 6710 6710 6608 6608 6710 6710 6709 6709 6609 6609 6610 6610 6711 6711 6609 6609 6711 6711 6710 6710 6610 6610 6611 6611 6712 6712 6610 6610 6712 6712 6711 6711 6611 6611 6612 6612 6713 6713 6611 6611 6713 6713 6712 6712 6612 6612 6613 6613 6714 6714 6612 6612 6714 6714 6713 6713 6613 6613 6614 6614 6715 6715 6613 6613 6715 6715 6714 6714 6614 6614 6615 6615 6716 6716 6614 6614 6716 6716 6715 6715 6615 6615 6616 6616 6717 6717 6615 6615 6717 6717 6716 6716 6616 6616 6617 6617 6718 6718 6616 6616 6718 6718 6717 6717 6617 6617 6618 6618 6719 6719 6617 6617 6719 6719 6718 6718 6618 6618 6619 6619 6720 6720 6618 6618 6720 6720 6719 6719 6619 6619 6620 6620 6721 6721 6619 6619 6721 6721 6720 6720 6620 6620 6621 6621 6722 6722 6620 6620 6722 6722 6721 6721 6621 6621 6622 6622 6723 6723 6621 6621 6723 6723 6722 6722 6622 6622 6623 6623 6724 6724 6622 6622 6724 6724 6723 6723 6623 6623 6624 6624 6725 6725 6623 6623 6725 6725 6724 6724 6624 6624 6625 6625 6726 6726 6624 6624 6726 6726 6725 6725 6625 6625 6626 6626 6727 6727 6625 6625 6727 6727 6726 6726 6626 6626 6627 6627 6728 6728 6626 6626 6728 6728 6727 6727 6627 6627 6628 6628 6729 6729 6627 6627 6729 6729 6728 6728 6628 6628 6629 6629 6730 6730 6628 6628 6730 6730 6729 6729 6629 6629 6630 6630 6731 6731 6629 6629 6731 6731 6730 6730 6630 6630 6631 6631 6732 6732 6630 6630 6732 6732 6731 6731 6631 6631 6632 6632 6733 6733 6631 6631 6733 6733 6732 6732 6632 6632 6633 6633 6734 6734 6632 6632 6734 6734 6733 6733 6633 6633 6634 6634 6735 6735 6633 6633 6735 6735 6734 6734 6634 6634 6635 6635 6736 6736 6634 6634 6736 6736 6735 6735 6635 6635 6636 6636 6737 6737 6635 6635 6737 6737 6736 6736 6636 6636 6637 6637 6738 6738 6636 6636 6738 6738 6737 6737 6637 6637 6638 6638 6739 6739 6637 6637 6739 6739 6738 6738 6638 6638 6639 6639 6740 6740 6638 6638 6740 6740 6739 6739 6639 6639 6640 6640 6741 6741 6639 6639 6741 6741 6740 6740 6640 6640 6641 6641 6742 6742 6640 6640 6742 6742 6741 6741 6641 6641 6642 6642 6743 6743 6641 6641 6743 6743 6742 6742 6642 6642 6643 6643 6744 6744 6642 6642 6744 6744 6743 6743 6643 6643 6644 6644 6745 6745 6643 6643 6745 6745 6744 6744 6644 6644 6645 6645 6746 6746 6644 6644 6746 6746 6745 6745 6645 6645 6646 6646 6747 6747 6645 6645 6747 6747 6746 6746 6646 6646 6647 6647 6748 6748 6646 6646 6748 6748 6747 6747 6647 6647 6648 6648 6749 6749 6647 6647 6749 6749 6748 6748 6648 6648 6649 6649 6750 6750 6648 6648 6750 6750 6749 6749 6649 6649 6650 6650 6751 6751 6649 6649 6751 6751 6750 6750 6650 6650 6651 6651 6752 6752 6650 6650 6752 6752 6751 6751 6651 6651 6652 6652 6753 6753 6651 6651 6753 6753 6752 6752 6652 6652 6653 6653 6754 6754 6652 6652 6754 6754 6753 6753 6653 6653 6654 6654 6755 6755 6653 6653 6755 6755 6754 6754 6654 6654 6655 6655 6756 6756 6654 6654 6756 6756 6755 6755 6655 6655 6656 6656 6757 6757 6655 6655 6757 6757 6756 6756 6656 6656 6657 6657 6758 6758 6656 6656 6758 6758 6757 6757 6657 6657 6658 6658 6759 6759 6657 6657 6759 6759 6758 6758 6658 6658 6659 6659 6760 6760 6658 6658 6760 6760 6759 6759 6659 6659 6660 6660 6761 6761 6659 6659 6761 6761 6760 6760 6660 6660 6661 6661 6762 6762 6660 6660 6762 6762 6761 6761 6661 6661 6662 6662 6763 6763 6661 6661 6763 6763 6762 6762 6662 6662 6663 6663 6764 6764 6662 6662 6764 6764 6763 6763 6663 6663 6664 6664 6765 6765 6663 6663 6765 6765 6764 6764 6664 6664 6665 6665 6766 6766 6664 6664 6766 6766 6765 6765 6666 6666 6667 6667 6768 6768 6666 6666 6768 6768 6767 6767 6667 6667 6668 6668 6769 6769 6667 6667 6769 6769 6768 6768 6668 6668 6669 6669 6770 6770 6668 6668 6770 6770 6769 6769 6669 6669 6670 6670 6771 6771 6669 6669 6771 6771 6770 6770 6670 6670 6671 6671 6772 6772 6670 6670 6772 6772 6771 6771 6671 6671 6672 6672 6773 6773 6671 6671 6773 6773 6772 6772 6672 6672 6673 6673 6774 6774 6672 6672 6774 6774 6773 6773 6673 6673 6674 6674 6775 6775 6673 6673 6775 6775 6774 6774 6674 6674 6675 6675 6776 6776 6674 6674 6776 6776 6775 6775 6675 6675 6676 6676 6777 6777 6675 6675 6777 6777 6776 6776 6676 6676 6677 6677 6778 6778 6676 6676 6778 6778 6777 6777 6677 6677 6678 6678 6779 6779 6677 6677 6779 6779 6778 6778 6678 6678 6679 6679 6780 6780 6678 6678 6780 6780 6779 6779 6679 6679 6680 6680 6781 6781 6679 6679 6781 6781 6780 6780 6680 6680 6681 6681 6782 6782 6680 6680 6782 6782 6781 6781 6681 6681 6682 6682 6783 6783 6681 6681 6783 6783 6782 6782 6682 6682 6683 6683 6784 6784 6682 6682 6784 6784 6783 6783 6683 6683 6684 6684 6785 6785 6683 6683 6785 6785 6784 6784 6684 6684 6685 6685 6786 6786 6684 6684 6786 6786 6785 6785 6685 6685 6686 6686 6787 6787 6685 6685 6787 6787 6786 6786 6686 6686 6687 6687 6788 6788 6686 6686 6788 6788 6787 6787 6687 6687 6688 6688 6789 6789 6687 6687 6789 6789 6788 6788 6688 6688 6689 6689 6790 6790 6688 6688 6790 6790 6789 6789 6689 6689 6690 6690 6791 6791 6689 6689 6791 6791 6790 6790 6690 6690 6691 6691 6792 6792 6690 6690 6792 6792 6791 6791 6691 6691 6692 6692 6793 6793 6691 6691 6793 6793 6792 6792 6692 6692 6693 6693 6794 6794 6692 6692 6794 6794 6793 6793 6693 6693 6694 6694 6795 6795 6693 6693 6795 6795 6794 6794 6694 6694 6695 6695 6796 6796 6694 6694 6796 6796 6795 6795 6695 6695 6696 6696 6797 6797 6695 6695 6797 6797 6796 6796 6696 6696 6697 6697 6798 6798 6696 6696 6798 6798 6797 6797 6697 6697 6698 6698 6799 6799 6697 6697 6799 6799 6798 6798 6698 6698 6699 6699 6800 6800 6698 6698 6800 6800 6799 6799 6699 6699 6700 6700 6801 6801 6699 6699 6801 6801 6800 6800 6700 6700 6701 6701 6802 6802 6700 6700 6802 6802 6801 6801 6701 6701 6702 6702 6803 6803 6701 6701 6803 6803 6802 6802 6702 6702 6703 6703 6804 6804 6702 6702 6804 6804 6803 6803 6703 6703 6704 6704 6805 6805 6703 6703 6805 6805 6804 6804 6704 6704 6705 6705 6806 6806 6704 6704 6806 6806 6805 6805 6705 6705 6706 6706 6807 6807 6705 6705 6807 6807 6806 6806 6706 6706 6707 6707 6808 6808 6706 6706 6808 6808 6807 6807 6707 6707 6708 6708 6809 6809 6707 6707 6809 6809 6808 6808 6708 6708 6709 6709 6810 6810 6708 6708 6810 6810 6809 6809 6709 6709 6710 6710 6811 6811 6709 6709 6811 6811 6810 6810 6710 6710 6711 6711 6812 6812 6710 6710 6812 6812 6811 6811 6711 6711 6712 6712 6813 6813 6711 6711 6813 6813 6812 6812 6712 6712 6713 6713 6814 6814 6712 6712 6814 6814 6813 6813 6713 6713 6714 6714 6815 6815 6713 6713 6815 6815 6814 6814 6714 6714 6715 6715 6816 6816 6714 6714 6816 6816 6815 6815 6715 6715 6716 6716 6817 6817 6715 6715 6817 6817 6816 6816 6716 6716 6717 6717 6818 6818 6716 6716 6818 6818 6817 6817 6717 6717 6718 6718 6819 6819 6717 6717 6819 6819 6818 6818 6718 6718 6719 6719 6820 6820 6718 6718 6820 6820 6819 6819 6719 6719 6720 6720 6821 6821 6719 6719 6821 6821 6820 6820 6720 6720 6721 6721 6822 6822 6720 6720 6822 6822 6821 6821 6721 6721 6722 6722 6823 6823 6721 6721 6823 6823 6822 6822 6722 6722 6723 6723 6824 6824 6722 6722 6824 6824 6823 6823 6723 6723 6724 6724 6825 6825 6723 6723 6825 6825 6824 6824 6724 6724 6725 6725 6826 6826 6724 6724 6826 6826 6825 6825 6725 6725 6726 6726 6827 6827 6725 6725 6827 6827 6826 6826 6726 6726 6727 6727 6828 6828 6726 6726 6828 6828 6827 6827 6727 6727 6728 6728 6829 6829 6727 6727 6829 6829 6828 6828 6728 6728 6729 6729 6830 6830 6728 6728 6830 6830 6829 6829 6729 6729 6730 6730 6831 6831 6729 6729 6831 6831 6830 6830 6730 6730 6731 6731 6832 6832 6730 6730 6832 6832 6831 6831 6731 6731 6732 6732 6833 6833 6731 6731 6833 6833 6832 6832 6732 6732 6733 6733 6834 6834 6732 6732 6834 6834 6833 6833 6733 6733 6734 6734 6835 6835 6733 6733 6835 6835 6834 6834 6734 6734 6735 6735 6836 6836 6734 6734 6836 6836 6835 6835 6735 6735 6736 6736 6837 6837 6735 6735 6837 6837 6836 6836 6736 6736 6737 6737 6838 6838 6736 6736 6838 6838 6837 6837 6737 6737 6738 6738 6839 6839 6737 6737 6839 6839 6838 6838 6738 6738 6739 6739 6840 6840 6738 6738 6840 6840 6839 6839 6739 6739 6740 6740 6841 6841 6739 6739 6841 6841 6840 6840 6740 6740 6741 6741 6842 6842 6740 6740 6842 6842 6841 6841 6741 6741 6742 6742 6843 6843 6741 6741 6843 6843 6842 6842 6742 6742 6743 6743 6844 6844 6742 6742 6844 6844 6843 6843 6743 6743 6744 6744 6845 6845 6743 6743 6845 6845 6844 6844 6744 6744 6745 6745 6846 6846 6744 6744 6846 6846 6845 6845 6745 6745 6746 6746 6847 6847 6745 6745 6847 6847 6846 6846 6746 6746 6747 6747 6848 6848 6746 6746 6848 6848 6847 6847 6747 6747 6748 6748 6849 6849 6747 6747 6849 6849 6848 6848 6748 6748 6749 6749 6850 6850 6748 6748 6850 6850 6849 6849 6749 6749 6750 6750 6851 6851 6749 6749 6851 6851 6850 6850 6750 6750 6751 6751 6852 6852 6750 6750 6852 6852 6851 6851 6751 6751 6752 6752 6853 6853 6751 6751 6853 6853 6852 6852 6752 6752 6753 6753 6854 6854 6752 6752 6854 6854 6853 6853 6753 6753 6754 6754 6855 6855 6753 6753 6855 6855 6854 6854 6754 6754 6755 6755 6856 6856 6754 6754 6856 6856 6855 6855 6755 6755 6756 6756 6857 6857 6755 6755 6857 6857 6856 6856 6756 6756 6757 6757 6858 6858 6756 6756 6858 6858 6857 6857 6757 6757 6758 6758 6859 6859 6757 6757 6859 6859 6858 6858 6758 6758 6759 6759 6860 6860 6758 6758 6860 6860 6859 6859 6759 6759 6760 6760 6861 6861 6759 6759 6861 6861 6860 6860 6760 6760 6761 6761 6862 6862 6760 6760 6862 6862 6861 6861 6761 6761 6762 6762 6863 6863 6761 6761 6863 6863 6862 6862 6762 6762 6763 6763 6864 6864 6762 6762 6864 6864 6863 6863 6763 6763 6764 6764 6865 6865 6763 6763 6865 6865 6864 6864 6764 6764 6765 6765 6866 6866 6764 6764 6866 6866 6865 6865 6765 6765 6766 6766 6867 6867 6765 6765 6867 6867 6866 6866 6767 6767 6768 6768 6869 6869 6767 6767 6869 6869 6868 6868 6768 6768 6769 6769 6870 6870 6768 6768 6870 6870 6869 6869 6769 6769 6770 6770 6871 6871 6769 6769 6871 6871 6870 6870 6770 6770 6771 6771 6872 6872 6770 6770 6872 6872 6871 6871 6771 6771 6772 6772 6873 6873 6771 6771 6873 6873 6872 6872 6772 6772 6773 6773 6874 6874 6772 6772 6874 6874 6873 6873 6773 6773 6774 6774 6875 6875 6773 6773 6875 6875 6874 6874 6774 6774 6775 6775 6876 6876 6774 6774 6876 6876 6875 6875 6775 6775 6776 6776 6877 6877 6775 6775 6877 6877 6876 6876 6776 6776 6777 6777 6878 6878 6776 6776 6878 6878 6877 6877 6777 6777 6778 6778 6879 6879 6777 6777 6879 6879 6878 6878 6778 6778 6779 6779 6880 6880 6778 6778 6880 6880 6879 6879 6779 6779 6780 6780 6881 6881 6779 6779 6881 6881 6880 6880 6780 6780 6781 6781 6882 6882 6780 6780 6882 6882 6881 6881 6781 6781 6782 6782 6883 6883 6781 6781 6883 6883 6882 6882 6782 6782 6783 6783 6884 6884 6782 6782 6884 6884 6883 6883 6783 6783 6784 6784 6885 6885 6783 6783 6885 6885 6884 6884 6784 6784 6785 6785 6886 6886 6784 6784 6886 6886 6885 6885 6785 6785 6786 6786 6887 6887 6785 6785 6887 6887 6886 6886 6786 6786 6787 6787 6888 6888 6786 6786 6888 6888 6887 6887 6787 6787 6788 6788 6889 6889 6787 6787 6889 6889 6888 6888 6788 6788 6789 6789 6890 6890 6788 6788 6890 6890 6889 6889 6789 6789 6790 6790 6891 6891 6789 6789 6891 6891 6890 6890 6790 6790 6791 6791 6892 6892 6790 6790 6892 6892 6891 6891 6791 6791 6792 6792 6893 6893 6791 6791 6893 6893 6892 6892 6792 6792 6793 6793 6894 6894 6792 6792 6894 6894 6893 6893 6793 6793 6794 6794 6895 6895 6793 6793 6895 6895 6894 6894 6794 6794 6795 6795 6896 6896 6794 6794 6896 6896 6895 6895 6795 6795 6796 6796 6897 6897 6795 6795 6897 6897 6896 6896 6796 6796 6797 6797 6898 6898 6796 6796 6898 6898 6897 6897 6797 6797 6798 6798 6899 6899 6797 6797 6899 6899 6898 6898 6798 6798 6799 6799 6900 6900 6798 6798 6900 6900 6899 6899 6799 6799 6800 6800 6901 6901 6799 6799 6901 6901 6900 6900 6800 6800 6801 6801 6902 6902 6800 6800 6902 6902 6901 6901 6801 6801 6802 6802 6903 6903 6801 6801 6903 6903 6902 6902 6802 6802 6803 6803 6904 6904 6802 6802 6904 6904 6903 6903 6803 6803 6804 6804 6905 6905 6803 6803 6905 6905 6904 6904 6804 6804 6805 6805 6906 6906 6804 6804 6906 6906 6905 6905 6805 6805 6806 6806 6907 6907 6805 6805 6907 6907 6906 6906 6806 6806 6807 6807 6908 6908 6806 6806 6908 6908 6907 6907 6807 6807 6808 6808 6909 6909 6807 6807 6909 6909 6908 6908 6808 6808 6809 6809 6910 6910 6808 6808 6910 6910 6909 6909 6809 6809 6810 6810 6911 6911 6809 6809 6911 6911 6910 6910 6810 6810 6811 6811 6912 6912 6810 6810 6912 6912 6911 6911 6811 6811 6812 6812 6913 6913 6811 6811 6913 6913 6912 6912 6812 6812 6813 6813 6914 6914 6812 6812 6914 6914 6913 6913 6813 6813 6814 6814 6915 6915 6813 6813 6915 6915 6914 6914 6814 6814 6815 6815 6916 6916 6814 6814 6916 6916 6915 6915 6815 6815 6816 6816 6917 6917 6815 6815 6917 6917 6916 6916 6816 6816 6817 6817 6918 6918 6816 6816 6918 6918 6917 6917 6817 6817 6818 6818 6919 6919 6817 6817 6919 6919 6918 6918 6818 6818 6819 6819 6920 6920 6818 6818 6920 6920 6919 6919 6819 6819 6820 6820 6921 6921 6819 6819 6921 6921 6920 6920 6820 6820 6821 6821 6922 6922 6820 6820 6922 6922 6921 6921 6821 6821 6822 6822 6923 6923 6821 6821 6923 6923 6922 6922 6822 6822 6823 6823 6924 6924 6822 6822 6924 6924 6923 6923 6823 6823 6824 6824 6925 6925 6823 6823 6925 6925 6924 6924 6824 6824 6825 6825 6926 6926 6824 6824 6926 6926 6925 6925 6825 6825 6826 6826 6927 6927 6825 6825 6927 6927 6926 6926 6826 6826 6827 6827 6928 6928 6826 6826 6928 6928 6927 6927 6827 6827 6828 6828 6929 6929 6827 6827 6929 6929 6928 6928 6828 6828 6829 6829 6930 6930 6828 6828 6930 6930 6929 6929 6829 6829 6830 6830 6931 6931 6829 6829 6931 6931 6930 6930 6830 6830 6831 6831 6932 6932 6830 6830 6932 6932 6931 6931 6831 6831 6832 6832 6933 6933 6831 6831 6933 6933 6932 6932 6832 6832 6833 6833 6934 6934 6832 6832 6934 6934 6933 6933 6833 6833 6834 6834 6935 6935 6833 6833 6935 6935 6934 6934 6834 6834 6835 6835 6936 6936 6834 6834 6936 6936 6935 6935 6835 6835 6836 6836 6937 6937 6835 6835 6937 6937 6936 6936 6836 6836 6837 6837 6938 6938 6836 6836 6938 6938 6937 6937 6837 6837 6838 6838 6939 6939 6837 6837 6939 6939 6938 6938 6838 6838 6839 6839 6940 6940 6838 6838 6940 6940 6939 6939 6839 6839 6840 6840 6941 6941 6839 6839 6941 6941 6940 6940 6840 6840 6841 6841 6942 6942 6840 6840 6942 6942 6941 6941 6841 6841 6842 6842 6943 6943 6841 6841 6943 6943 6942 6942 6842 6842 6843 6843 6944 6944 6842 6842 6944 6944 6943 6943 6843 6843 6844 6844 6945 6945 6843 6843 6945 6945 6944 6944 6844 6844 6845 6845 6946 6946 6844 6844 6946 6946 6945 6945 6845 6845 6846 6846 6947 6947 6845 6845 6947 6947 6946 6946 6846 6846 6847 6847 6948 6948 6846 6846 6948 6948 6947 6947 6847 6847 6848 6848 6949 6949 6847 6847 6949 6949 6948 6948 6848 6848 6849 6849 6950 6950 6848 6848 6950 6950 6949 6949 6849 6849 6850 6850 6951 6951 6849 6849 6951 6951 6950 6950 6850 6850 6851 6851 6952 6952 6850 6850 6952 6952 6951 6951 6851 6851 6852 6852 6953 6953 6851 6851 6953 6953 6952 6952 6852 6852 6853 6853 6954 6954 6852 6852 6954 6954 6953 6953 6853 6853 6854 6854 6955 6955 6853 6853 6955 6955 6954 6954 6854 6854 6855 6855 6956 6956 6854 6854 6956 6956 6955 6955 6855 6855 6856 6856 6957 6957 6855 6855 6957 6957 6956 6956 6856 6856 6857 6857 6958 6958 6856 6856 6958 6958 6957 6957 6857 6857 6858 6858 6959 6959 6857 6857 6959 6959 6958 6958 6858 6858 6859 6859 6960 6960 6858 6858 6960 6960 6959 6959 6859 6859 6860 6860 6961 6961 6859 6859 6961 6961 6960 6960 6860 6860 6861 6861 6962 6962 6860 6860 6962 6962 6961 6961 6861 6861 6862 6862 6963 6963 6861 6861 6963 6963 6962 6962 6862 6862 6863 6863 6964 6964 6862 6862 6964 6964 6963 6963 6863 6863 6864 6864 6965 6965 6863 6863 6965 6965 6964 6964 6864 6864 6865 6865 6966 6966 6864 6864 6966 6966 6965 6965 6865 6865 6866 6866 6967 6967 6865 6865 6967 6967 6966 6966 6866 6866 6867 6867 6968 6968 6866 6866 6968 6968 6967 6967 6868 6868 6869 6869 6970 6970 6868 6868 6970 6970 6969 6969 6869 6869 6870 6870 6971 6971 6869 6869 6971 6971 6970 6970 6870 6870 6871 6871 6972 6972 6870 6870 6972 6972 6971 6971 6871 6871 6872 6872 6973 6973 6871 6871 6973 6973 6972 6972 6872 6872 6873 6873 6974 6974 6872 6872 6974 6974 6973 6973 6873 6873 6874 6874 6975 6975 6873 6873 6975 6975 6974 6974 6874 6874 6875 6875 6976 6976 6874 6874 6976 6976 6975 6975 6875 6875 6876 6876 6977 6977 6875 6875 6977 6977 6976 6976 6876 6876 6877 6877 6978 6978 6876 6876 6978 6978 6977 6977 6877 6877 6878 6878 6979 6979 6877 6877 6979 6979 6978 6978 6878 6878 6879 6879 6980 6980 6878 6878 6980 6980 6979 6979 6879 6879 6880 6880 6981 6981 6879 6879 6981 6981 6980 6980 6880 6880 6881 6881 6982 6982 6880 6880 6982 6982 6981 6981 6881 6881 6882 6882 6983 6983 6881 6881 6983 6983 6982 6982 6882 6882 6883 6883 6984 6984 6882 6882 6984 6984 6983 6983 6883 6883 6884 6884 6985 6985 6883 6883 6985 6985 6984 6984 6884 6884 6885 6885 6986 6986 6884 6884 6986 6986 6985 6985 6885 6885 6886 6886 6987 6987 6885 6885 6987 6987 6986 6986 6886 6886 6887 6887 6988 6988 6886 6886 6988 6988 6987 6987 6887 6887 6888 6888 6989 6989 6887 6887 6989 6989 6988 6988 6888 6888 6889 6889 6990 6990 6888 6888 6990 6990 6989 6989 6889 6889 6890 6890 6991 6991 6889 6889 6991 6991 6990 6990 6890 6890 6891 6891 6992 6992 6890 6890 6992 6992 6991 6991 6891 6891 6892 6892 6993 6993 6891 6891 6993 6993 6992 6992 6892 6892 6893 6893 6994 6994 6892 6892 6994 6994 6993 6993 6893 6893 6894 6894 6995 6995 6893 6893 6995 6995 6994 6994 6894 6894 6895 6895 6996 6996 6894 6894 6996 6996 6995 6995 6895 6895 6896 6896 6997 6997 6895 6895 6997 6997 6996 6996 6896 6896 6897 6897 6998 6998 6896 6896 6998 6998 6997 6997 6897 6897 6898 6898 6999 6999 6897 6897 6999 6999 6998 6998 6898 6898 6899 6899 7000 7000 6898 6898 7000 7000 6999 6999 6899 6899 6900 6900 7001 7001 6899 6899 7001 7001 7000 7000 6900 6900 6901 6901 7002 7002 6900 6900 7002 7002 7001 7001 6901 6901 6902 6902 7003 7003 6901 6901 7003 7003 7002 7002 6902 6902 6903 6903 7004 7004 6902 6902 7004 7004 7003 7003 6903 6903 6904 6904 7005 7005 6903 6903 7005 7005 7004 7004 6904 6904 6905 6905 7006 7006 6904 6904 7006 7006 7005 7005 6905 6905 6906 6906 7007 7007 6905 6905 7007 7007 7006 7006 6906 6906 6907 6907 7008 7008 6906 6906 7008 7008 7007 7007 6907 6907 6908 6908 7009 7009 6907 6907 7009 7009 7008 7008 6908 6908 6909 6909 7010 7010 6908 6908 7010 7010 7009 7009 6909 6909 6910 6910 7011 7011 6909 6909 7011 7011 7010 7010 6910 6910 6911 6911 7012 7012 6910 6910 7012 7012 7011 7011 6911 6911 6912 6912 7013 7013 6911 6911 7013 7013 7012 7012 6912 6912 6913 6913 7014 7014 6912 6912 7014 7014 7013 7013 6913 6913 6914 6914 7015 7015 6913 6913 7015 7015 7014 7014 6914 6914 6915 6915 7016 7016 6914 6914 7016 7016 7015 7015 6915 6915 6916 6916 7017 7017 6915 6915 7017 7017 7016 7016 6916 6916 6917 6917 7018 7018 6916 6916 7018 7018 7017 7017 6917 6917 6918 6918 7019 7019 6917 6917 7019 7019 7018 7018 6918 6918 6919 6919 7020 7020 6918 6918 7020 7020 7019 7019 6919 6919 6920 6920 7021 7021 6919 6919 7021 7021 7020 7020 6920 6920 6921 6921 7022 7022 6920 6920 7022 7022 7021 7021 6921 6921 6922 6922 7023 7023 6921 6921 7023 7023 7022 7022 6922 6922 6923 6923 7024 7024 6922 6922 7024 7024 7023 7023 6923 6923 6924 6924 7025 7025 6923 6923 7025 7025 7024 7024 6924 6924 6925 6925 7026 7026 6924 6924 7026 7026 7025 7025 6925 6925 6926 6926 7027 7027 6925 6925 7027 7027 7026 7026 6926 6926 6927 6927 7028 7028 6926 6926 7028 7028 7027 7027 6927 6927 6928 6928 7029 7029 6927 6927 7029 7029 7028 7028 6928 6928 6929 6929 7030 7030 6928 6928 7030 7030 7029 7029 6929 6929 6930 6930 7031 7031 6929 6929 7031 7031 7030 7030 6930 6930 6931 6931 7032 7032 6930 6930 7032 7032 7031 7031 6931 6931 6932 6932 7033 7033 6931 6931 7033 7033 7032 7032 6932 6932 6933 6933 7034 7034 6932 6932 7034 7034 7033 7033 6933 6933 6934 6934 7035 7035 6933 6933 7035 7035 7034 7034 6934 6934 6935 6935 7036 7036 6934 6934 7036 7036 7035 7035 6935 6935 6936 6936 7037 7037 6935 6935 7037 7037 7036 7036 6936 6936 6937 6937 7038 7038 6936 6936 7038 7038 7037 7037 6937 6937 6938 6938 7039 7039 6937 6937 7039 7039 7038 7038 6938 6938 6939 6939 7040 7040 6938 6938 7040 7040 7039 7039 6939 6939 6940 6940 7041 7041 6939 6939 7041 7041 7040 7040 6940 6940 6941 6941 7042 7042 6940 6940 7042 7042 7041 7041 6941 6941 6942 6942 7043 7043 6941 6941 7043 7043 7042 7042 6942 6942 6943 6943 7044 7044 6942 6942 7044 7044 7043 7043 6943 6943 6944 6944 7045 7045 6943 6943 7045 7045 7044 7044 6944 6944 6945 6945 7046 7046 6944 6944 7046 7046 7045 7045 6945 6945 6946 6946 7047 7047 6945 6945 7047 7047 7046 7046 6946 6946 6947 6947 7048 7048 6946 6946 7048 7048 7047 7047 6947 6947 6948 6948 7049 7049 6947 6947 7049 7049 7048 7048 6948 6948 6949 6949 7050 7050 6948 6948 7050 7050 7049 7049 6949 6949 6950 6950 7051 7051 6949 6949 7051 7051 7050 7050 6950 6950 6951 6951 7052 7052 6950 6950 7052 7052 7051 7051 6951 6951 6952 6952 7053 7053 6951 6951 7053 7053 7052 7052 6952 6952 6953 6953 7054 7054 6952 6952 7054 7054 7053 7053 6953 6953 6954 6954 7055 7055 6953 6953 7055 7055 7054 7054 6954 6954 6955 6955 7056 7056 6954 6954 7056 7056 7055 7055 6955 6955 6956 6956 7057 7057 6955 6955 7057 7057 7056 7056 6956 6956 6957 6957 7058 7058 6956 6956 7058 7058 7057 7057 6957 6957 6958 6958 7059 7059 6957 6957 7059 7059 7058 7058 6958 6958 6959 6959 7060 7060 6958 6958 7060 7060 7059 7059 6959 6959 6960 6960 7061 7061 6959 6959 7061 7061 7060 7060 6960 6960 6961 6961 7062 7062 6960 6960 7062 7062 7061 7061 6961 6961 6962 6962 7063 7063 6961 6961 7063 7063 7062 7062 6962 6962 6963 6963 7064 7064 6962 6962 7064 7064 7063 7063 6963 6963 6964 6964 7065 7065 6963 6963 7065 7065 7064 7064 6964 6964 6965 6965 7066 7066 6964 6964 7066 7066 7065 7065 6965 6965 6966 6966 7067 7067 6965 6965 7067 7067 7066 7066 6966 6966 6967 6967 7068 7068 6966 6966 7068 7068 7067 7067 6967 6967 6968 6968 7069 7069 6967 6967 7069 7069 7068 7068 6969 6969 6970 6970 7071 7071 6969 6969 7071 7071 7070 7070 6970 6970 6971 6971 7072 7072 6970 6970 7072 7072 7071 7071 6971 6971 6972 6972 7073 7073 6971 6971 7073 7073 7072 7072 6972 6972 6973 6973 7074 7074 6972 6972 7074 7074 7073 7073 6973 6973 6974 6974 7075 7075 6973 6973 7075 7075 7074 7074 6974 6974 6975 6975 7076 7076 6974 6974 7076 7076 7075 7075 6975 6975 6976 6976 7077 7077 6975 6975 7077 7077 7076 7076 6976 6976 6977 6977 7078 7078 6976 6976 7078 7078 7077 7077 6977 6977 6978 6978 7079 7079 6977 6977 7079 7079 7078 7078 6978 6978 6979 6979 7080 7080 6978 6978 7080 7080 7079 7079 6979 6979 6980 6980 7081 7081 6979 6979 7081 7081 7080 7080 6980 6980 6981 6981 7082 7082 6980 6980 7082 7082 7081 7081 6981 6981 6982 6982 7083 7083 6981 6981 7083 7083 7082 7082 6982 6982 6983 6983 7084 7084 6982 6982 7084 7084 7083 7083 6983 6983 6984 6984 7085 7085 6983 6983 7085 7085 7084 7084 6984 6984 6985 6985 7086 7086 6984 6984 7086 7086 7085 7085 6985 6985 6986 6986 7087 7087 6985 6985 7087 7087 7086 7086 6986 6986 6987 6987 7088 7088 6986 6986 7088 7088 7087 7087 6987 6987 6988 6988 7089 7089 6987 6987 7089 7089 7088 7088 6988 6988 6989 6989 7090 7090 6988 6988 7090 7090 7089 7089 6989 6989 6990 6990 7091 7091 6989 6989 7091 7091 7090 7090 6990 6990 6991 6991 7092 7092 6990 6990 7092 7092 7091 7091 6991 6991 6992 6992 7093 7093 6991 6991 7093 7093 7092 7092 6992 6992 6993 6993 7094 7094 6992 6992 7094 7094 7093 7093 6993 6993 6994 6994 7095 7095 6993 6993 7095 7095 7094 7094 6994 6994 6995 6995 7096 7096 6994 6994 7096 7096 7095 7095 6995 6995 6996 6996 7097 7097 6995 6995 7097 7097 7096 7096 6996 6996 6997 6997 7098 7098 6996 6996 7098 7098 7097 7097 6997 6997 6998 6998 7099 7099 6997 6997 7099 7099 7098 7098 6998 6998 6999 6999 7100 7100 6998 6998 7100 7100 7099 7099 6999 6999 7000 7000 7101 7101 6999 6999 7101 7101 7100 7100 7000 7000 7001 7001 7102 7102 7000 7000 7102 7102 7101 7101 7001 7001 7002 7002 7103 7103 7001 7001 7103 7103 7102 7102 7002 7002 7003 7003 7104 7104 7002 7002 7104 7104 7103 7103 7003 7003 7004 7004 7105 7105 7003 7003 7105 7105 7104 7104 7004 7004 7005 7005 7106 7106 7004 7004 7106 7106 7105 7105 7005 7005 7006 7006 7107 7107 7005 7005 7107 7107 7106 7106 7006 7006 7007 7007 7108 7108 7006 7006 7108 7108 7107 7107 7007 7007 7008 7008 7109 7109 7007 7007 7109 7109 7108 7108 7008 7008 7009 7009 7110 7110 7008 7008 7110 7110 7109 7109 7009 7009 7010 7010 7111 7111 7009 7009 7111 7111 7110 7110 7010 7010 7011 7011 7112 7112 7010 7010 7112 7112 7111 7111 7011 7011 7012 7012 7113 7113 7011 7011 7113 7113 7112 7112 7012 7012 7013 7013 7114 7114 7012 7012 7114 7114 7113 7113 7013 7013 7014 7014 7115 7115 7013 7013 7115 7115 7114 7114 7014 7014 7015 7015 7116 7116 7014 7014 7116 7116 7115 7115 7015 7015 7016 7016 7117 7117 7015 7015 7117 7117 7116 7116 7016 7016 7017 7017 7118 7118 7016 7016 7118 7118 7117 7117 7017 7017 7018 7018 7119 7119 7017 7017 7119 7119 7118 7118 7018 7018 7019 7019 7120 7120 7018 7018 7120 7120 7119 7119 7019 7019 7020 7020 7121 7121 7019 7019 7121 7121 7120 7120 7020 7020 7021 7021 7122 7122 7020 7020 7122 7122 7121 7121 7021 7021 7022 7022 7123 7123 7021 7021 7123 7123 7122 7122 7022 7022 7023 7023 7124 7124 7022 7022 7124 7124 7123 7123 7023 7023 7024 7024 7125 7125 7023 7023 7125 7125 7124 7124 7024 7024 7025 7025 7126 7126 7024 7024 7126 7126 7125 7125 7025 7025 7026 7026 7127 7127 7025 7025 7127 7127 7126 7126 7026 7026 7027 7027 7128 7128 7026 7026 7128 7128 7127 7127 7027 7027 7028 7028 7129 7129 7027 7027 7129 7129 7128 7128 7028 7028 7029 7029 7130 7130 7028 7028 7130 7130 7129 7129 7029 7029 7030 7030 7131 7131 7029 7029 7131 7131 7130 7130 7030 7030 7031 7031 7132 7132 7030 7030 7132 7132 7131 7131 7031 7031 7032 7032 7133 7133 7031 7031 7133 7133 7132 7132 7032 7032 7033 7033 7134 7134 7032 7032 7134 7134 7133 7133 7033 7033 7034 7034 7135 7135 7033 7033 7135 7135 7134 7134 7034 7034 7035 7035 7136 7136 7034 7034 7136 7136 7135 7135 7035 7035 7036 7036 7137 7137 7035 7035 7137 7137 7136 7136 7036 7036 7037 7037 7138 7138 7036 7036 7138 7138 7137 7137 7037 7037 7038 7038 7139 7139 7037 7037 7139 7139 7138 7138 7038 7038 7039 7039 7140 7140 7038 7038 7140 7140 7139 7139 7039 7039 7040 7040 7141 7141 7039 7039 7141 7141 7140 7140 7040 7040 7041 7041 7142 7142 7040 7040 7142 7142 7141 7141 7041 7041 7042 7042 7143 7143 7041 7041 7143 7143 7142 7142 7042 7042 7043 7043 7144 7144 7042 7042 7144 7144 7143 7143 7043 7043 7044 7044 7145 7145 7043 7043 7145 7145 7144 7144 7044 7044 7045 7045 7146 7146 7044 7044 7146 7146 7145 7145 7045 7045 7046 7046 7147 7147 7045 7045 7147 7147 7146 7146 7046 7046 7047 7047 7148 7148 7046 7046 7148 7148 7147 7147 7047 7047 7048 7048 7149 7149 7047 7047 7149 7149 7148 7148 7048 7048 7049 7049 7150 7150 7048 7048 7150 7150 7149 7149 7049 7049 7050 7050 7151 7151 7049 7049 7151 7151 7150 7150 7050 7050 7051 7051 7152 7152 7050 7050 7152 7152 7151 7151 7051 7051 7052 7052 7153 7153 7051 7051 7153 7153 7152 7152 7052 7052 7053 7053 7154 7154 7052 7052 7154 7154 7153 7153 7053 7053 7054 7054 7155 7155 7053 7053 7155 7155 7154 7154 7054 7054 7055 7055 7156 7156 7054 7054 7156 7156 7155 7155 7055 7055 7056 7056 7157 7157 7055 7055 7157 7157 7156 7156 7056 7056 7057 7057 7158 7158 7056 7056 7158 7158 7157 7157 7057 7057 7058 7058 7159 7159 7057 7057 7159 7159 7158 7158 7058 7058 7059 7059 7160 7160 7058 7058 7160 7160 7159 7159 7059 7059 7060 7060 7161 7161 7059 7059 7161 7161 7160 7160 7060 7060 7061 7061 7162 7162 7060 7060 7162 7162 7161 7161 7061 7061 7062 7062 7163 7163 7061 7061 7163 7163 7162 7162 7062 7062 7063 7063 7164 7164 7062 7062 7164 7164 7163 7163 7063 7063 7064 7064 7165 7165 7063 7063 7165 7165 7164 7164 7064 7064 7065 7065 7166 7166 7064 7064 7166 7166 7165 7165 7065 7065 7066 7066 7167 7167 7065 7065 7167 7167 7166 7166 7066 7066 7067 7067 7168 7168 7066 7066 7168 7168 7167 7167 7067 7067 7068 7068 7169 7169 7067 7067 7169 7169 7168 7168 7068 7068 7069 7069 7170 7170 7068 7068 7170 7170 7169 7169 7070 7070 7071 7071 7172 7172 7070 7070 7172 7172 7171 7171 7071 7071 7072 7072 7173 7173 7071 7071 7173 7173 7172 7172 7072 7072 7073 7073 7174 7174 7072 7072 7174 7174 7173 7173 7073 7073 7074 7074 7175 7175 7073 7073 7175 7175 7174 7174 7074 7074 7075 7075 7176 7176 7074 7074 7176 7176 7175 7175 7075 7075 7076 7076 7177 7177 7075 7075 7177 7177 7176 7176 7076 7076 7077 7077 7178 7178 7076 7076 7178 7178 7177 7177 7077 7077 7078 7078 7179 7179 7077 7077 7179 7179 7178 7178 7078 7078 7079 7079 7180 7180 7078 7078 7180 7180 7179 7179 7079 7079 7080 7080 7181 7181 7079 7079 7181 7181 7180 7180 7080 7080 7081 7081 7182 7182 7080 7080 7182 7182 7181 7181 7081 7081 7082 7082 7183 7183 7081 7081 7183 7183 7182 7182 7082 7082 7083 7083 7184 7184 7082 7082 7184 7184 7183 7183 7083 7083 7084 7084 7185 7185 7083 7083 7185 7185 7184 7184 7084 7084 7085 7085 7186 7186 7084 7084 7186 7186 7185 7185 7085 7085 7086 7086 7187 7187 7085 7085 7187 7187 7186 7186 7086 7086 7087 7087 7188 7188 7086 7086 7188 7188 7187 7187 7087 7087 7088 7088 7189 7189 7087 7087 7189 7189 7188 7188 7088 7088 7089 7089 7190 7190 7088 7088 7190 7190 7189 7189 7089 7089 7090 7090 7191 7191 7089 7089 7191 7191 7190 7190 7090 7090 7091 7091 7192 7192 7090 7090 7192 7192 7191 7191 7091 7091 7092 7092 7193 7193 7091 7091 7193 7193 7192 7192 7092 7092 7093 7093 7194 7194 7092 7092 7194 7194 7193 7193 7093 7093 7094 7094 7195 7195 7093 7093 7195 7195 7194 7194 7094 7094 7095 7095 7196 7196 7094 7094 7196 7196 7195 7195 7095 7095 7096 7096 7197 7197 7095 7095 7197 7197 7196 7196 7096 7096 7097 7097 7198 7198 7096 7096 7198 7198 7197 7197 7097 7097 7098 7098 7199 7199 7097 7097 7199 7199 7198 7198 7098 7098 7099 7099 7200 7200 7098 7098 7200 7200 7199 7199 7099 7099 7100 7100 7201 7201 7099 7099 7201 7201 7200 7200 7100 7100 7101 7101 7202 7202 7100 7100 7202 7202 7201 7201 7101 7101 7102 7102 7203 7203 7101 7101 7203 7203 7202 7202 7102 7102 7103 7103 7204 7204 7102 7102 7204 7204 7203 7203 7103 7103 7104 7104 7205 7205 7103 7103 7205 7205 7204 7204 7104 7104 7105 7105 7206 7206 7104 7104 7206 7206 7205 7205 7105 7105 7106 7106 7207 7207 7105 7105 7207 7207 7206 7206 7106 7106 7107 7107 7208 7208 7106 7106 7208 7208 7207 7207 7107 7107 7108 7108 7209 7209 7107 7107 7209 7209 7208 7208 7108 7108 7109 7109 7210 7210 7108 7108 7210 7210 7209 7209 7109 7109 7110 7110 7211 7211 7109 7109 7211 7211 7210 7210 7110 7110 7111 7111 7212 7212 7110 7110 7212 7212 7211 7211 7111 7111 7112 7112 7213 7213 7111 7111 7213 7213 7212 7212 7112 7112 7113 7113 7214 7214 7112 7112 7214 7214 7213 7213 7113 7113 7114 7114 7215 7215 7113 7113 7215 7215 7214 7214 7114 7114 7115 7115 7216 7216 7114 7114 7216 7216 7215 7215 7115 7115 7116 7116 7217 7217 7115 7115 7217 7217 7216 7216 7116 7116 7117 7117 7218 7218 7116 7116 7218 7218 7217 7217 7117 7117 7118 7118 7219 7219 7117 7117 7219 7219 7218 7218 7118 7118 7119 7119 7220 7220 7118 7118 7220 7220 7219 7219 7119 7119 7120 7120 7221 7221 7119 7119 7221 7221 7220 7220 7120 7120 7121 7121 7222 7222 7120 7120 7222 7222 7221 7221 7121 7121 7122 7122 7223 7223 7121 7121 7223 7223 7222 7222 7122 7122 7123 7123 7224 7224 7122 7122 7224 7224 7223 7223 7123 7123 7124 7124 7225 7225 7123 7123 7225 7225 7224 7224 7124 7124 7125 7125 7226 7226 7124 7124 7226 7226 7225 7225 7125 7125 7126 7126 7227 7227 7125 7125 7227 7227 7226 7226 7126 7126 7127 7127 7228 7228 7126 7126 7228 7228 7227 7227 7127 7127 7128 7128 7229 7229 7127 7127 7229 7229 7228 7228 7128 7128 7129 7129 7230 7230 7128 7128 7230 7230 7229 7229 7129 7129 7130 7130 7231 7231 7129 7129 7231 7231 7230 7230 7130 7130 7131 7131 7232 7232 7130 7130 7232 7232 7231 7231 7131 7131 7132 7132 7233 7233 7131 7131 7233 7233 7232 7232 7132 7132 7133 7133 7234 7234 7132 7132 7234 7234 7233 7233 7133 7133 7134 7134 7235 7235 7133 7133 7235 7235 7234 7234 7134 7134 7135 7135 7236 7236 7134 7134 7236 7236 7235 7235 7135 7135 7136 7136 7237 7237 7135 7135 7237 7237 7236 7236 7136 7136 7137 7137 7238 7238 7136 7136 7238 7238 7237 7237 7137 7137 7138 7138 7239 7239 7137 7137 7239 7239 7238 7238 7138 7138 7139 7139 7240 7240 7138 7138 7240 7240 7239 7239 7139 7139 7140 7140 7241 7241 7139 7139 7241 7241 7240 7240 7140 7140 7141 7141 7242 7242 7140 7140 7242 7242 7241 7241 7141 7141 7142 7142 7243 7243 7141 7141 7243 7243 7242 7242 7142 7142 7143 7143 7244 7244 7142 7142 7244 7244 7243 7243 7143 7143 7144 7144 7245 7245 7143 7143 7245 7245 7244 7244 7144 7144 7145 7145 7246 7246 7144 7144 7246 7246 7245 7245 7145 7145 7146 7146 7247 7247 7145 7145 7247 7247 7246 7246 7146 7146 7147 7147 7248 7248 7146 7146 7248 7248 7247 7247 7147 7147 7148 7148 7249 7249 7147 7147 7249 7249 7248 7248 7148 7148 7149 7149 7250 7250 7148 7148 7250 7250 7249 7249 7149 7149 7150 7150 7251 7251 7149 7149 7251 7251 7250 7250 7150 7150 7151 7151 7252 7252 7150 7150 7252 7252 7251 7251 7151 7151 7152 7152 7253 7253 7151 7151 7253 7253 7252 7252 7152 7152 7153 7153 7254 7254 7152 7152 7254 7254 7253 7253 7153 7153 7154 7154 7255 7255 7153 7153 7255 7255 7254 7254 7154 7154 7155 7155 7256 7256 7154 7154 7256 7256 7255 7255 7155 7155 7156 7156 7257 7257 7155 7155 7257 7257 7256 7256 7156 7156 7157 7157 7258 7258 7156 7156 7258 7258 7257 7257 7157 7157 7158 7158 7259 7259 7157 7157 7259 7259 7258 7258 7158 7158 7159 7159 7260 7260 7158 7158 7260 7260 7259 7259 7159 7159 7160 7160 7261 7261 7159 7159 7261 7261 7260 7260 7160 7160 7161 7161 7262 7262 7160 7160 7262 7262 7261 7261 7161 7161 7162 7162 7263 7263 7161 7161 7263 7263 7262 7262 7162 7162 7163 7163 7264 7264 7162 7162 7264 7264 7263 7263 7163 7163 7164 7164 7265 7265 7163 7163 7265 7265 7264 7264 7164 7164 7165 7165 7266 7266 7164 7164 7266 7266 7265 7265 7165 7165 7166 7166 7267 7267 7165 7165 7267 7267 7266 7266 7166 7166 7167 7167 7268 7268 7166 7166 7268 7268 7267 7267 7167 7167 7168 7168 7269 7269 7167 7167 7269 7269 7268 7268 7168 7168 7169 7169 7270 7270 7168 7168 7270 7270 7269 7269 7169 7169 7170 7170 7271 7271 7169 7169 7271 7271 7270 7270</p>
        </triangles>
      </mesh>
    </geometry>
  </library_geometries>

  <library_visual_scenes>
    <visual_scene id="Scene" name="Scene">
      <node id="seabed_node" name="seabed">
        <instance_geometry url="#seabed_mesh">
          <bind_material>
            <technique_common>
              <instance_material symbol="seabed_material" target="#seabed_material"/>
            </technique_common>
          </bind_material>
        </instance_geometry>
      </node>
    </visual_scene>
  </library_visual_scenes>

  <scene>
    <instance_visual_scene url="#Scene"/>
  </scene>
</COLLADA>
